hr,fr,jr,flr,jaw_angle,temple_ratio,chin_ratio,label
0.9773037156713487,0.8467828999230594,0.8816162765519622,0.9631165488533182,103.8321015731871,1.0147304776715982,0.7961934935613024,Heart
0.916551582446333,0.847523630133662,0.8757784282945904,0.9058333039138882,111.45281996040433,1.0118325065838645,0.7847586190331173,Heart
1.035457967225394,0.8432904394620944,0.8440536953587362,1.0105084731752196,104.82262372548234,1.0246900394330967,0.7450533299737128,Heart
1.1610219944378553,0.8288050163806684,0.8850572815739636,1.150677221290752,104.0123943412036,1.0089901607120537,0.7811601467404985,Heart
0.903081856511777,0.8524018984861674,0.9101488164857805,0.9011845649659869,113.25098311832332,1.002105330716424,0.8107503725334868,Heart
0.9645719509462016,0.8244954705224914,0.8661877577317499,0.9543771485106065,109.8879020142062,1.010682152701901,0.7755738517731879,Heart
0.9326301022470735,0.8544005841686785,0.8612758837177851,0.9260374634182567,111.58844084067438,1.0071191923537106,0.7751801144004576,Heart
0.9423293578815828,0.8601358786627128,0.8867550390324991,0.9356498604395315,110.63419709400742,1.0071388857354326,0.7979271954272951,Heart
0.9541120559392597,0.8787655473410508,0.8661529013419288,0.9415037596282385,103.80436750027224,1.0133916579536546,0.7753655060802289,Heart
0.8240584642422567,0.845816077720707,0.8613224957459127,0.8115905119924222,118.33557399475417,1.0153623681716364,0.7737057640957762,Heart
0.8794692016505916,0.8623490992079789,0.8829914725170577,0.8704867915500972,110.44958960137346,1.0103188356074873,0.7963275302422396,Heart
0.9265405855175224,0.8759895979926076,0.8841769025023926,0.9130853753907902,110.2180381743338,1.0147359825152973,0.7837690743093024,Heart
1.2006035456766562,0.8415524566533363,0.8734207888460755,1.1816713884010306,99.42033675191018,1.0160215077232626,0.7700453581795812,Heart
0.8171699516932017,0.8471848122097252,0.9084098666925324,0.8125471941539538,122.75455345267925,1.0056892172817866,0.8004896252890995,Heart
0.9604312505335182,0.8699477834434918,0.8934433486214092,0.9512293420357908,116.16729989242475,1.0096737012737997,0.8088455316893354,Heart
0.9466560155146826,0.8541849134433734,0.8624037851087387,0.926290427468732,103.67866610491285,1.0219861799733843,0.7730957683534864,Heart
0.8870619362720754,0.824880638677617,0.8684649781875421,0.8827038098705321,115.29107708623302,1.0049372466197724,0.780232606541456,Heart
0.8595841413975618,0.8056214910839048,0.8831831362623102,0.8516288742352885,105.91339779134854,1.0093412370140886,0.7905442027683599,Heart
0.9802706223105659,0.8366828162840028,0.8682788104155952,0.9604934028202036,101.87244069344138,1.0205906874865485,0.7826704828705698,Heart
0.7616053856753123,0.8139119815558824,0.8889904943011339,0.7540088997038494,115.51964762204321,1.010074796165465,0.7969738312248418,Heart
0.8492670616200638,0.8756562182537311,0.8572918862415833,0.8299871587144662,102.12060135909219,1.0232291580696977,0.7634208666789623,Heart
1.028621236463894,0.8705371738897864,0.8599615692788836,1.0079537114795194,105.53341584113849,1.0205044385957347,0.7675550989940941,Heart
1.0179164096707423,0.8530692650790969,0.8953224695750754,1.0070023467793676,111.07327692562315,1.010838170264727,0.8072041348506612,Heart
0.8214059661320474,0.840748903915816,0.8993070184168664,0.8135662169957409,112.74107504080895,1.0096362766453804,0.8132660771230108,Heart
0.9127597882266156,0.8105509137255827,0.8886824751347054,0.9040570818627309,111.88770614678519,1.0096262797321975,0.7970664836156552,Heart
1.0425386490165203,0.837717072388049,0.8659269123878542,1.0289799927326844,98.15267678345029,1.0131767929207525,0.7794613941440814,Heart
0.9485226759235518,0.8105588993419451,0.8918080556849906,0.944174311031275,112.1665749009542,1.0046054683351078,0.800326985232234,Heart
0.9955909033113804,0.8450930605314714,0.8757602199842226,0.9818186918223509,105.70234921519713,1.0140272451560959,0.7910690217161277,Heart
0.9747409467156769,0.8108146771534457,0.8657654997395126,0.9613484083198168,104.91132776924269,1.0139309934670477,0.7761869775249851,Heart
0.7714405920616664,0.8305734774015668,0.845434957691675,0.7568343609791813,114.84955334527076,1.019299111979519,0.7500404945766199,Heart
0.9296332375026273,0.820404500814033,0.8959385499419356,0.922257024551885,111.32213469322006,1.0079980013752958,0.8076420972826758,Heart
1.272284319591348,0.8148017684523747,0.8766339190329092,1.2635274774815726,89.5687512371203,1.0069304722420676,0.7818673346183728,Heart
0.9353337571863953,0.8123721005671812,0.8929027355053234,0.9263005356237969,108.4957159476186,1.0097519338650875,0.8069005695587578,Heart
0.953327477304607,0.8306821037865839,0.889919099494758,0.953327477304607,113.83182385366726,0.9995913434513947,0.7984682038060639,Heart
1.0411760997638575,0.8253336270104487,0.8997207175348255,1.0369386151014948,112.2555937382469,1.0040865337645355,0.8105246522248437,Heart
0.9425743391011889,0.8906364767493785,0.8415406225577523,0.9168937246259686,97.95108192159016,1.0280082781520796,0.7495759584589026,Heart
1.0778318683814643,0.8487622868328771,0.855695282711311,1.0544952961067011,102.38301479876193,1.0221305608103934,0.757527278079594,Heart
0.9805955975592193,0.8370528913561769,0.8859352451151903,0.9776150040975862,113.17484902465095,1.0030488417722112,0.7944362734356651,Heart
0.8893250823547276,0.836736113274213,0.8963182523235056,0.8851328352465462,118.20523063392979,1.004736291482186,0.8069553447646479,Heart
1.0470021868356698,0.864230989880777,0.9121928392449109,1.0315662587975523,100.1313936562232,1.01496358368304,0.8286354607688133,Heart
1.2057404118255566,0.8489085296207061,0.8862468590676074,1.1905891536250266,102.39060161092252,1.0127258493447537,0.7989328278302797,Heart
0.8527109836486435,0.8451429957756693,0.9169834495854171,0.8512264421976539,119.97840672073694,1.0017440029789921,0.8232754230650549,Heart
0.7776835517029771,0.8173986371424135,0.8778804738187876,0.7696118819467376,128.75607370258587,1.0104879744525541,0.7883679865174853,Heart
0.8754884194478146,0.815958888405046,0.8849070234157635,0.8677257666755361,121.90106449324091,1.0089459747196619,0.7946015538246357,Heart
0.9183396598963162,0.859126662778046,0.8620538083014261,0.8961446236315002,113.38349738854248,1.0247672481422405,0.7637300676034601,Heart
0.8739970810242623,0.8420055960880939,0.8891020304467536,0.8628842751196015,116.63891921153945,1.0128786747250904,0.8030459931496439,Heart
0.8941670271883808,0.8351941292584804,0.8871523456899941,0.8847622735464912,110.26479047366905,1.01062969559517,0.7929388754154214,Heart
0.9874189337710835,0.8303730595806794,0.8790225373694505,0.9758488494420705,112.07051266050273,1.0118564307737086,0.7852948370576699,Heart
0.9930228774707004,0.8207436705876897,0.8974161638431389,0.9914474092021431,114.95232986760496,1.0015890588385572,0.8033069021110157,Heart
0.8725675066202404,0.8336426404816428,0.882773823251871,0.8633943834292698,118.76766733885121,1.010624487913086,0.791627790243954,Heart
1.045648428279048,0.8447041800215201,0.8713167118615748,1.0286172069186403,107.37321975053212,1.0165573949627256,0.7708000677680579,Heart
0.937642298451299,0.8238734122000977,0.8808330151791876,0.9256920101174013,117.59820687422483,1.0129095727340047,0.7982936112277887,Heart
0.8654721668105119,0.8829071686672324,0.8718554210739261,0.8470163983441381,117.68683861404605,1.0217891513109472,0.7682830228062204,Heart
0.9237898052097304,0.8444269107998844,0.8834428068639844,0.9135250100960531,115.83294277711553,1.0112364686245403,0.7991236525340931,Heart
0.8361028515850333,0.8383325019933957,0.9115196257363471,0.8315763063198632,120.72527313054132,1.005443331214188,0.8170273321545207,Heart
0.9562049838995428,0.8275718916238985,0.8928787788355019,0.9438195056208212,112.48528189310899,1.0131227191268681,0.8019928328974504,Heart
0.8801833034174653,0.8467767935193831,0.8673458548417644,0.8699897699057275,115.22597263877182,1.0117168429610872,0.7746879132778068,Heart
0.8053150867005207,0.8411670207645087,0.8880880325720063,0.8021559346221111,116.38043297260825,1.0039383266295945,0.7994887476487745,Heart
0.8176874284147136,0.8576915275860996,0.9026713834784755,0.8146918757467754,123.66401571084236,1.0036769148645217,0.8149448754056766,Heart
0.7894860285100382,0.8478045280765908,0.9006848610744249,0.7894860285100382,119.7728497899775,0.9975129872555485,0.8124944496895474,Heart
0.7587006096719426,0.8450268307971543,0.8630470087467859,0.7462064238214632,125.2320705458117,1.0167436053237044,0.7787866212987379,Heart
0.9875856721065133,0.860763157219988,0.891517335090641,0.9662140885234372,95.27547070909861,1.0221188904580516,0.8009044899856077,Heart
0.7415572324430353,0.8876952418066375,0.8297137449175989,0.7240389906924418,116.09920655964599,1.0241951634867617,0.730971474187557,Heart
0.9578792908350638,0.8416522987590068,0.8734560589164249,0.9494986022989754,105.6233308635536,1.0088264358849994,0.7695958689951113,Heart
0.7343041128027618,0.8497558501969351,0.8876937816937458,0.7288242954769985,123.3457079100998,1.0075187083632784,0.794393431792055,Heart
1.0010834601674585,0.8582697429493091,0.8697915272786777,0.9819723326342669,110.46554256347288,1.0194619816649249,0.775007624334866,Heart
0.8694809099331862,0.894571737923311,0.8554106375344388,0.850341273897929,115.85330312922561,1.022508181859175,0.7715630884997223,Heart
0.8134142267832122,0.8570182845708149,0.8638360945676945,0.8016540572008892,123.99771197450221,1.0146698809501264,0.7748003048232006,Heart
0.8475027863395468,0.8557951420582796,0.8805195673049567,0.8329552741905615,107.0760021667027,1.0174649379141298,0.7827412491206351,Heart
0.972485882271014,0.8636154706906172,0.8626135190403633,0.9616081781076108,100.27047715628136,1.011311992151325,0.7629914710062206,Heart
0.8938535161254472,0.871024699907354,0.8667573086890059,0.8790001160379589,110.41610397078446,1.0168980638528686,0.7760573978402041,Heart
0.8403424449619643,0.8783646502777619,0.8558484147434856,0.8211936072347437,112.3671818245054,1.0233182985821112,0.7707320918066554,Heart
0.78824569370515,0.8686969493520552,0.8664722255849777,0.7791706124627069,117.85728235956205,1.0116471041095347,0.7804680422712039,Heart
1.1802439061207437,0.8695938153688918,0.8595877744990361,1.1649536694078555,88.43464813128834,1.013125188678671,0.7571514476793852,Heart
0.8321385237092004,0.8717316347150453,0.8731012253686946,0.8133252343817688,113.0933133122029,1.0231313237707815,0.7854284392400537,Heart
1.0271050249445863,0.8568472928368417,0.9027023101404034,1.0185231570875162,108.21622681574692,1.00842579552301,0.8102741819560996,Heart
0.9595929562556343,0.869236860694582,0.8742789003353427,0.9416317709855008,112.46051689942253,1.0190745319174348,0.7746701379672221,Heart
1.1176824545848436,0.8715538112955903,0.8585510472211677,1.0992728617030225,99.69592811968177,1.0167470639212366,0.774490336064028,Heart
1.066443263688922,0.8598346365589373,0.8932848566274053,1.0595549053671505,107.94651721830948,1.0065011810967783,0.7939712908730601,Heart
0.8582951791360945,0.8798375222475072,0.8698340114877355,0.8473513669673212,117.05606910394104,1.012915317771825,0.7802126339225174,Heart
0.902520890400029,0.8776368923794315,0.8543439789542069,0.8858491355635165,107.02337750575643,1.018820083654433,0.7577623831582239,Heart
0.9505037183206964,0.8808469667287382,0.8432154306763749,0.926268032943115,103.25301800288177,1.0261648729262254,0.7555502753562405,Heart
0.8028361826156726,0.8903748099041089,0.8504851196168061,0.7833130670247461,109.75394756682486,1.0249237711111867,0.7628917938438697,Heart
0.8105420354740132,0.8461423661561885,0.8652793593234235,0.7990236494580503,117.08187463870662,1.0144155758390574,0.7743148059871603,Heart
0.7950509378619035,0.857917981072389,0.8972469050472301,0.7950509378619035,114.59112468275279,0.9997701604129283,0.8069037037681932,Heart
0.9945125836829081,0.8353777827323414,0.8759683921119787,0.9808420779793006,110.36671423093766,1.0139375196176035,0.773499255539833,Heart
0.9034566197776988,0.8504209144960146,0.8886702826110441,0.8950669258739495,115.64085529140115,1.0093732587600168,0.800834432840836,Heart
1.0368164775251336,0.8474906771001137,0.8527434722146944,1.0091019083092139,100.81590498308296,1.0274645890446847,0.7656563452376185,Heart
0.8099051966607653,0.8455226382600641,0.9013533889147699,0.7996302757584625,120.76797166568004,1.0128495896338554,0.8221171534111084,Heart
0.829590527620886,0.8211937322173011,0.8834626749189612,0.8183282568150372,118.83480396322648,1.0137625344255885,0.7931639428689177,Heart
0.8173120518302042,0.8582386843512937,0.8869900315329357,0.8116812855998589,116.71438242039461,1.0069371640448552,0.8025222216324314,Heart
0.8969989393452774,0.8837515368500326,0.8633475063083927,0.8807553035701763,111.43913235340447,1.0184428475301335,0.7781315989973465,Heart
1.1313745041024816,0.84828505744273,0.8894500730805,1.117318014467476,99.17114319551013,1.0125805629668516,0.801990156225653,Heart
1.0075935681673487,0.8400141395368227,0.8963908803432287,0.9987091940915154,104.81775298451817,1.0088958569004816,0.8034613401537262,Heart
1.0456804529349764,0.8432845969000056,0.8652797929895023,1.0303068387761947,107.04251605553029,1.01492139388014,0.7697273938431194,Heart
0.8550308473732157,0.8256546443227099,0.8809255944211827,0.8491581818033078,109.83110989060427,1.0069158676154264,0.7835005099131507,Heart
0.7845453472333614,0.8494555958315188,0.8598843143685939,0.7721305296116792,112.5544292445201,1.0160786514009827,0.7668035773747911,Heart
0.9505329757639494,0.8494776194508823,0.8946675597390628,0.9434913290529199,119.2820331883842,1.0074633931380141,0.8083016302966373,Heart
0.8979757786861083,0.8746111558364373,0.8637398125815099,0.8806373867665249,110.08372048012546,1.019688457678643,0.7787952655295199,Heart
0.9955596418869773,0.8452321542228701,0.8678596510905335,0.9822380812503366,114.74689663136917,1.0135624558759553,0.778880948889722,Heart
0.9092556323312299,0.839382802888182,0.876970793046766,0.897251230431791,114.67674602547739,1.013379086583879,0.7963878435430092,Heart
0.8749304898355301,0.8562093974335071,0.8612847005335482,0.8559162688827447,112.81675254216782,1.0222150479480958,0.7694520364306991,Heart
0.8991463611447158,0.8611245950774857,0.8690703359958061,0.8906910597791838,104.61308890848373,1.0094929675926332,0.774197316330194,Heart
0.7699604543336216,0.8195217162093802,0.8844227624618229,0.7661404353813036,124.00055340143432,1.0049860557880836,0.8017670028655242,Heart
0.8419860478022276,0.8555205314648971,0.8854795724232999,0.832187568634863,121.49702995449337,1.0117743637812786,0.7936970172507442,Heart
0.9633455250386257,0.8528170619700959,0.8734181485790306,0.9556583325169439,106.53387113034555,1.008043871182953,0.7823684867165167,Heart
0.9292741480003093,0.8488067457792502,0.8825987045111191,0.9158773520146751,109.05471672322794,1.0146272816509383,0.7912894194254483,Heart
0.8945236245206314,0.8524562165936183,0.8507454944703433,0.8758724844320233,108.8288231464948,1.0212943555370424,0.7603754617752986,Heart
0.9223926670588938,0.8298602304774871,0.8799842142235083,0.914470118428239,113.43987136618077,1.0086635401977615,0.7939966293214058,Heart
0.8918679117055011,0.8579841509995191,0.8795797207604517,0.8767509898868682,114.98824087397216,1.017241978615369,0.7846504104333735,Heart
0.7957657156535667,0.85187825629388,0.892568772728614,0.7797259318623962,111.51341639391816,1.0205710534121382,0.8020235797329286,Heart
1.056880729094649,0.870630235773469,0.8668688734599325,1.0386331188407418,104.91584876148912,1.0175688700108794,0.7769032137793358,Heart
0.8296194467034028,0.8612942031749986,0.8633236935526218,0.8176752912881953,114.25002125950786,1.0146074554807571,0.7780536193743124,Heart
0.8395047810706057,0.8514656430088388,0.8554500890707464,0.8245549257925637,112.36253263691329,1.0181308179848323,0.7599461222685528,Heart
0.8162840049142234,0.8849697383520512,0.8766993818111616,0.8070391790534883,112.78273336531065,1.011455237986807,0.7904738478635808,Heart
1.0099922747286936,0.8826959028122136,0.8796835242162792,0.9945970735078263,110.55614976149843,1.0154788322135015,0.7932207766668301,Heart
1.5104895095049595,0.8762036913178061,0.8407990754697717,1.4877784150908546,76.15869264359094,1.0152651054644573,0.7520815929397767,Heart
0.8925597075578893,0.8320624035185826,0.8815416897169955,0.8872036527511115,111.75626178739326,1.0060370071630897,0.7820434108353194,Heart
1.0329736906074296,0.8565674698965179,0.9089490568018462,1.020942903341774,98.6066074882779,1.011783996172828,0.8165933602414664,Heart
0.7842702064595655,0.841652683555818,0.8913422628494334,0.7821228370863418,115.30221807480713,1.0027455653656954,0.8024947066620517,Heart
0.854220822269262,0.8545905802386988,0.8779891298570747,0.8464499498883455,112.32527545086047,1.0091805456210867,0.7865957136411418,Heart
0.8870332520186621,0.8494403099266122,0.8821316426582602,0.8746806295638604,120.62511661069549,1.0141224374214861,0.7886397454338808,Heart
0.9930400897234296,0.8657616570604718,0.8801902662023717,0.9806254595976451,108.70164646996811,1.0126599100648257,0.7894458100742254,Heart
0.9613225274729404,0.8406410266368184,0.8730386125741152,0.9455705708171523,110.1990278454214,1.0166586790472714,0.7841814399160543,Heart
0.9109537466795805,0.8696385491497551,0.8582374235797494,0.8920929660424387,109.59051475586283,1.0211421694319744,0.7695885474854104,Heart
1.1985148239924055,0.842614813624294,0.8735856312761306,1.1929704369369152,99.346838646448,1.0046475477378352,0.779765798543444,Heart
1.156229539469207,0.8510550355584081,0.8752395168963898,1.1415425246196738,100.96959755804944,1.012865937564986,0.7811172200286356,Heart
0.9224767600165151,0.8149247233673755,0.8953481474051392,0.9206149047787993,109.4801023852968,1.0020224039694026,0.7962846918652252,Heart
1.0247091106711659,0.8002908681076012,0.9176154674515682,1.0169266360194338,108.54891270551819,1.0076529361864246,0.8210189639885276,Heart
0.9773741258888632,0.8548104858595241,0.8570419284926053,0.957365917204352,109.49880060373064,1.020899228105945,0.7727033684920064,Heart
1.066167814232583,0.8393085743701129,0.8802699972178701,1.0482279250319497,108.89728843658129,1.0171144927283695,0.7923679941366506,Heart
1.0378199967737343,0.857436258261309,0.8828160987775661,1.0319198974510033,111.27799796151302,1.005717594299039,0.7783643605960678,Heart
0.7475084257640916,0.864456420263654,0.8588906898821876,0.7358785485754363,120.0985771761577,1.015804071488657,0.7661077331509446,Heart
0.8211326174598574,0.8648649140695136,0.8516677248397877,0.8079736427192947,117.74437313987954,1.016286391095971,0.7620534066351785,Heart
1.0422373542475876,0.8512891922491246,0.9061307502506808,1.0354437015075193,109.76513825255745,1.006561102965016,0.8216880972067081,Heart
0.8743278002939687,0.8603926935564871,0.8440034318410706,0.8627472573313157,114.58104722340316,1.0134228684753799,0.7526806533830741,Heart
0.8398029090087765,0.841395410635143,0.8826875735215882,0.8284140011791145,117.09658706052006,1.0137478456586342,0.7878306107944311,Heart
0.7771417991286141,0.8524274935085775,0.8714842203952177,0.7609206731848037,119.0761363994366,1.021317762173444,0.7822787352391278,Heart
0.9504995508456178,0.8638868905450882,0.8928619193822562,0.9398970765385939,114.02383236834616,1.0112804631184409,0.7871858869618129,Heart
1.0089772667341288,0.8352337009921563,0.8935637867003557,1.0057023617891134,114.02868314855613,1.003256336138248,0.8015666754138419,Heart
0.9969898767213846,0.8426790701231568,0.8588080813888141,0.981984224763919,99.95951561577006,1.0152809501202253,0.7744632858967301,Heart
1.273573614309748,0.836956086938166,0.8694197168105444,1.2553028110811435,94.00534313206744,1.0145548970872362,0.7757249307716606,Heart
0.805803945829301,0.8513684417576011,0.8863600385317363,0.7977633778718783,118.42704251739747,1.0100788882774638,0.7986392424760826,Heart
0.9950212087943604,0.873030061676006,0.8688541544966035,0.9819670812036119,100.33693014080228,1.0132938545910806,0.7744473627597975,Heart
0.9264354933279928,0.8634150025345307,0.86662112454416,0.9078620141533178,117.41982160529206,1.020458482550343,0.7848098498838303,Heart
0.8397503775232027,0.8274923426351486,0.8704797655038734,0.8268291510371734,119.77460611432971,1.0156274442789313,0.7840977703588514,Heart
0.9105671443073657,0.8216391614414069,0.9215451321560538,0.9065912527222588,115.48122596661636,1.0043855393190353,0.8331014316435906,Heart
0.7844846898422204,0.8849139564468615,0.8509859763033085,0.7682274778109777,117.57096717550006,1.0211619767592366,0.7517283933269768,Heart
1.4857494765618868,0.8549966777237031,0.8740499251380772,1.4587497567026104,82.66849775207811,1.0185088084746674,0.7813777336465176,Heart
0.9421858029012794,0.8650022955676426,0.8581526750054584,0.9205120200132009,107.23312842113083,1.0235453556464889,0.7624505108661579,Heart
0.7651895505775511,0.868293774684697,0.8897704262410966,0.757652899641775,117.36596445239798,1.0099473663195107,0.8072538702905436,Heart
0.8830800671891961,0.8244190326318085,0.8782463133135789,0.8722792765900579,111.28541678222469,1.0123822620679022,0.7758723615935155,Heart
0.9140519734091637,0.8920509523910629,0.8742489147542228,0.9012741391058983,122.53520879879765,1.014177522408378,0.7942068706903296,Heart
0.7999804308376071,0.8636905221778979,0.8745584541520824,0.7864864418833319,117.86293475049668,1.0171573065162602,0.7866484533677763,Heart
0.9425093641837738,0.8486403604790298,0.8655738028913846,0.9356282975184158,104.21300370644612,1.0073544875498195,0.7687969591592524,Heart
1.0110443343132602,0.8303117740218592,0.8757699894883192,0.9979897275895797,99.99885777109868,1.0130809029018875,0.7805742119889553,Heart
1.4128154599046832,0.8398142354979391,0.8932176478944173,1.4073932505884021,91.77998231054856,1.0038526611620553,0.7977563222556506,Heart
1.213511957701307,0.8574533350837146,0.851643434394331,1.1940997068076435,93.81022095139406,1.0162568090277493,0.7561479936853787,Heart
1.0344465514574746,0.8346753459586878,0.8906051650405681,1.0247309312681563,113.43297356731671,1.00948114270084,0.7953092788149704,Heart
0.8603230393638415,0.823669405528287,0.8612229704353284,0.8503656734279336,121.91750795750157,1.0117095106811738,0.7695703368237141,Heart
1.2037696520253878,0.8374999391765754,0.8898768728174774,1.2018374367335773,93.83127161852055,1.0016077176769114,0.7974028748682562,Heart
0.8832773515369465,0.8707202181444953,0.8776189079444391,0.8695284501639585,115.5094612456382,1.015811905142834,0.7919774684727655,Heart
0.8272679291953469,0.851199163425921,0.8716927286661084,0.8187320331997898,120.29896195685016,1.0104257506112186,0.7769135434038343,Heart
0.9850784505694969,0.8483510607945022,0.8904032198187581,0.9793203971590642,102.16204217372824,1.0058796420733567,0.7984049611086189,Heart
0.8382570313575097,0.8473484965852977,0.8699425922172629,0.8286497113540184,117.27875309105349,1.0115939459965453,0.7821258898010859,Heart
1.1652641422167858,0.8400223588183064,0.8596832298869896,1.1514014502759706,98.59651915139658,1.012039842348203,0.7655683182013874,Heart
1.0648296803185573,0.8676784191303001,0.8634684529174184,1.044293092150777,104.98003021886561,1.0196655405672408,0.7765390618465661,Heart
0.9462699257628009,0.873241305613568,0.8568004820404943,0.9289261209641626,106.65143133601818,1.0186708118193906,0.7676991069337123,Heart
1.5340777639617622,0.8714979399333482,0.8578398811772335,1.509601794043955,74.39274184088988,1.0162135273118882,0.7602298549791815,Heart
1.1272503919115613,0.8720612129140771,0.8582848389203201,1.1020849709347114,87.27113325792374,1.0228343745178798,0.7645991904885528,Heart
0.8610031611663925,0.8790252664014069,0.8355214256980589,0.844027473496798,107.30885431166465,1.0201127193161905,0.7391134240356634,Heart
0.9732200487296235,0.8721467046691799,0.8478898779922763,0.9516782857914975,104.84050396501965,1.0226355515931627,0.7552159823366618,Heart
0.7898295353166891,0.8466943122589596,0.8618086567892311,0.7765760433339355,121.59243038906854,1.0170665733208235,0.7765156393708761,Heart
1.0021140008939513,0.8246128219507483,0.8709662899739982,0.9948903796353757,103.66620692644551,1.0072607207853623,0.7816636366264988,Heart
0.8274500807963154,0.8596205058374061,0.8635555903925924,0.8138695829880872,120.31300533095653,1.0166863316827348,0.7659913937845265,Heart
0.8483769764457261,0.8451498162128926,0.8647696022904577,0.8343527425789462,115.10798985853734,1.016808518928615,0.7716865934574292,Heart
0.8133429899716528,0.8222527448336733,0.8745568182414474,0.8036943139803314,114.72328810779234,1.012005405318268,0.7820702580057045,Heart
1.0472597847315592,0.8387058059018636,0.8601650390290863,1.0320327855907148,107.3794818332338,1.0147543753972201,0.7677783572230659,Heart
0.75659878701258,0.8455791956886889,0.8800603262492667,0.7544700681105465,117.8815664347615,1.0028214756184621,0.7862194823513504,Heart
0.9856375433312738,0.8575065973061607,0.9061670749394584,0.983526137710364,115.99001438584627,1.002146771234596,0.8241721594157674,Heart
1.1970600086167078,0.8476387597861442,0.8739953979135586,1.1936828744365018,97.82215538207578,1.0028291720125415,0.7821507815975052,Heart
0.8754310099900601,0.8115514174427341,0.887350326690884,0.8681150962390529,126.23383743480882,1.0084273546015983,0.7966019442418056,Heart
0.9835832121855099,0.8646868539998206,0.8782390110953422,0.9689010985366905,107.29285836634837,1.015153366706874,0.7875981827895898,Heart
0.8245828059354934,0.851935401287273,0.8879485586834286,0.8195298941792459,113.78429122481359,1.0061656222575113,0.7990302235818757,Heart
0.9141531225288939,0.8309462575948987,0.8768522624649252,0.8921048956541107,107.69713055824899,1.0247148367666081,0.7858209591053272,Heart
0.800163061283021,0.8498471549787792,0.8931044594584027,0.8001092123878147,116.52243613739402,1.000067301931252,0.809858829665977,Heart
0.8940765188843688,0.8465003253951072,0.9152186121950815,0.8911065164446047,111.72503312103156,1.003332937628617,0.8208286839506284,Heart
1.0857143922917962,0.8545558494974776,0.853315467829996,1.0630672167078186,95.17168935876205,1.0213036158278996,0.7677676198715861,Heart
0.9430006306061555,0.843769437584015,0.84815509610961,0.9315289683154676,103.47591531390266,1.0123148744492967,0.7530815209203159,Heart
0.8670338295298524,0.84156743940842,0.888120839503454,0.8546443637974837,114.05467869055214,1.014496633052511,0.78992210220809,Heart
0.9261666042391618,0.8635436522287054,0.8762794808061773,0.9171477464386072,111.16007523075199,1.0098335931539666,0.7705518739221714,Heart
0.8981068630855317,0.8529119750170694,0.8993711547557984,0.891004777296217,119.73097195368523,1.007970872850835,0.8034198534564487,Heart
0.8526381080347782,0.8380056111073156,0.8819126363485204,0.8452224139685908,121.03290173418372,1.0087736599782873,0.7798124793018444,Heart
1.0297424795607106,0.8413882915981094,0.9158755275401028,1.0293004479574486,108.44049360863406,1.0004294485678493,0.8122517395066547,Heart
0.8961965899419182,0.8495312523282098,0.8858112608712688,0.8891358218603111,113.63060912169003,1.0079411580413373,0.7830615913617299,Heart
0.808427857773208,0.8372393698794495,0.8533161997643772,0.793389824713463,121.64492090990449,1.0189541541765752,0.7567266850215776,Heart
0.910416792242454,0.8349773783791897,0.8859645223646982,0.9023682656998343,113.68915703679268,1.00891933687005,0.7900935788464155,Heart
0.8547930008361594,0.8375374374176136,0.8611152722054473,0.8425897927175705,118.45813019140796,1.0144829764424637,0.7611108783988632,Heart
0.9217351919302278,0.8392713955474913,0.9026544991737941,0.9217351919302278,113.12670237328156,0.9968690141202974,0.8035241437506647,Heart
0.9292910864493142,0.8633093865180108,0.8811253398497133,0.9192931870399744,113.67911888253794,1.0108756374465604,0.7905186647573905,Heart
1.020023147387821,0.8613803098666294,0.8884184624651693,1.000926627258143,103.8249637656638,1.0190788411554097,0.7968481656592986,Heart
0.9083122155542983,0.8166800999849059,0.8914664444531395,0.9002559757030042,114.64952362814272,1.0089488324084748,0.7899845248062891,Heart
0.890421966514353,0.8731024389683584,0.8955785694007532,0.8885028004201281,119.07666661843054,1.0021600000510043,0.8199180204891174,Heart
0.8963174759382719,0.8659537682598225,0.8512264871191001,0.8805512788479823,116.36603694705803,1.0179049164642817,0.7581458389635538,Heart
0.9234302015946747,0.8570079534161158,0.8884960299856175,0.9119172851056452,120.72965538480682,1.0126249569747938,0.7973756310740351,Heart
1.087293217690088,0.8596530490006958,0.8573060495847059,1.068870279450649,99.9365187412411,1.0172358971838076,0.7577772246944894,Heart
0.9181629344309914,0.8684061212916117,0.8891840889362994,0.9087957825623897,113.36907627386131,1.0103072131807112,0.7833682853780203,Heart
1.3311909084682212,0.8768237239049614,0.8528772009336402,1.30488660535232,91.78508847538153,1.0201583057163799,0.7610648446958672,Heart
0.9976502189301684,0.8608928953968151,0.8756788064585472,0.9806554973473733,110.03507089046334,1.0173299610604998,0.7725291014374637,Heart
0.9479049763229357,0.8683780397611126,0.8662289447982022,0.9337545651686007,110.98468246260799,1.0151543153652802,0.7700647639066946,Heart
0.8963872793512243,0.846586861636834,0.8643758709012455,0.8799998879346137,115.05753001301963,1.0186220380721551,0.7751700163636639,Heart
0.9899731754005389,0.8321734876516186,0.8543512736080582,0.9708261454829813,102.61052971275423,1.0197224085966823,0.7636465197704425,Heart
0.8891007728023071,0.8621784660667511,0.8587584866956586,0.8783605524171144,110.9993948333837,1.0122275759716637,0.7644269298520088,Heart
0.8110268051627723,0.8532549631255566,0.8771584992028759,0.8006982495916194,118.13876192624359,1.01289943568182,0.7842933952476502,Heart
0.8561059162785098,0.8526450259053007,0.8850368778694383,0.8461522059917306,113.68694040637358,1.0117634985955193,0.7996512064740147,Heart
1.0212037637046671,0.8599015616767237,0.85885795742956,1.000614167508222,102.44071568572976,1.020576958497118,0.7720197248251893,Heart
1.2138362175382549,0.8425990185190697,0.9073013378590927,1.2056596879867574,97.1322423374374,1.006781788951699,0.8174851799623818,Heart
0.7767157879422077,0.8480118483147028,0.8709107367720161,0.7641591886874243,113.55617808633569,1.0164319155493655,0.7812756981438163,Heart
0.8119675473463686,0.8475539967953852,0.888752878884337,0.8029105468005682,117.57545824138539,1.0112802112039636,0.793244474880018,Heart
0.9201313222773445,0.8330549582849572,0.8950627439006381,0.9111381146651766,112.53569734533684,1.0098703011842203,0.807842567763984,Heart
0.8267036229181746,0.8688163136086349,0.8430099148410634,0.8060768365577569,111.3813676376588,1.0255891069249696,0.756817848636763,Heart
1.0052567327352928,0.8380503378481844,0.9088846584595353,1.0052567327352928,108.78925455858753,0.9999600204918243,0.8204286150747269,Heart
0.7768615452608726,0.8413918717575567,0.8640294443950497,0.7638211674593074,117.25104720789841,1.0170725535729013,0.7811622427921673,Heart
0.8404391461378783,0.8132513212713578,0.8918547876158582,0.8331939892618584,121.74317208381595,1.0086956422746622,0.7958962312942034,Heart
0.8897944241493246,0.8157375836292695,0.8745881386593878,0.88164177693572,107.71152959042263,1.0092471198925492,0.7841060470685653,Heart
0.7956108837127582,0.8444560701900489,0.877001434450958,0.7831298680830143,116.62615911083722,1.0159373510555734,0.7814327883168969,Heart
0.8929065846006735,0.8199095485180037,0.9001657970228889,0.8929065846006735,116.69716440726046,0.9981069704826367,0.807251716665411,Heart
1.0867479958582058,0.845782005914533,0.87646316874289,1.0706822453390175,102.65818558120596,1.0150051526390085,0.7750748385119676,Heart
0.9634944610166395,0.8444438353496306,0.8555341636038297,0.9469378770236911,109.8166316855128,1.0174843402029572,0.7665380313100648,Heart
1.2137125336896373,0.8462587595220987,0.8642383685668025,1.1966454297314708,97.23640706315733,1.0142624569769145,0.7756476683685505,Heart
1.213371004799073,0.8239827523186352,0.8807071378751021,1.201758719044985,99.18556279356828,1.0096627430864957,0.7942270111110326,Heart
1.072353894389717,0.8193226400987355,0.9150767121477206,1.0705417634618926,105.53281182906201,1.0016927232450645,0.8213353499310023,Heart
0.9690218757424187,0.8369097677149571,0.8656970928949475,0.9530452849448102,107.74024800582008,1.0167637268133944,0.7717284749893547,Heart
1.151400722174189,0.8487525111758077,0.8458049458113452,1.1252265044374306,93.55062263945918,1.0232612879571696,0.7514827409610635,Heart
1.1817388034371485,0.826752055609761,0.911934771273666,1.1785065514420123,95.07198708939828,1.00274266782071,0.8193528360286733,Heart
0.7971954157343881,0.8185172680526208,0.886051012994045,0.7906356643606034,116.62313645032341,1.0082968068220015,0.7871288213633851,Heart
0.8628153420121712,0.8344842203726548,0.8584784094120662,0.852504827214131,113.71755981539363,1.01209437702744,0.7611413037989878,Heart
0.9973476242364142,0.8145689513567488,0.9046835278328861,0.9879740365882285,105.171236624195,1.0094876862154754,0.8089731690259758,Heart
0.9249457747138926,0.8617366850080885,0.8830356581972422,0.9124988043977313,110.71907446417437,1.0136405332874672,0.7989757345255035,Heart
1.021904768232436,0.826732479933678,0.8930635881349424,1.0200944797130136,107.18430589873304,1.001774628287305,0.8062367411777774,Heart
1.202139032475982,0.8160958396602493,0.8796729897048989,1.1963929039440404,101.29555176394511,1.004802877476955,0.7858571830077148,Heart
0.8912016385457248,0.842194158754344,0.9001574751508187,0.8840657692909071,117.33213437641793,1.0080716497603355,0.8163918443435068,Heart
0.9874359650256656,0.8512690447343978,0.896719189572603,0.9855388942528613,111.69061781367233,1.0019249070573135,0.8016200907084566,Heart
1.1887101458369789,0.8504093553456428,0.8841737564265927,1.1824850741324664,98.88652042243693,1.0052643976999707,0.7983838490761187,Heart
1.0154723784840556,0.8581876887211158,0.906225915967986,1.0154723784840556,109.03531477531874,0.9934238142555837,0.8231013692766768,Heart
0.9716132337753013,0.8432087967826888,0.8805615896273536,0.9599033918625592,112.03710480879315,1.0121989796181683,0.7833880045344703,Heart
0.883086937493792,0.8529464886120712,0.8908831127792256,0.873301682629055,112.98159382905389,1.0112048963827467,0.797279197757645,Heart
1.31695552628571,0.8662804494937839,0.875003654255055,1.2901378525261686,86.36806216126362,1.0207866730729824,0.7803192749940049,Heart
0.7539751327694302,0.8284621872456726,0.8785122551329503,0.7462802967860748,120.62541403867108,1.0103109193911375,0.7896934690601399,Heart
1.0827586771021265,0.8545829590143476,0.8728154764958883,1.0653944992781923,98.02551833009703,1.0162983550559896,0.7817475615977184,Heart
0.8195725169702899,0.8398243860456268,0.8827801077967815,0.8035001823705008,116.07323852173444,1.0200029009979463,0.7929164184612576,Heart
0.9586496123905303,0.8491492487261141,0.883867729433665,0.945565758205108,106.97870199641194,1.0138370642886416,0.7962427523082095,Heart
0.8882172759209812,0.8660585839748842,0.8762520298622953,0.8767961298808463,102.66406110882579,1.0130259996034505,0.7864652365510629,Heart
0.9639009439479944,0.8575725859667012,0.9096513344391839,0.9627168069411791,120.50156828247628,1.001229995153588,0.8280670515926664,Heart
0.8384900801289116,0.8553810805893027,0.8596259521689088,0.8309350608969743,111.06152823436504,1.0090921897359606,0.7650321673854737,Heart
0.9026611596312444,0.8736426312608523,0.8729770825800791,0.89076915293813,115.53879117126502,1.0133502677476982,0.7889727154066344,Heart
0.8135107067289721,0.8421739054766144,0.8622801693161267,0.7967558648277769,115.41844113194067,1.021028827826472,0.76065915286394,Heart
1.0794312488828994,0.82656918419142,0.8742482228619475,1.0694342516912483,111.09041057481106,1.009347930623918,0.783271261770325,Heart
0.7906403460486333,0.8374554933622257,0.866625261831905,0.7751241135298411,114.43477054956797,1.0200177394148309,0.7728734740936836,Heart
0.8941835275374269,0.8919064218787054,0.8321202767901643,0.8738257420837058,103.11337168222589,1.0232973057135815,0.7377045230967575,Heart
0.8014926179268583,0.8247462356874923,0.9214133563082615,0.8011970956997079,125.90449464324035,1.000368850846735,0.8332940643693815,Heart
0.9961382986219584,0.8536499953016853,0.9009254400009887,0.9910847008107379,113.64891768477902,1.0050990574338263,0.8188118692323261,Heart
1.032020497630665,0.8322336170761666,0.8809709952195082,1.0259531977722636,115.02904511193147,1.0059138173861888,0.7879540910691648,Heart
0.9752704594054405,0.8130396906744976,0.8729507924791686,0.9579661515829411,107.57908593493961,1.018063590027587,0.7800034674543913,Heart
0.8392375742022918,0.8413150850208808,0.86241985831159,0.8280415558066933,116.51693339045653,1.01352108274891,0.7740160382678245,Heart
0.914010664719021,0.8124993064290241,0.8941981475627707,0.910509604874149,117.02831290569952,1.0038451651977423,0.7978754719668159,Heart
0.8230561118547411,0.8485481762706144,0.8927526285801635,0.8110046820547486,117.35045033222275,1.0148598769731627,0.8038629606649197,Heart
1.0602226228131637,0.8655673765403555,0.8402149458610872,1.0406103114393395,98.90887067244726,1.0188469316114088,0.7461347912666428,Heart
1.135650168784297,0.8331129937959943,0.8892418662530659,1.119712731936418,94.10810086271695,1.0142335050708204,0.7984760021623049,Heart
0.8634552851088197,0.8706204352397384,0.8573067164698147,0.8491480730860852,107.61050662177955,1.0168489012413788,0.7645636795865461,Heart
0.8382710512561311,0.8228725766435826,0.8783193399319909,0.8285149566141813,118.62901003023673,1.011775399543563,0.7779628251009124,Heart
0.8150078090406045,0.8297735880122623,0.9060732876115227,0.8150078090406045,125.55029393601056,0.9987503998782324,0.8067097988606708,Heart
0.7992818060087558,0.852875734234631,0.8828715684516375,0.7870114064948274,118.5454728364101,1.0155911330034948,0.792131851484861,Heart
0.9896808513917126,0.8380422343334545,0.8799958678430422,0.9745336186911584,108.80370423507885,1.0155430581460059,0.78289158414443,Heart
0.9333598670525631,0.8136223466229273,0.9040849526112935,0.9245108018856485,114.70218262345718,1.0095716190106876,0.808913387517355,Heart
0.9270383045642971,0.8365406952671111,0.8863116468308431,0.9087207040542067,112.57311863935013,1.020157569238125,0.7851074642782796,Heart
1.0514736702092795,0.8214225002234617,0.8594417046926011,1.03714443754914,105.31611540789189,1.0138160434953503,0.7631819347118552,Heart
1.0454412544618388,0.8817180644813063,0.8572433920435454,1.0285171362133145,102.29830979975793,1.016454872410618,0.7637620347073146,Heart
1.0730324564872686,0.8529014445866165,0.8700525876857679,1.0566375634818956,100.48468502211232,1.0155160989652379,0.7854237326011366,Heart
0.939260955356304,0.8279917409119618,0.8916750617264985,0.93135209306955,120.23802138767581,1.0084918070680315,0.7987787072599631,Heart
1.1068822833424707,0.8411416631905339,0.867007242832963,1.0891091284425714,105.09677386366556,1.01631898442107,0.7653186066635643,Heart
0.8698128633051654,0.8637411526292431,0.9122645857826498,0.8698128633051654,112.58793524540148,0.9979863001990213,0.8169913484134401,Heart
0.9625259810003602,0.8190698961443765,0.909723611431384,0.9619719245845111,115.12599524323781,1.0005759590292498,0.8107250402084395,Heart
0.7054016009457799,0.8592674203680231,0.8705917080086076,0.6921918212292087,124.81600674600895,1.0190839869981603,0.7846465876762967,Heart
0.9548688693566117,0.8735038029820914,0.8714833748975769,0.9405310131182915,110.8735601445685,1.015244426859231,0.7796591029517294,Heart
0.8303145261448117,0.8446893713754884,0.8877408616205056,0.8267401726407418,121.97932271288674,1.0043234302896553,0.7852391322848926,Heart
0.9330562927461538,0.8380234357867783,0.8550917361478801,0.9158637022948962,115.28551237204817,1.0187719967591005,0.7700315385292095,Heart
0.9824859014145155,0.8309673599309001,0.9050628781491529,0.972054155284711,112.04468656230608,1.0107316511874271,0.8174981304251123,Heart
1.1243274623728805,0.8721081879822334,0.8536034724502027,1.102361030219869,106.8024799020965,1.019926713255303,0.7607388745667916,Heart
0.8844943853339413,0.8494733777242017,0.900223397020791,0.8840599697158136,115.75099724222166,1.0004913870472694,0.8149870701985348,Heart
0.8673202981527499,0.8683057002596385,0.8253192196567188,0.8482330759454784,110.56123051925506,1.0225023319044664,0.732552620230022,Heart
0.9064113476137596,0.8531121843008003,0.8771167229284185,0.8921532566969177,108.58519007745359,1.015981661009265,0.7882818136252897,Heart
0.8742076476557596,0.8578497331416072,0.8624495163557186,0.868567319152463,109.41465839165117,1.0064938299875252,0.7709569497994471,Heart
1.0164618660560014,0.8542414935173498,0.87687517518355,0.9941206459066987,105.59691773489779,1.0224733489252968,0.7910227504549138,Heart
1.040371635759828,0.861033455941158,0.8863546409737538,1.040371635759828,105.82974698389417,0.9999915630056944,0.7987445911984152,Heart
0.912801819525293,0.8493443384378457,0.83795003895487,0.8932693822928659,108.21807855830772,1.0218662338815316,0.7346758114462083,Heart
0.9264253240360596,0.8622995323254486,0.8647258299631098,0.9082503090747981,109.73776269897442,1.0200110198473542,0.770935263808505,Heart
0.9925094906406043,0.8679937218915929,0.8940295395986035,0.9925094906406043,106.17921808266604,0.9976052314019,0.8038242725760615,Heart
1.1292499715777458,0.8201489481162806,0.8608244573714263,1.1092206757068137,94.09456627099996,1.0180570884672422,0.7692064616918988,Heart
0.9633201502611719,0.8487984961264176,0.8870291769192207,0.949422099973299,112.94425547198493,1.0146384314081838,0.7980764022311616,Heart
0.8433120319641589,0.8525085608691285,0.8809529668828004,0.836807663974935,117.65691226381588,1.0077728351080433,0.7946400265956172,Heart
0.8758463222347813,0.8469460831105201,0.8676825397007892,0.8625199761748813,115.7498759553274,1.0154504781663143,0.781924127869726,Heart
0.9066065177068715,0.8683484843409053,0.8589052030482189,0.8900494340912617,111.59127661867458,1.0186024314846227,0.7750886486931704,Heart
0.8252739089071471,0.8161347758401327,0.8953091374097403,0.8220727378854911,115.32320577569429,1.0038940240615326,0.802143952036521,Heart
0.9771892339538076,0.8317638505802646,0.899866686014043,0.9681380695164028,110.34775646737434,1.0093490429954128,0.8093324526430926,Heart
0.9733596406383757,0.8609545025105941,0.8610219141978773,0.9594084654534539,105.96186542936468,1.014541434318414,0.7628674534344799,Heart
1.034938380002445,0.8665781412244633,0.8825834707624743,1.0191209164308306,115.08064433389025,1.0155206936847205,0.7989710958805422,Heart
0.7586586457227272,0.8592994758500463,0.850932770619629,0.7436786460049902,124.21636784163444,1.020143108583538,0.7583216209647523,Heart
0.9535157541276887,0.8717854098852984,0.8716793830353294,0.9352791301811335,112.57534018470335,1.0194985896274873,0.7781428496786594,Heart
0.9927393704641023,0.8709692423645208,0.8646582638829885,0.9839048899977824,109.00672462721171,1.0089789984338222,0.772201739657458,Heart
1.1344450465922649,0.8447108718289109,0.8563501371382886,1.1255421720372925,97.25610640655397,1.0079098542694829,0.7526695376232398,Heart
0.8832824357574716,0.8482698164808193,0.8581901926903722,0.8708661995792802,109.37266394731787,1.0142573407765623,0.7723812878999564,Heart
0.8982779942236219,0.8326773608034003,0.8737885682685573,0.8776757699389266,115.60944532444977,1.0234736163288738,0.7824563908110815,Heart
0.8150906237212129,0.8443400823921403,0.898645951901616,0.8150409681639211,115.02764691519565,1.0000609240016531,0.8114101115379039,Heart
0.8420646937973406,0.8667593447223965,0.8814912693032048,0.8316741467098991,115.70472663586683,1.012493531425194,0.7923354959032317,Heart
0.8884078951919941,0.848969578719294,0.888960478477318,0.8833674487560929,112.90187382005993,1.0057059454058432,0.7973274231863664,Heart
0.890948423315642,0.8667377816942552,0.8851961644864054,0.8838973585145004,116.00878337837815,1.0079772438883534,0.801231221183147,Heart
1.0191446434328215,0.850072526151355,0.8487646895485726,1.0060467734429752,102.78115994457693,1.0130191461625802,0.7567015204632209,Heart
1.2943173761325673,0.8399559870178128,0.8715141674779228,1.2746796754625933,97.22638335843241,1.01540598869504,0.7713030942485248,Heart
1.0834754045795905,0.8803927631883358,0.8659376129425967,1.0642924334549053,102.12051726891303,1.0180241543787107,0.7810296007573124,Heart
0.9196383896694125,0.8654377801860573,0.8743212472531257,0.903671971931249,111.42353884179967,1.0176683777234359,0.7760091999154135,Heart
0.9627519416585779,0.8594398729943978,0.8733486909173441,0.9476346551003146,107.76546292666966,1.0159526527200116,0.7829019768610763,Heart
1.1770075145916394,0.8385716339072345,0.8893716642279881,1.1627388950202648,93.19911380674571,1.012271559532827,0.8026364755401012,Heart
1.1887634137476324,0.8483942277897739,0.8632305236023916,1.1702407003485142,96.46946298814561,1.0158281227046724,0.7689678508114363,Heart
0.826609530606369,0.8563207376385972,0.8645163697763264,0.8093856833926505,114.13127622745004,1.0212801481013631,0.7649255284505154,Heart
1.525657999341117,0.8582854267333657,0.8922768881396843,1.5074847728906193,84.54915767904524,1.0120553300287407,0.7953103675605122,Heart
0.8136220525589535,0.829663186057004,0.8758297060651222,0.8024660683285071,119.44019312144466,1.0139021257978966,0.7742887650431705,Heart
0.7915329518450753,0.8399713864989525,0.8592518372652304,0.7820123692557414,122.49351476541709,1.0121744654734746,0.7761848335902611,Heart
0.9142305760960511,0.8646613742025445,0.8907437821445509,0.9130648500850398,108.64162040525821,1.001276717651438,0.806051210093987,Heart
1.0457229671036077,0.8872214415431854,0.8645450442977076,1.0269741070454408,104.30082289031861,1.0182564097084263,0.7799582427578612,Heart
0.9431042585229508,0.811177612946748,0.8947849536187292,0.9352590633076203,113.02883762780036,1.0083882589574542,0.8024581494046015,Heart
0.774632648537828,0.8532451779065895,0.8817887271268819,0.7726075849744349,119.94567428963852,1.0026210764724244,0.7915550103477345,Heart
1.1206525347859981,0.8551599343504935,0.8816356171165168,1.1033092711727477,108.16936997214441,1.015719312858502,0.7950901077927225,Heart
0.9649380642309455,0.8548500933831418,0.862135482155699,0.9529158807251779,109.077306858898,1.0126162064762931,0.7723173840266488,Heart
0.8738204983567143,0.8736393529342992,0.8635435453004947,0.8611903403875175,119.84616148326506,1.0146659308365134,0.7694924429826653,Heart
0.9950751682451724,0.8237037257752761,0.8735606722490642,0.9764528763231306,103.8750367918834,1.0190713677777925,0.7839456019326551,Heart
1.2575774801970288,0.8750575746891749,0.8700353534831208,1.2402912790456542,98.39595795330703,1.0139372109144196,0.7833887504098502,Heart
0.8199031954867131,0.8358697837551192,0.8992358203797883,0.815061633384885,121.07193455099855,1.0059401177819172,0.8105327871850995,Heart
0.8306945026837937,0.85446908156902,0.8549346515525984,0.8186973895031301,117.15962015712329,1.0146539042807317,0.7536615427537636,Heart
0.9410422836480433,0.8594976978444365,0.8904074829019725,0.9394487369267001,115.52720879865684,1.0016962572397046,0.7846033061049353,Heart
1.1674758533264935,0.858139203081539,0.8758888068154225,1.1547245259891663,98.37417753888441,1.0110427440054626,0.7928131679367341,Heart
0.8125245990644017,0.8347505780104958,0.8666728679950234,0.8024637396826994,125.69969430687976,1.0125374629209793,0.7751460225645037,Heart
1.310042990451115,0.8605473564118273,0.8748498278981116,1.3078988463500012,93.9262604837489,1.0016393806807748,0.7822119890877567,Heart
1.2256052131923494,0.8126423117146703,0.8746780359607039,1.2079227369527994,90.9819837648174,1.0146387477432184,0.7746959391359285,Heart
0.9724924612367107,0.8463019307801029,0.8537238240755929,0.9550714727820898,109.60410853270022,1.0182405075966452,0.762847181871839,Heart
0.9336200827908948,0.8694615817100619,0.8549951919449101,0.9165097944768316,108.88546331930924,1.0186689639512585,0.7637249403550738,Heart
0.7648473568651692,0.9022932377048946,0.8187569457715774,0.7413572894183236,98.84715225113864,1.0316852181561151,0.7186381525166976,Heart
0.9650558076252509,0.8617890559739401,0.8471861162812663,0.9426878688961299,108.65541573000796,1.0237278313078468,0.7577124042989881,Heart
0.9018704416524438,0.8591459062952244,0.8975896132074239,0.900220084256787,110.03163343235066,1.0018332821323568,0.8138366545256239,Heart
0.8160189651037509,0.8299333106312415,0.884237179379082,0.8100512624642534,127.69577902466375,1.0073670678832636,0.8012576906049302,Heart
0.8698919767399718,0.8473684234809421,0.8637353748793285,0.8550254643809242,116.00605876220794,1.0173872159115303,0.7692939914816317,Heart
1.6661259623202511,0.8423356260175378,0.8888205863540343,1.659298641458485,74.94609809073025,1.004114582324834,0.796609156643815,Heart
1.0359315057952807,0.8531690713286889,0.8510820302026402,1.010951841728736,106.35633448165196,1.024709054413343,0.7462161462871423,Heart
0.9530583148974546,0.870580148925271,0.8600298057101305,0.9336377889786847,107.7012225457603,1.0208009210295723,0.7773958932456484,Heart
0.9685492704185551,0.8606118055383186,0.8968688286717369,0.957148624034071,118.38682937676323,1.01191105132287,0.8136806018183184,Heart
0.9456368641501535,0.8335854608641036,0.8546488685826243,0.9266622026387448,107.46669950930706,1.0204763520702331,0.7609481490821928,Heart
1.2797444431022327,0.8424401835263835,0.9059613707740463,1.2797444431022327,95.80826357301581,0.999360990139029,0.8087505712788087,Heart
0.9951913443823267,0.8576444023953157,0.871497825139709,0.974544168938269,101.27432375075963,1.0211864952889227,0.7754007972577971,Heart
0.9682714151109921,0.835245948837161,0.8873252701552967,0.9593195765686116,113.05941880516785,1.0093314457048823,0.7909118931558706,Heart
0.884966876139407,0.8881625095178323,0.8380933364551074,0.8630502318851643,105.21073849893081,1.0253944016750567,0.7471067827431924,Heart
0.9668877573892398,0.8660742759890705,0.8588175035593577,0.9483722097770545,109.39626802502355,1.0195235029256478,0.7751368366727264,Heart
0.9849982683940194,0.8445145569007827,0.8947717852865696,0.9754685751925336,110.30044546984223,1.009769349258232,0.8033285447978687,Heart
0.8050954081219877,0.8635439055328475,0.8682135258755496,0.7912387917956678,119.31839103195273,1.0175125593815657,0.7750411790167105,Heart
0.9871572344053656,0.8273363796866393,0.8735079720714425,0.9734076712611224,114.68077515688854,1.0141251846992634,0.7786207582190124,Heart
0.8213767160118375,0.8742784515457214,0.8648646541512353,0.8006226987716422,118.56109304177913,1.0259223442853134,0.7643757059655744,Heart
0.8135539426743729,0.882315956256223,0.8810756425052537,0.8062188047300174,119.5963929207704,1.0090981975380886,0.7885154837854645,Heart
0.9456570132711949,0.8251281715096435,0.9142455879127777,0.9429273066505126,115.22745601687636,1.002894927956195,0.8191863387665165,Heart
0.9663675375890257,0.8468335572373907,0.8457829611158473,0.9461225338806862,106.85761851787363,1.021397866537753,0.7548835538118128,Heart
1.0719766687326175,0.8584699129876775,0.853344215509511,1.053876919617777,99.20148441323299,1.0171744430283234,0.7535183380732813,Heart
0.848033834015654,0.8352515013271098,0.8622524591450902,0.8380940559886022,116.01132339406581,1.0118599791467642,0.771578904970054,Heart
0.8983247004657743,0.8261644281648627,0.88013387827998,0.8791654827790487,111.27680414979179,1.0217925044397367,0.7922824451200923,Heart
1.0712433466936244,0.8774682911884039,0.8486043321076661,1.0453655000592195,94.97026809131751,1.0247548313321406,0.7549360265917852,Heart
0.9224995313288045,0.8428593969570379,0.8973204176213273,0.917677764317363,117.55827186155476,1.0052543138767542,0.8013695188880218,Heart
1.1819467626120757,0.8507558487950986,0.8851536447126199,1.1747508575496914,104.72790070938426,1.0061254733428275,0.7966041190388486,Heart
0.8593177192938743,0.8779866679683839,0.8754515087757998,0.8522562769977661,112.23385860426997,1.0082855855529556,0.7872852384565827,Heart
0.8741605342821124,0.8305203213951412,0.9083355820451179,0.8639841416607171,113.86219002323128,1.0117784483889192,0.8217704517041632,Heart
0.7433344539707986,0.8403516316771801,0.8701165377891894,0.7297590610599832,123.92571692192475,1.0186025684848596,0.7805056882756487,Heart
0.8551519416313168,0.8311739555437228,0.8953882623873307,0.8478040891501354,119.57956067633829,1.0086669226714242,0.802267113320203,Heart
1.0376300357622363,0.83965514359359,0.859261835143422,1.0192305072478216,105.47292670309342,1.0180523722392278,0.7590888023686762,Heart
0.8979662382289528,0.849185490766556,0.8743540498373272,0.8857038784080343,111.8942546644428,1.0138447624763243,0.7875144545836954,Heart
0.8356890565716414,0.8622896958336228,0.8674202617992642,0.819078599313007,119.23367931506041,1.0202794423789932,0.7826565845998975,Heart
0.7989111200188017,0.8516372131171401,0.9040652756870571,0.7989111200188017,121.5616937980101,0.9985271130092843,0.8152008371729629,Heart
1.366218853992058,0.8249903464648651,0.8980487076196052,1.3479905202468194,90.28355919199919,1.0135225978754665,0.8045278230473697,Heart
0.8607767308845966,0.8757108372057427,0.8705328152140431,0.8430079261357447,113.01600412184831,1.0210778620199956,0.7793051356119656,Heart
0.8939736797516347,0.8521214043260884,0.8697252258455287,0.8845731238962651,109.41300769334778,1.0106272230089504,0.7767115305459462,Heart
1.023614489016136,0.8523752952053091,0.9000725860530963,1.0149891923862522,104.1016229800443,1.008497919676963,0.815602988555007,Heart
0.8932103105161082,0.8540235894654307,0.855939859506994,0.877321239769931,111.5808740997521,1.0181108925965863,0.7710357858160263,Heart
1.0271050249445863,0.8568472928368417,0.9027023101404034,1.0185231570875162,108.21622681574692,1.00842579552301,0.8102741819560996,Heart
1.0662589228441302,0.8288086789990062,0.8604779632619332,1.046867109282141,99.7109407380248,1.0185236630227943,0.7678762574049854,Heart
0.7683962575213461,0.8241899724106357,0.9013465717441507,0.7652465641881552,123.06707879011927,1.0041159196010667,0.8009566062974971,Heart
0.7796863212177004,0.8507331319311824,0.8983770836422265,0.7796863212177004,118.56214895107216,0.9991311622308933,0.8115741610851728,Heart
0.9794282061223701,0.8256853001915284,0.8825974339837335,0.9682550873281277,111.75671822393568,1.011539437221109,0.7908925994081419,Heart
0.9707385913029122,0.8551648108459251,0.8998049012570452,0.9685260617079596,102.17431105263417,1.00228442959093,0.7976104878305385,Heart
0.9526941967733983,0.8392640738061883,0.9001063836614965,0.9526941967733983,109.06501215131155,0.9976690107366054,0.8139856861102147,Heart
0.9942073354744032,0.8435563333631645,0.8398413423074029,0.9727708278880537,103.50632108552172,1.0220365444478732,0.7467992196667154,Heart
0.8579166637020672,0.8328801637003612,0.9163274837588792,0.8579166637020672,117.74683859125254,0.996929513912289,0.8274592425153575,Heart
0.8670372445121212,0.8278953738953652,0.8516682394691876,0.854620086895416,109.43959295474168,1.0145294474200963,0.760557993922335,Heart
1.1328124308141876,0.8381919830668091,0.8876919289602977,1.128164682085678,95.66884149499845,1.0041197431565727,0.791807124864215,Heart
0.7875242963570458,0.8421849650382245,0.8804148394849777,0.7835638615674101,122.72796563469207,1.0050543867371746,0.7908303496899981,Heart
0.7551375328561829,0.8385339156660808,0.8966082641662256,0.748275529904425,125.73130099410612,1.0091704227621,0.803044520444067,Heart
0.800317600904861,0.8145884864927817,0.880240632358524,0.7999181363382369,120.82840494398845,1.0004993818098096,0.7854806561320958,Heart
0.8891356337832311,0.8374515216656949,0.8761111579516482,0.8792929657365363,115.21370004599342,1.0111938437247137,0.7890411846677152,Heart
0.955397353363147,0.8476668249081605,0.8790146354992414,0.9432562126594354,112.9123499128896,1.0128715194671027,0.791578896929752,Heart
2.050239275314049,0.8760401827501768,0.8547096458592544,2.0091690310593604,68.00883727574795,1.0204414081741215,0.7709345635530949,Heart
0.765851993659659,0.8657723166160559,0.8447313098550593,0.7519548834189619,116.07581453199117,1.0184813085826507,0.7503616787608898,Heart
0.882078217762397,0.8262445505798361,0.87407487669743,0.8737008782408774,114.00634128215201,1.0095883382175221,0.7857958538359514,Heart
0.8445385249488705,0.8336533517403755,0.9182559047157258,0.843906400432333,115.78136031656146,1.000749045766466,0.8293875432253163,Heart
0.8772160211296405,0.821295405203182,0.9062945627557079,0.8772160211296405,114.68280357115559,0.9998290586534547,0.8122052633127526,Heart
1.3003760778935538,0.859803860766671,0.8573876062214643,1.2824949766196736,94.73996576789055,1.0139424337715615,0.7629213857080668,Heart
0.8161084636725447,0.8377787653610785,0.8893897972918567,0.8068685636459869,118.79922260530805,1.0114515553621344,0.8040071568065551,Heart
1.0001637460305517,0.857031516781717,0.8770356267507375,0.9891119461527713,104.00247224159112,1.0111734570801285,0.7932472529732433,Heart
0.8140411023228381,0.8635075036755125,0.8461960292423073,0.8030951990690481,119.71433912929659,1.0136296459827907,0.752002772406042,Heart
0.9367847736897589,0.8462213151516911,0.8604068189460568,0.9165388694275999,112.47173827055109,1.0220895206275356,0.7619942475810721,Heart
1.0229268134841394,0.8603364567172914,0.8748595961632865,1.0179709122913587,100.69259616200685,1.0048684113985393,0.785278672523138,Heart
0.8502916138031374,0.8521593592057227,0.8701796266274519,0.8389619616693895,116.2099786710403,1.013504369269858,0.7761362338897853,Heart
0.9775149755892313,0.8330147270315978,0.888587040170395,0.9692683323898451,113.35780871594582,1.0085081116588768,0.8049445662663446,Heart
0.9529481828066595,0.8477872710316806,0.879154759927918,0.931427671861453,102.24989178811887,1.0231048653538475,0.784680423492686,Heart
0.9439167516948404,0.8093754350259338,0.8842109665400208,0.9361463923699471,111.94128489955025,1.0083003677504132,0.7862232385142626,Heart
0.8701296744911108,0.8521259387699173,0.8738631229546167,0.8641018027803762,109.30533408571425,1.006975881419688,0.7884787903004634,Heart
0.789512457485673,0.8476483154805706,0.868272425964685,0.774126636417656,115.66378108176617,1.0198750699746184,0.7771714067910793,Heart
1.1939036826338387,0.8407121262010344,0.9019631118146133,1.1904681444431018,102.56484394391477,1.0028858715848665,0.8174952052611992,Heart
0.9928396929113465,0.8368667228946306,0.8821389057161635,0.9785756257807436,118.61292257735464,1.014576356445852,0.7981442513666442,Heart
0.8324345842519092,0.8496519931733785,0.8927035294282465,0.8282187592391892,120.26553403810773,1.0050902312531447,0.8012233654120754,Heart
0.9695334436365117,0.8300773360778739,0.9101453562710157,0.9607665512001351,105.67515875280418,1.0091248934774275,0.8327450844854267,Heart
0.8893756301901061,0.8257606560366959,0.9202951323865881,0.885573658687941,117.73997829321856,1.0042932301168466,0.8275053945754292,Heart
0.8356540022225903,0.8386223266260129,0.8715730390670474,0.8284603494888106,115.99453215051837,1.008683158751313,0.7726696180939842,Heart
0.9060940977491433,0.867319126157878,0.8689110759943153,0.8941126235674893,115.9623528534704,1.0134004082548886,0.7821836589665757,Heart
0.8657841838395955,0.8438847270301804,0.8722898048439182,0.8543022239406055,113.64437575538555,1.013440161546142,0.7877114974235575,Heart
0.8975281009744732,0.8680885157353408,0.8691610283175704,0.8815757680273193,112.56469099217045,1.0180952489005568,0.7790861435077581,Heart
0.8514990393770039,0.8702120735017274,0.8678687100056258,0.8370407447955543,108.73098809822275,1.0172731072786438,0.7842369543237127,Heart
1.4361157837551772,0.8504752583350004,0.8854775009921293,1.4250197252995387,87.02244951804428,1.007786599903595,0.7935736206353059,Heart
0.85783648509255,0.8657919205373795,0.859210775848722,0.8412637914797209,111.67008721973507,1.0196997586020895,0.7643775334577563,Heart
0.823930049783247,0.8021395341501943,0.9129413241938541,0.8237325619817224,123.89868693121868,1.000239747474653,0.8188472951392046,Heart
0.7886299854392467,0.8221533318394462,0.9023112959879478,0.7886299854392467,117.04911050494698,0.9991981716561972,0.8039372858453876,Heart
0.9915312308371617,0.8176396909826678,0.8970498379957355,0.9847337392435042,111.87852221998973,1.0069028726474627,0.8111776810370455,Heart
0.9346705794849052,0.8598335337155177,0.8636428454971239,0.9195267157725535,108.82243569046689,1.0164691938282928,0.7659666133922138,Heart
1.797769999207059,0.8685553043412079,0.8777162281815466,1.7609908023224243,66.97814235099906,1.020885513334953,0.7829824372754144,Heart
1.0161036114463102,0.8703297942215544,0.8639514044885955,1.0041289088237912,110.23904176438278,1.011925463471165,0.7726820835611641,Heart
0.9621861614359537,0.8285476354296942,0.8658148544720526,0.9424646127686345,110.69022719955342,1.0209255057432705,0.7669104405454468,Heart
0.8968939902517596,0.8078633957770719,0.8865415375466857,0.8931929266211961,117.52404245133472,1.0041436329378066,0.7863286190487971,Heart
0.762485812480089,0.8552706102606376,0.8667163230883854,0.7466572448267477,114.22218414559228,1.0211992420391154,0.7777123508019629,Heart
0.7480913155834364,0.8579949199784014,0.8369634002857349,0.7325475033285708,113.73704583920308,1.021218845445841,0.7352716065305,Heart
1.533566040307947,0.8658630160133312,0.8656017325950667,1.5026414529456371,77.0446687569032,1.0205801505753007,0.7708470806264659,Heart
1.0716945620858673,0.8735580626363478,0.8753457314663526,1.057108266704871,107.60320250214225,1.0137982984717957,0.7913226409822598,Heart
0.9079328350520354,0.844607518471398,0.8756395742979772,0.8934620253727136,114.2330685044047,1.0161963343358495,0.7857577627104619,Heart
0.8936637368296234,0.8522537151201617,0.8979899711989252,0.8878472520407547,115.962184474382,1.0065512223814392,0.8103547754430278,Heart
0.8575535021349959,0.8550342217893291,0.8619350617880296,0.8448124442811881,117.44792584643935,1.0150815224610579,0.774506586447878,Heart
1.1425271690547718,0.8209316125498531,0.9038762769349605,1.1411221479400606,107.84166424853255,1.001231262680553,0.8096907710556065,Heart
0.8733485758857951,0.8468983394803331,0.8735256976942711,0.862644690616958,114.50847788423098,1.0124082201922342,0.7727635394756949,Heart
0.7759198098572813,0.8699032407197664,0.8585773878959292,0.7540395851972204,110.36976668446039,1.0290173421788436,0.7667307028036158,Heart
1.0956674923017526,0.8455245301926,0.8747722402234713,1.077617170255236,104.06656684188118,1.0167502175584688,0.7881218380075058,Heart
0.8999179998445705,0.8332759760022711,0.8444361193564789,0.8838391038118849,117.0492922899573,1.018192107549145,0.7497420339862378,Heart
0.8390822767802378,0.824316166850533,0.8913858556168575,0.8354346534454536,117.42292852515659,1.004366138416381,0.7984713189050917,Heart
0.8196019740072,0.8439568328533656,0.8978474470828073,0.8122071487737172,120.15934044733788,1.0091046049577963,0.8116363214546782,Heart
0.9501847962252761,0.8098569009066161,0.9116712057181933,0.9501847962252761,112.24325912396176,0.9979268557715179,0.8143307530525977,Heart
1.1124727892250104,0.8367377319575002,0.8861138717707857,1.091908526300026,101.14178763299162,1.0188333202183768,0.8030060389247449,Heart
0.7522795760502641,0.8265027136230421,0.9022337205503667,0.7498509884355858,121.58141778138959,1.0032387603032236,0.8086715990878043,Heart
0.8956523739842466,0.8218116849985052,0.9029497664479548,0.8889220576485345,113.70870323527693,1.007571323354846,0.8098380992257389,Heart
0.980157216054801,0.8561873100454458,0.8974197105541879,0.9796482427941954,106.40050188850937,1.0005195469540717,0.8123061710115466,Heart
1.1507760546977013,0.8530624953383996,0.8817316207468384,1.1330079773343094,103.72586978159056,1.0156822173531346,0.7939932196930094,Heart
0.7929692896290708,0.8549659159039674,0.8721213315945897,0.7825462393142617,111.29668005471162,1.013319405028312,0.7893777529022681,Heart
1.1407994148932858,0.8554040697161486,0.8866529619755681,1.124176537985447,99.5259135361992,1.0147867139600932,0.8008827826913496,Heart
0.9059860933308661,0.842211681686668,0.9019989056910965,0.9038450683244192,114.79747093148681,1.002368796469085,0.7962203633020054,Heart
0.9006009772498706,0.8630149764790324,0.8627493376146325,0.886806769655653,111.28938113775548,1.0155549191393454,0.7742778685174517,Heart
0.8507697184900942,0.8642368251870853,0.9144141503245865,0.845862616768076,110.24245216679806,1.0058012987271712,0.8391584980847016,Heart
0.8400317673035756,0.8287102889803817,0.8668968972704564,0.8300213724376871,114.7943679732007,1.0120604061513367,0.7589483601969196,Heart
1.0218642497342116,0.8806963372060811,0.8579297072532497,1.0025357125285115,103.49813441515799,1.0192796495567737,0.767488835405014,Heart
1.0837968060637169,0.867322411925448,0.879462352968891,1.0550944353018077,93.3122240357943,1.02720360358426,0.7796621643039534,Heart
1.014966890017084,0.8650621621349834,0.8923322155184603,1.0054353322487342,106.3629408878857,1.009480030652028,0.8024529875303482,Heart
0.8674944663721871,0.8306319286074906,0.9048971969818557,0.864676334511187,117.21392857262182,1.003259175426136,0.8124928355444703,Heart
0.8249083278288835,0.8294972472273004,0.9137814986626269,0.8204803745424337,119.53857888885925,1.0053967814756313,0.8173415641397082,Heart
0.7897913581678647,0.8515211222241496,0.8733268112678539,0.7801420363192798,118.32359376093581,1.012368673138177,0.7895615322317704,Heart
0.7685491224649663,0.866179072663086,0.8875938297909879,0.7572816646561445,121.82253970552152,1.014878820305174,0.7947795492163375,Heart
0.8108262436503142,0.8317447246206348,0.8629857740263218,0.8018840612761514,119.54167478068561,1.0111514654125084,0.7600533441482952,Heart
0.819059543618477,0.8551088715001385,0.8575655239599789,0.8086002190008887,115.1757990705785,1.0129350999069873,0.7593706701816353,Heart
1.190944576924001,0.8481478847652837,0.8881767405534476,1.1781020590182556,91.92220637179031,1.0109010232241231,0.8128254250602115,Heart
0.8662738396610836,0.84030262584471,0.8794917782428783,0.8630322549081709,116.51151040993105,1.0037560412539364,0.7842041212926285,Heart
1.1903906784951483,0.8626941892462583,0.8735215418999457,1.1753027869253927,96.65809822657417,1.0128374506872615,0.7860611966325507,Heart
0.9108562359399612,0.8722885318364337,0.845122369920439,0.8877996757886546,109.41149345148948,1.025970453448099,0.7512398304441106,Heart
0.9159212216545823,0.8553387105848337,0.8661069757643577,0.899678045766278,109.06782180248301,1.0180544317656097,0.7712623584773329,Heart
0.7978203578483536,0.8617795822177312,0.883575407723125,0.7884780263815451,122.55146090229671,1.0118485628695095,0.7884214054826779,Heart
0.83911289437563,0.8733182373862024,0.8839879207977602,0.8341070415468117,113.56987492359744,1.006001451347941,0.7998063778250983,Heart
1.0975023775795334,0.8373465424906363,0.8748171703222478,1.0781987183301398,104.22963543306678,1.0179036191763335,0.7921646047942712,Heart
1.0137384503773859,0.8408605301073007,0.8907763651195078,1.005206681582329,108.49615909855638,1.008487576685848,0.804233985441951,Heart
0.8536729649585614,0.8718861958271218,0.8429870965848528,0.8377798893994929,110.29113642816192,1.0189704667779271,0.7478559231453077,Heart
0.8714822253754854,0.8460877400201127,0.8619249150956043,0.8534988704603322,108.39072189706879,1.0210701566663514,0.7735049226844956,Heart
1.0952087692568835,0.8834224074970536,0.8509567646565029,1.0700149490747992,102.16718443741111,1.0235452973847408,0.767083079193909,Heart
0.8474324387563956,0.8493097338263567,0.9052859964181397,0.8462644401926428,119.697651606414,1.001380181546429,0.8236775412808863,Heart
0.8953975624846408,0.8494541080116513,0.8702983113191459,0.8777113785400013,111.3025572791195,1.0201503414186779,0.7895545108026983,Heart
1.2085559457729202,0.8276990232238334,0.895505479737766,1.1959008461274554,100.90811115920792,1.0105820642960863,0.7986316865340479,Heart
0.8726286276289877,0.8615698691148365,0.8708243608464574,0.855474214663339,112.10929705227971,1.020052519025836,0.7780589844636556,Heart
0.8123762016688455,0.8363472501001153,0.8827078411545592,0.8031377633847682,119.97969197865395,1.011502931010419,0.7874442377275025,Heart
1.2137780876409099,0.8211023873860892,0.8796320193338228,1.1979683722289491,89.91398529014702,1.0131971058489173,0.789456981946674,Heart
0.9327539804533053,0.8364374295636641,0.8993920818062082,0.926182908312296,114.62722305467781,1.007094788817668,0.8097744091642957,Heart
0.8608540195687273,0.8280863546837987,0.8656686232524752,0.8477588499916631,116.3482494578195,1.0154468096407288,0.7770958997042324,Heart
0.7975369958295967,0.8371876189190093,0.8936630649144526,0.7949440924486487,123.96790359241068,1.003261743065429,0.8052525798630915,Heart
1.1139730895400555,0.8582672145594702,0.8795117463896419,1.094660325812542,95.54315989320112,1.0176426999975339,0.7894525582316048,Heart
0.865698004871188,0.8187609415468129,0.8921834729075799,0.8599851056713761,117.1108547954415,1.0066430210966875,0.7965002773555504,Heart
0.9528176592008877,0.8570004808845072,0.8612905823478043,0.9426538549231206,112.2224259509487,1.0107821171309972,0.76950052772345,Heart
1.036091734066551,0.89202483493871,0.8674157718070559,1.0131348991385691,104.0705548471459,1.0226592085096478,0.7745691929451732,Heart
0.8900910779629895,0.8525141373529648,0.8630784761824437,0.8710254248168541,114.33823627779319,1.021888744694386,0.7676865228838365,Heart
0.9598457676950007,0.865974911300153,0.8516542797882442,0.9437658270100359,104.16526138317992,1.0170380620115353,0.7552289561323583,Heart
1.1003395847412702,0.8394803779966672,0.8984808205976519,1.0956162865760928,104.2787532220118,1.0043110879447934,0.7967719126532139,Heart
0.9265162340706681,0.872580840039777,0.8759365311551083,0.9171288045111543,110.31323218015872,1.0102356719288927,0.7877475883459972,Heart
0.9499958068613829,0.8550285270521248,0.8836268296121066,0.9413453100068276,115.541892296435,1.0091895043854762,0.7861782543842348,Heart
1.0670452524649905,0.8274781762292382,0.8574021646685616,1.0445772176746388,107.82811414753004,1.0215092138811606,0.7649322034217974,Heart
0.8879007057231435,0.8370213878326698,0.8697180285162927,0.8707695899503173,115.91042522757013,1.0196735347335726,0.7770123224033691,Heart
0.9641642027483085,0.8896141881121039,0.8279693128340982,0.9441894099734243,106.27937271993224,1.021155493340522,0.7392714818925055,Heart
0.8288508558774972,0.871528184358421,0.8606142912412648,0.8103327793149919,116.31807808010532,1.022852434253196,0.7744771488008302,Heart
1.1220057782091368,0.8570464586573764,0.8638682192510146,1.102891181272956,96.97835844078328,1.017331353501366,0.7727168256811214,Heart
0.8043461077337224,0.840668919489954,0.8881380193294011,0.7970174996364608,115.60034461301841,1.0091950403856933,0.8068827252230344,Heart
1.2023304091025044,0.8297727345693018,0.8829577659775997,1.1915818235059394,102.67715012406875,1.0090204343373919,0.801690341299306,Heart
1.2276716671433476,0.8303532833480004,0.8699319910946187,1.213759862839728,101.83344915583045,1.0114617435701585,0.7748947149996973,Heart
0.9040303123273915,0.8903350530810434,0.8651111829481289,0.882987892687385,99.50730030883014,1.0238309265781251,0.7702209883904637,Heart
0.9548557961492065,0.8449164961575636,0.8848675184742485,0.9419842322842154,109.94146140773249,1.0136643092568323,0.7940349083905096,Heart
0.847424801760217,0.8384921648252269,0.8731440943564205,0.8317575035375442,116.59746894682023,1.0188363773768654,0.7810923198611778,Heart
0.9303651635225036,0.8441427130179769,0.8629944061631154,0.915368714856998,105.90841798859128,1.016382959590058,0.7766962939403824,Heart
1.0749703643934885,0.8491643288447329,0.8681265052389201,1.0578936393663638,101.75494254823587,1.0161421946324896,0.7723791983085766,Heart
1.1062668050798639,0.8487093281610796,0.8933373321847073,1.0920880369100132,99.62664083882953,1.0129831732338799,0.796945464570467,Heart
0.8532753872289437,0.8717871906288331,0.8502170339650116,0.834636475797276,113.50100717296529,1.0223317719416267,0.7645119069398882,Heart
0.7913158733685408,0.8447391448872114,0.8862605974162443,0.7872673998243819,119.14971479355178,1.0051424376838949,0.7977819014469553,Heart
0.8827833854492524,0.8537842211500999,0.8859281198709343,0.8796379315958436,114.52777840510704,1.0035758506317507,0.7935029607064737,Heart
1.8224235163741302,0.8346212317889065,0.8992971347733045,1.8224235163741302,70.5907715093633,0.9972435279194394,0.8038039921649547,Heart
0.8771788597324203,0.8489004997954851,0.8765791637740838,0.871494155512445,117.82621355730792,1.0065229401528604,0.7803696082209916,Heart
0.7922042798338446,0.8305545924653533,0.9080739918669906,0.7871136607771125,120.72548011967294,1.0064674510307776,0.8183527585421299,Heart
1.204451385772574,0.8660459765054644,0.8623117762455627,1.1827388809927235,97.81979702035774,1.01835781771343,0.7754590937948567,Heart
1.1670445730732697,0.8416552388720887,0.9041663958795189,1.1670445730732697,107.66029335088562,0.9992472371545198,0.8163948266997032,Heart
0.8683090409169202,0.8906547328433713,0.8599090471258051,0.8551471527616838,115.41860843882027,1.0153913722483088,0.7691389475379017,Heart
0.9005259369054547,0.8621076527872326,0.8609370910023195,0.8847064529021319,117.81746273872015,1.0178810541637056,0.7748436460522169,Heart
0.8611489510020984,0.8459088936725164,0.8783396324093201,0.8514952863841488,112.28458350508839,1.0113373083472295,0.7937418805786298,Heart
1.0855050298916216,0.8717765682238663,0.8542706525103019,1.0751190458916662,97.1020572904087,1.0096603106787505,0.7635721349557116,Heart
1.1716927978527287,0.8796722489805715,0.830497388491443,1.1431761391161357,89.29572631450303,1.0249451136713201,0.7362726131807825,Heart
0.7884185729464568,0.8649023871699641,0.8827582189368143,0.7884185729464568,119.18284648854322,0.9991613420779767,0.7949810891468434,Heart
1.2020994707232604,0.8411293013831596,0.9032768170691133,1.2020994707232604,102.80412359279713,0.9958627685864434,0.812310063855682,Heart
0.8797866602720458,0.8217570607931495,0.9096069040119105,0.876007970046554,116.28663386388176,1.0043135340712608,0.8211867939774443,Heart
0.8844194665304106,0.8309951340360439,0.886614819197194,0.8781197369192533,119.94280371348378,1.0071741123064366,0.799298621106608,Heart
0.877343460903449,0.8671345680209644,0.8467126673376337,0.8589921528472184,108.03406668799718,1.0213637668230184,0.748632302796013,Heart
0.9605123266190391,0.8439623126209622,0.9099627703195089,0.9605123266190391,114.94248705503755,0.9983218175190679,0.8189283928604313,Heart
0.9377495846424593,0.8759202209751665,0.866793322423398,0.9205480170513449,111.15401863835426,1.0186862252402797,0.7755322250036844,Heart
0.8767882798178294,0.8355133338372898,0.8938142130356791,0.8719222006426239,117.58221470264684,1.0055808639482045,0.809601997549568,Heart
0.9225226503224637,0.8397437131616071,0.8670892219745293,0.9086312875967135,105.41745074169127,1.015288228476583,0.7754389451738471,Heart
0.8403761152481651,0.8370567477296061,0.894612707373834,0.8310553824410636,121.05240069769701,1.0112155375009109,0.8067165400783114,Heart
0.7664444203871404,0.8084074745484828,0.9203538059703985,0.7600880698401875,122.93260296027218,1.0083626500653922,0.8336489534901492,Heart
0.957380776209487,0.8485738231746869,0.8678151387201617,0.9419109608448203,110.88892963128048,1.0164238617106562,0.7738608191520552,Heart
0.8584069423479157,0.8436958982009523,0.8879143076779603,0.8508548416441735,121.55893361097097,1.0088758979018662,0.7987361462704365,Heart
0.8729003254752387,0.8754854563702062,0.8483517214630104,0.8550424179440892,105.57961828773665,1.0208854053978842,0.7575420875896616,Heart
0.9938069293511831,0.8560492919201497,0.8872252710493852,0.9837165388064896,110.70630159337144,1.0102574167929879,0.7975244070630183,Heart
1.0436516660680262,0.858089841013281,0.9155354177419177,1.0436516660680262,105.58844519926686,0.997244929769035,0.8363085826877427,Heart
0.8751164156839296,0.8576835297928511,0.8583960560060583,0.8580013504722654,112.42272364785596,1.019947597054764,0.772453759369582,Heart
0.8537532100728223,0.8682593177325353,0.8915979064629751,0.8460786493549919,114.45110122131403,1.0090707415010192,0.805594772885822,Heart
1.05604167452289,0.8857058865197945,0.8569699664379966,1.030480774905126,94.39113239898627,1.024804829202289,0.7693816721562239,Heart
1.0412064337672207,0.8835503798293041,0.8684290908602403,1.0299749557922624,103.35391026538161,1.010904612691596,0.782221088133639,Heart
1.3082565381039497,0.8686625136755605,0.8752080385666372,1.2913888813098762,98.93168844915672,1.0130616400978802,0.7907161384008881,Heart
1.1447538862054463,0.8378092798700149,0.8713652107121472,1.131358752481775,104.42610316307422,1.0118398639638289,0.7699388772129037,Heart
1.1864184415603,0.8451438307721899,0.8862909835071326,1.177614831560969,97.12946194934172,1.007475797487759,0.7965478412266579,Heart
0.8912748887720775,0.8387585738533123,0.8667998630319591,0.8778204182554381,116.14524440435531,1.015327133245976,0.7763293892425256,Heart
0.9874720963359884,0.8336122775959454,0.8662757753018079,0.9727431301340983,104.48190649115865,1.0151416810313116,0.7719806598447185,Heart
1.1729079127583297,0.8501137767368604,0.8640595175077636,1.1485648063911116,88.50787287101134,1.0211943690349579,0.7716521757209105,Heart
0.8274202129225854,0.8491333568067078,0.882253705085344,0.8155400071264809,108.91378049345106,1.0145672875546154,0.7812012901070043,Heart
0.9883699165090323,0.8545502520476428,0.87471939821619,0.9718607228314777,107.92223452725311,1.0169872012416097,0.7861742657667513,Heart
1.0388137643784137,0.8374040251556363,0.888489444042277,1.032649563148708,106.33292025257329,1.0059693059966153,0.7908987704519099,Heart
1.174402661325498,0.864734800453986,0.8731658745967003,1.1531673832304494,102.18747682131982,1.0184147404824795,0.7809961448848568,Heart
0.8399561753673744,0.8177854878215546,0.8887022883331034,0.8352612127508519,115.169099095226,1.0056209513201986,0.8040400917077049,Heart
0.8438447316989361,0.8250728283206403,0.9115313693566499,0.8430756722556781,115.32405877306475,1.0009122068973955,0.8185525598444696,Heart
1.2308061473499445,0.8606841688979808,0.9012019681286441,1.2254141607918065,95.04453046627148,1.00440013403685,0.8205701991458496,Heart
1.1729995401903632,0.8713344382096676,0.8379336700276093,1.1501945444133408,96.52204952324809,1.0198270769825761,0.7451034099098867,Heart
1.1388272356032938,0.8563594678562123,0.8981034366057631,1.1249836577666357,102.849174915719,1.0123055812776347,0.8047952659176808,Heart
0.8177234765747451,0.8540315926183164,0.8873527076128279,0.8084386059486566,115.92675867060694,1.0114849421561125,0.7963904639812283,Heart
1.246460529312522,0.8401264861892457,0.8619297793042442,1.2221411820359063,85.95217952372926,1.0198989671848742,0.7695995144447355,Heart
0.9418200723376763,0.8791845810607729,0.8601350370335445,0.9251054471176409,109.72321387462281,1.0180678054292225,0.7722955108839376,Heart
0.8205285196474206,0.8357233227860589,0.8814768245673239,0.8106383530786742,116.44042076359995,1.012200467114818,0.7935296435482431,Heart
1.110213745568352,0.8497239992281269,0.8791508528810256,1.0891203125660496,100.22738894980108,1.0193674039120662,0.7929595293630416,Heart
0.9352283089399459,0.8573716298170204,0.9243777176821717,0.9352283089399459,117.55954421565762,0.999441900396484,0.8308223534208531,Heart
0.8186581746130558,0.87941419292398,0.8623304188819929,0.8031350201696691,112.98900765185904,1.019328200182464,0.7705523464255063,Heart
0.8789405125646611,0.8309222280886343,0.8468658591115242,0.8618676519048624,119.05574657536832,1.0198091442718207,0.7534798962073271,Heart
0.9242893588632656,0.8462266335759744,0.8650368567318111,0.9054409753433866,108.9089614484932,1.020816799806007,0.7716680966259469,Heart
0.8453725401046491,0.8834197688089163,0.8538650766552228,0.8204688943328097,104.89369728536786,1.030352943230213,0.7561448084423678,Heart
1.5187635755679834,0.8411155220608235,0.8990707643166485,1.499362162798793,89.21468145336362,1.0129397774937676,0.8148783439101481,Heart
0.8096710055681478,0.8489912874465941,0.8716826933758139,0.7917539164607575,102.36898801382463,1.0226296185404196,0.7664648210508881,Heart
0.9274398835744748,0.8313201960843305,0.8645758259218314,0.9123322514502418,106.07932208779015,1.0165593533498547,0.7729855220744696,Heart
0.8660933320121098,0.8858635458706707,0.8458382865446167,0.8495866963334093,113.54783239750829,1.019429018545063,0.7564375690759485,Heart
0.7928989558693486,0.8621350056150721,0.8640769123722586,0.7788587081042596,122.59094183256218,1.0180266942116665,0.7731211373750188,Heart
0.9184496724500675,0.8215478698478579,0.8957969969002274,0.9139584642541136,113.56532762619686,1.0049140178373632,0.8044127276008862,Heart
0.9068494853533583,0.7965680597251728,0.8944534893573993,0.9068494853533583,119.55627259344497,0.9985416579590041,0.7995177072562675,Heart
1.1587183901472957,0.8353564270627045,0.8826835635121003,1.1382584148356094,99.71997551961651,1.01797480699024,0.787106633044083,Heart
0.846549437020847,0.837625308347158,0.8831635697148205,0.8301492092243531,109.01814992646418,1.0197557591024118,0.7962073973328646,Heart
0.9623571755247983,0.8526970871405622,0.9106608905387727,0.9588946204505568,114.51429411954233,1.0036109860253617,0.8210771442087819,Heart
0.8846268764664544,0.8542560488521542,0.8808278060978586,0.8774071983821273,113.7756007773132,1.0082284235844425,0.7849658131101837,Heart
0.9363809148828875,0.8744221944199784,0.9159706529368993,0.9348923747702295,112.52156278550613,1.0015922047850951,0.829883361810027,Heart
0.9550855527405956,0.835558035786589,0.8788271292623457,0.9421990688803842,115.80483441902464,1.0136770288634698,0.7902423134435002,Heart
1.0189072440816496,0.8413545049544534,0.9005652633749398,1.0051374894538634,107.65632311477542,1.0136993742371188,0.8116728935555483,Heart
0.8330103206982101,0.8699943980910069,0.8889431981201468,0.8273624309457194,108.57333608625919,1.0068263792761716,0.802631415569295,Heart
0.812770275580316,0.8368532802117534,0.8952016181463963,0.8085270132985749,119.75129295454286,1.0052481391616463,0.8041722232915928,Heart
0.8659950770135532,0.8272566169722179,0.9123709385380153,0.8659950770135532,121.50906309718626,0.9984747113625236,0.8208410220756548,Heart
0.9006040464823444,0.835522562040565,0.896218237168123,0.892133609601643,110.55063268208387,1.0094945833107707,0.8073047945294117,Heart
0.9277297959641689,0.8589788645849109,0.8612434149846507,0.9033162564218286,100.23405289991138,1.027026569453146,0.7690427792628757,Heart
0.8924906716673123,0.8681561636874506,0.8778905903842885,0.8815923018001282,117.16300596872567,1.0123621427330192,0.7895183773108251,Heart
0.9131469881260776,0.8545330705753755,0.8872976307914183,0.9080052714519683,111.00540670308168,1.0056626506869142,0.8041318835511213,Heart
0.8778191808639053,0.8303249133003833,0.88858211087617,0.8638965244418054,116.17523254241955,1.0161161157941871,0.7988371171775293,Heart
0.8800333030963082,0.8831396869594919,0.8639718495979772,0.867287369710818,115.10649316576824,1.0146963207705193,0.7770678111144876,Heart
0.7820418881387927,0.8566843026043195,0.8616819638156474,0.7704801612008769,118.37253292706475,1.015005872337966,0.7725697897032818,Heart
0.939591756431901,0.8709633701649219,0.8876782875976467,0.9283399166599569,109.65912307211642,1.0121203877696294,0.7956934454949806,Heart
0.8771040862917961,0.8573644661217016,0.8597242887392559,0.8591695492341095,115.0346974712505,1.0208742698966393,0.7646395641616482,Heart
0.7688260136155936,0.8467119024441581,0.8582975943357969,0.7655488571838391,117.14787591980156,1.0042807933171107,0.7611751512627645,Heart
0.9519907801550659,0.8428615165616961,0.8719223292113031,0.9364978824150488,113.16205451534371,1.0165434412943508,0.7927781848490952,Heart
0.8704458334197577,0.8375304112240738,0.8661547510081188,0.8565999104098734,112.78907366607754,1.0161638156175608,0.7785146866712427,Heart
0.7921147230465245,0.8267852975307599,0.8657450232641752,0.78029472171248,120.6434104930247,1.0151481241704463,0.7684096217440011,Heart
1.1394569742233611,0.8696709074965128,0.8736629000629431,1.1235658576597147,100.94179025517799,1.0141434669408218,0.7824175144389554,Heart
1.104575091113199,0.8555024866272126,0.8621966546882394,1.0811697736269439,88.64576061880508,1.021648142648068,0.7701677760000752,Heart
0.966787968412826,0.8605936594099575,0.9034762200194909,0.966787968412826,115.17216547483035,0.9997233749799214,0.8224113960174029,Heart
1.811429859849593,0.850328770539956,0.8767031979699562,1.7857508832580087,69.39108440022126,1.014379932179977,0.7714357398660139,Heart
1.0050469417469328,0.8361265647971614,0.8888105997509257,0.9990977347742032,107.43484925169085,1.0059545795828213,0.7909072525325425,Heart
0.7797281618219712,0.8616235621027133,0.8584825523802169,0.7686537932670767,111.86226262986372,1.0144074857262126,0.7591646382325962,Heart
0.8077447373572897,0.8372668872217739,0.8989061255467589,0.8007623893205925,123.87482033779058,1.0087196253593045,0.816846181631154,Heart
1.0195241892295204,0.8283066390441219,0.8774892644346591,0.9970557866649009,104.67612645707219,1.022534749675116,0.7916031466217027,Heart
0.8485954329422859,0.834814797054347,0.8779749934862682,0.8329838878371825,116.48084466445356,1.0187417131748349,0.7864847134838098,Heart
0.7116936752936289,0.8318311503555377,0.8920509808079251,0.7099057937734377,126.57465206449609,1.0025184771498876,0.8046470413632789,Heart
0.8796339189982068,0.8335541444302286,0.8892385858848595,0.8771970250728311,117.21339257524882,1.0027780462720712,0.7968187598030788,Heart
0.9345996419643136,0.8724765240027872,0.8884219668601837,0.9207039169047894,110.77373864340215,1.0150925012964414,0.7868889196556299,Heart
1.1226353902638082,0.8500533617297464,0.855264614484251,1.1084875680010688,100.25893321753098,1.012763176305398,0.7622713515915301,Heart
1.0181955658280286,0.8538869818081886,0.8820599419034578,1.0181955658280286,104.20213216886185,0.997135039731326,0.7875887845624376,Heart
1.3731443936924077,0.8471028800317288,0.8960439432588501,1.3731443936924077,86.48702180802819,0.9999025568036126,0.7994005719021432,Heart
0.8683545536098467,0.8455942276018952,0.8627345105376409,0.8478566964879438,114.03170360532427,1.0241760868396872,0.7805262464504952,Heart
0.8954445421931848,0.8717024140490104,0.8566862210266211,0.8820375559986405,119.4691740981874,1.0152000173953646,0.7717065119956171,Heart
0.9635629720274561,0.8514884376487775,0.8807908842162538,0.9635629720274561,109.15332508195985,0.9984364328798585,0.7881072848738533,Heart
0.959996032310423,0.8375177795070521,0.888762589278566,0.9497416425137377,115.53348849146887,1.0107970308320318,0.7971979842472026,Heart
0.9410393969531115,0.8486782708946538,0.8421312487475968,0.9260077526467785,109.37112242871228,1.0162327413170877,0.7451332134426294,Heart
0.8321337484621532,0.8722715514559473,0.8839574465275805,0.8199767422714714,113.53781998961112,1.014826037817859,0.7982371254829436,Heart
0.9937151281202865,0.8145149636849605,0.8754791512947506,0.9782974473292069,112.76848281356862,1.0157597066548325,0.7884533838720665,Heart
1.0382549588603829,0.8212289614198434,0.8653263007148597,1.0242066891531105,109.15539719339264,1.0137162448322696,0.7653057227496749,Heart
0.871483139010656,0.8322485779752392,0.8957777762832532,0.8622315546313386,119.72343641812262,1.0107298142008652,0.8075036976688699,Heart
0.8346581860775265,0.8404493294103138,0.8637668182669286,0.8197235207423611,115.65901913511682,1.0182191494537576,0.7720235369247077,Heart
0.8014697185808769,0.8594060589708425,0.8811015523365944,0.7906622308576062,120.37837791607656,1.0136689060150856,0.7850353131947071,Heart
0.8927102442059233,0.871511847686371,0.8420738670590427,0.8739117560873334,104.46334395575572,1.021510739485591,0.7539725026532482,Heart
0.8669198143156683,0.8454822686809549,0.863510333195098,0.8537760273796207,112.43345621396142,1.0153948887232032,0.7774254338553884,Heart
1.0439794952232448,0.8422257786679037,0.8629931135714095,1.0327667747931615,103.29187470021046,1.010856972458597,0.7681390728578641,Heart
1.0153224467272897,0.8401503314458701,0.8633386240962383,0.9991414105533862,98.80976914422449,1.016194940979317,0.7730570227558793,Heart
0.9643018328409967,0.8200301786200596,0.8982778004079616,0.962529874096427,115.69874839362602,1.0018409389591498,0.8152617344424584,Heart
0.9094265311687559,0.8422626989037969,0.8962139991844374,0.9061074489506862,118.02180027959601,1.0036630117343295,0.8141258827062962,Heart
1.005233464533149,0.8401968596832307,0.8593522355364004,0.9854260893613525,107.7819799235426,1.0201003153718344,0.7697392069747897,Heart
0.8141224823738835,0.8349560376796353,0.8864868498088414,0.8141224823738835,117.09018544281699,0.9991900405807463,0.7812964061103176,Heart
0.9414596874456478,0.8661897650584773,0.880286981597286,0.926021540585273,118.19517088095378,1.016671477048598,0.7888385537739826,Heart
0.9192181075513665,0.8451864913420809,0.861693018982587,0.9059945910768564,108.74816584211293,1.0145955799347461,0.768560569284202,Heart
1.0599110604749047,0.8302304266206758,0.8796246348889265,1.0462736296007726,107.63002311958041,1.013034287100723,0.7813966658335336,Heart
0.8453647107228894,0.8517244252386851,0.8525433219483292,0.8317053459467518,119.56110258014836,1.016423322084805,0.7541388096308609,Heart
0.8789299276098401,0.8548265053574358,0.8848626267502925,0.868694668209754,111.71418712500464,1.0117823439865004,0.78647527451046,Heart
0.8690622084721731,0.8466215716619222,0.8744573194081348,0.8566046089406212,112.322529107412,1.014542998486733,0.7821601123254625,Heart
0.8991304869618911,0.8744345087484422,0.85803551417622,0.8779133496576251,111.64826188850607,1.0241676895704346,0.7749028440040586,Heart
0.7422741949216232,0.8097032186411093,0.8676649487272708,0.7310482459893904,119.24320722410845,1.015355961790237,0.7722809275318798,Heart
0.8074912355902187,0.8436044919608151,0.8634479329062242,0.7972808422770994,116.49626957792104,1.0128065203272132,0.7730582870684755,Heart
0.8680182687442088,0.8438850017318495,0.8608830277412023,0.8531355771221439,112.05092838022091,1.0174446969756767,0.7689019054704459,Heart
0.8940073126374618,0.8214271105458923,0.897957123391192,0.8916205223266858,111.76602953395279,1.0026769127123136,0.8050577921262845,Heart
0.7935380625357854,0.8418319934681655,0.8584747485181803,0.7751684796626434,118.79037408164929,1.0236975358971465,0.7698860809803136,Heart
0.8821842043796158,0.8697985892275851,0.8477566337769846,0.8664484500216106,111.18329674140844,1.018161212427136,0.7513660398913584,Heart
0.8592167516948509,0.8515608401280127,0.8762891302791167,0.8473127630345781,114.52199199254498,1.0140491081683223,0.7826536772221768,Heart
0.9514776136229539,0.8640031816149197,0.8498685707074253,0.9376958556464622,112.22104328217112,1.014697471353321,0.756563518262009,Heart
0.8351748159797706,0.8649604475576694,0.8437826252699844,0.8165515201547852,114.29566710094771,1.0228072514291016,0.7545436162082486,Heart
0.8733174048178461,0.8644650210544711,0.8745903594052092,0.8591295946687794,111.93877229418,1.0165141676379295,0.7875498190970999,Heart
0.967848804340997,0.8503100370674145,0.8660749166658833,0.9527229885253419,102.66200916577044,1.0158764047869437,0.7766559478018111,Heart
0.8994070396679932,0.8361957020115053,0.8865936504959265,0.8895467431217334,115.50733106593938,1.0110846300349057,0.7797847003046299,Heart
0.8861954127755888,0.81509972571411,0.8893664608019628,0.880900508124597,116.22605950394076,1.00601078623767,0.796384482246111,Heart
0.813441885868936,0.8229819786289663,0.8646748972271976,0.7996026533242835,110.54018417298538,1.0173076370958964,0.771921075710186,Heart
0.8247781697228121,0.8400168109937108,0.881620087891595,0.8124056383152738,113.40108000664883,1.0152294996785052,0.7892875757607057,Heart
1.1277967694860522,0.8479602027851065,0.8335441305889073,1.1011318477054022,97.2119190152398,1.0242159209509885,0.7475679093879711,Heart
1.1609571367130314,0.8407431730648627,0.8771904574553349,1.1500502745581827,97.58254356999588,1.009483813356802,0.7796267323231352,Heart
0.8007242226164363,0.8728248907706343,0.8737974034484314,0.7863157128454987,118.33422960513917,1.018324077130287,0.7765932231669082,Heart
0.868432083271921,0.8150729434155211,0.8896622605587425,0.8583387091191335,116.34134842176071,1.0117591972091597,0.7915307655586048,Heart
0.9224534410474295,0.8455028339357428,0.865377885895344,0.9041783701000593,110.4761392727719,1.0202117984146732,0.7781581023598949,Heart
0.9479265413348139,0.8275549398827793,0.8883842001340421,0.9268423453837834,110.1829592158743,1.0227484167680103,0.7980543226646891,Heart
0.9423526849310361,0.8328447892468883,0.9104387825356461,0.9301799800151563,109.69663266922578,1.0130863974471709,0.8267322494081761,Heart
0.8836989212283969,0.820092612129274,0.8744874442111767,0.8736707793421183,115.35511039203588,1.0114781701796525,0.7728489550346228,Heart
0.8821103491416998,0.8517962671081097,0.869887007491942,0.8750199674662152,109.1768753325394,1.0081031084307894,0.7701031022650586,Heart
0.8615764897434847,0.8491897510035821,0.8710907652961204,0.8465169549512488,114.102558768611,1.0177899978307028,0.7863439970391681,Heart
0.9455196229905996,0.8632557147261501,0.8914045355588499,0.9368709231645267,114.20484861116951,1.0092314742748763,0.8073020644814701,Heart
0.9121920850327337,0.8548106447352515,0.8695297455001465,0.8987933812061963,110.55820774253914,1.0149074349085172,0.7887348747253276,Heart
0.8806952695624523,0.8679262419723408,0.8819367449221098,0.8652628393452482,112.13658936192614,1.0178355402722274,0.7989043496757725,Heart
0.9948292177416468,0.8667448356080497,0.8659624350168195,0.9797265465457028,103.49431963152844,1.0154151903397868,0.7641423452249478,Heart
0.8247571910293539,0.8364721938001297,0.8984544851706615,0.8219619017471982,115.84507040329488,1.0034007528526734,0.8079463881594987,Heart
0.887554213334378,0.8630007295033224,0.8803281222466718,0.8733605364026118,110.63923725784,1.016251795610356,0.7929803144365016,Heart
1.0894123088396646,0.8316454802819103,0.8842655107736408,1.0753441856505448,107.00368260624931,1.0130824375830971,0.7877917437819609,Heart
1.1519525865714422,0.8273097601274457,0.8889802021905487,1.1297705526753898,98.0564853270276,1.0196341052114728,0.8007226746386388,Heart
0.891577976820445,0.8635849404323354,0.8798711787873353,0.8773297335369326,109.82966028794854,1.0162404655158228,0.7911293379206285,Heart
1.0420087053112759,0.8438524142747676,0.8976573977022326,1.036408885403752,108.63173403649422,1.005403099091863,0.8063732044435695,Heart
0.9474408363011181,0.8467754366905711,0.8709142534075045,0.935984894832829,111.50025643750102,1.01223945122569,0.7771254909925728,Heart
0.8209194186777363,0.8537367125166077,0.8924702631143772,0.8166481011435037,118.79420205930212,1.0052303036378236,0.8113396970428011,Heart
0.8912417941041072,0.8275563942908958,0.8740714286153346,0.8755825541740775,110.53534450908452,1.0178843672197202,0.7882104748246196,Heart
0.8997178263960867,0.8721773734649113,0.8659173588719782,0.8904437146142582,110.29194896444567,1.0104151577799008,0.7729457455992035,Heart
0.8652177425936958,0.853112574361096,0.8990520989711615,0.8595402714011086,115.55826376130135,1.0066052416407816,0.8036816359829265,Heart
0.9614506362944174,0.8560560241877041,0.8864103424756357,0.9513259828698777,107.62254086943774,1.0106426751784876,0.7945965508335359,Heart
0.88898834665245,0.8532112247061476,0.8927777452187845,0.8812626543730114,115.82140594629502,1.0087666171272571,0.8033142075727261,Heart
0.8366520283009161,0.8792257824540956,0.8807346489370121,0.8190326904581828,115.28504427445904,1.021512374350866,0.8037475029210877,Heart
0.9192784547261831,0.8443592579745587,0.845827307439585,0.8980517625145676,106.0165526225423,1.0236363794356131,0.7428998827313535,Heart
1.2071951546492956,0.8547846156801908,0.8657411342417559,1.188769825667639,101.38312859046268,1.015499492486957,0.7732990915671557,Heart
0.8202833395211941,0.8462207910422437,0.8638833356085674,0.8105946181759184,113.25028739361548,1.01195261000755,0.7755438981592127,Heart
0.8994533094072766,0.8525034371774326,0.8971747608061512,0.887762001827718,117.99115339589756,1.0131694165277276,0.8073914444219068,Heart
1.0161216514418763,0.8412821127211546,0.9014983327280317,1.0055642701637817,102.21394317046234,1.010498962215886,0.811817704983879,Heart
0.898915240574311,0.8310749040322604,0.8913215299011975,0.8868584361597249,114.79887687855899,1.0135949593790803,0.794255022028709,Heart
0.9137364465085633,0.8328547888277049,0.8889005808705716,0.9080824991960874,114.9014034763752,1.006226248515395,0.7996169349773519,Heart
0.895864981841157,0.86170787918331,0.8794138118437685,0.8880086665697764,107.02240751318907,1.0088471155374286,0.7839766250172878,Heart
0.847913173645591,0.8386554856072818,0.8786352163173105,0.8459759394099208,117.82602156861564,1.0022899401099061,0.7857558128512901,Heart
0.8737127385244072,0.833551324445737,0.8589472763093096,0.8596762516927583,109.15553224452027,1.0163276428818526,0.770779891873683,Heart
0.9239980653121909,0.8452666634507995,0.8975812358462087,0.9186914862582811,114.46949061630878,1.0057762362373934,0.8024770567302812,Heart
0.8932917876880963,0.8623845990946554,0.8879178528374693,0.8835974438825392,109.21509227145462,1.0109714484493753,0.7972856454283198,Heart
1.0228704791252077,0.8459882599206723,0.8751497445286923,1.0078937544229063,106.92749733048656,1.0148594280265946,0.7778320211667953,Heart
0.884900086394262,0.838638219371957,0.8774629046041144,0.8782084131095824,113.43128713868683,1.0076196870637866,0.7807214528561582,Heart
0.8716161830350634,0.8467606390517871,0.8827615919631987,0.861041772788575,114.97473748477401,1.0122809491718874,0.789408953817197,Heart
0.9346597658637044,0.8532667751949673,0.876352552056451,0.9225976214608228,112.31026078866203,1.0130741117495865,0.7803591508878852,Heart
0.8384576650834525,0.8370534981846702,0.8809687641524375,0.8252504981059048,113.2655267135587,1.0160038279381358,0.7881187939170534,Heart
0.9109319185028063,0.8411638669963394,0.8859840708311568,0.9057177172541157,115.01865109628578,1.0057569827213921,0.7932037188218753,Heart
1.168658174533978,0.8446023160227418,0.8641269755974977,1.1485651397236984,97.35904021376956,1.017494031566301,0.7550956182382673,Heart
1.5322608405323133,0.8749178759686232,0.8521624316363076,1.5040533503090452,74.61337807855293,1.0187543149433311,0.7588623052514883,Heart
0.8873671242811314,0.8521290735958661,0.8726018146311395,0.8730289142224422,109.169432434316,1.016423522549032,0.7767078980562164,Heart
1.2155723494617336,0.8498953336164574,0.8787645235022372,1.1891484483884636,89.15900884907435,1.0222208599011167,0.790804881301203,Heart
0.8564308954057415,0.8356189232662297,0.9178728961544217,0.8564308954057415,120.28423233883079,0.9961934805097489,0.8255565193400128,Heart
0.8116446309501495,0.8637556230973384,0.8669378733708666,0.7944333341876139,114.79520327329354,1.0216648723333543,0.7741303661690472,Heart
0.9387469846866008,0.850254378749459,0.899069991481592,0.9294052067217639,108.80133640645327,1.0100513510116729,0.8081293815490379,Heart
0.7831958258790838,0.8395063525462991,0.8797359302798803,0.7721775729466587,118.30854671642143,1.0142690662335336,0.7828183461422245,Heart
0.983093347093591,0.8255483201651109,0.86513786109086,0.9684952215303908,112.73219200326756,1.0150729969943812,0.7733965419607537,Heart
0.9039804924261895,0.8393485586238737,0.9275198105150553,0.90030329418073,115.37311253327229,1.0040843994120956,0.839408401172464,Heart
0.8680163303629804,0.8265736195651856,0.870422667608107,0.8547736074537304,110.62591689520656,1.0154926670568345,0.7750635872333105,Heart
0.8717193673028897,0.8435444771415768,0.8832821033002196,0.8660813672790852,117.17620000182792,1.0065097809938077,0.7886561910277167,Heart
0.9482023241318784,0.8337996624271137,0.8815575172627288,0.9384466820057048,109.4788081375051,1.0103955209318054,0.7880208543139268,Heart
1.0218168977829403,0.8622683553859094,0.8869594140165621,1.0090139137692855,111.39388729691015,1.012688609977466,0.787572282527873,Heart
1.0665332349011962,0.8579246958911129,0.8490828916677644,1.0429616913906374,102.01865366280327,1.0226005841874497,0.7553875034634819,Heart
0.967540838668977,0.834036431866459,0.879574270447243,0.9564623115094805,111.68795812851978,1.0115828162031941,0.7944761787099939,Heart
0.8949857718931491,0.8790527215817745,0.8647398868713723,0.8832837998937139,117.37798043491821,1.0132482583749904,0.7792056529220239,Heart
0.955264146420568,0.8780756683025047,0.8449839775778795,0.930283189537596,100.86183486329756,1.0268530670702423,0.7556888622844156,Heart
0.8556149342241514,0.8580705667534155,0.8529287735284927,0.8426836702704132,118.68525939162005,1.015345335871512,0.7641782443545604,Heart
1.0678341085396785,0.8533022141220669,0.8704145776343902,1.0527217378709073,107.10038724750117,1.0143555225707939,0.7871076376397339,Heart
0.9007354808937603,0.8159711254630567,0.8836250134467148,0.8973826118121734,123.37850359542524,1.0037362759623971,0.791654644866335,Heart
0.9686091727378443,0.8805707289365102,0.8752006736282484,0.949758097795386,110.7947722484152,1.019848290829229,0.787443926767437,Heart
0.8287523533141405,0.8253086775313517,0.9151838628747874,0.8287523533141405,116.3724226928227,0.9984621635717443,0.8159917455095774,Heart
0.8405086770463296,0.8578271094711097,0.8852426295921607,0.8347850651052443,117.21008714905356,1.0068563899623235,0.8035957849349928,Heart
1.1989803247664,0.8622477244921714,0.8731857544859752,1.1807920201030466,93.22639467800266,1.015403478642891,0.7770965740815986,Heart
0.9346185682520732,0.8276749777544402,0.8726152200319752,0.9242008423672388,109.55551966111729,1.0112721449789535,0.781707245124943,Heart
1.0140830997570183,0.8494251937318456,0.8649543747334667,0.9982017618951713,103.07928383034678,1.0159099477361118,0.7701323394771673,Heart
0.9161772323502408,0.8533792281920273,0.8685667849924213,0.905017493629598,113.02244751393405,1.0123309646489664,0.7760626927283114,Heart
1.181276573574623,0.8310983308915548,0.8976499264555414,1.1782788629543872,97.33372512665706,1.00254414359324,0.8093203455603516,Heart
0.8675821739317959,0.8517794061015076,0.8636959610608494,0.8554442222373623,112.61480588164822,1.0141890626868548,0.7774087796591244,Heart
1.051336604556342,0.8463251202706057,0.882345200764334,1.0295180161166968,101.16065405728644,1.0211930127477946,0.7934997156792875,Heart
1.077132566736906,0.8485430506232378,0.8844536368730408,1.0630268484291991,103.07308139432504,1.0132693904472407,0.7979221957826909,Heart
0.8296649365643392,0.8423569200075101,0.8513104431194745,0.8170669166519041,119.08957906190847,1.0154185901493331,0.7613499784813428,Heart
0.7954948698963992,0.8585746769380116,0.8709838076417782,0.787108393186605,122.3169971846264,1.0106547926338856,0.7880251841072959,Heart
0.9421465008312515,0.8228629446835527,0.8694881562169899,0.9381513472271912,113.76306235277688,1.0042585384712908,0.7775187945413699,Heart
0.7955509656441447,0.865792768052204,0.8580302769454218,0.7735109702875691,115.17805360217403,1.028493448966059,0.7632265813398716,Heart
0.810750246464695,0.8584826014500303,0.8612451533324752,0.7944714611486949,115.4550707416141,1.020490081912399,0.7749760862331838,Heart
0.8077925345182371,0.8480337731392162,0.883416707374529,0.7990695392371105,117.57597588715552,1.0109164407511448,0.7899922396319308,Heart
0.8075555303944464,0.8519102833506244,0.8752468569872601,0.7968756330465647,114.20254634937797,1.013402213475961,0.7847158401124684,Heart
0.8426471570689222,0.858548483757041,0.8655767905273888,0.8290800913253173,113.28068758021224,1.0163639989496278,0.7743061926279122,Heart
0.93027889230525,0.8561861471533581,0.8854416221138652,0.919304025100315,110.26225966773853,1.011938234691986,0.788634020976166,Heart
0.9503447234560708,0.8389100265480142,0.8967038736064737,0.9424848288947171,109.18985366656139,1.008339544914024,0.8068032785421347,Heart
0.7883936095473194,0.8643993840098121,0.8739645861731398,0.7806690855193373,118.76892177865702,1.0098947481990317,0.7770221895809771,Heart
1.1160126335142044,0.8456305114768083,0.8865291984424635,1.1086266432231926,101.86117359926165,1.006662288279071,0.8019400255184889,Heart
0.7812991693677196,0.8576524786233728,0.8739383816755347,0.7762995818122276,125.16822764781354,1.0064402811396869,0.7926091657527325,Heart
0.8918544389476672,0.8173973219110009,0.9073289563290531,0.8918544389476672,123.92732748040089,0.9983814641604845,0.8219017748975569,Heart
0.8590317543392708,0.8487521726513626,0.8906647476443107,0.8540069624585889,122.3438374752506,1.0058837832729326,0.795908154894734,Heart
0.9512401985804392,0.852383984991491,0.8940786727199872,0.9411898076327727,114.72219008783429,1.0106783890626108,0.8060128062373576,Heart
0.9075753556197798,0.8771000767517642,0.8695149796180814,0.8866360751333747,107.59679399983007,1.0236165446835166,0.785502091636157,Heart
0.7597049433343154,0.8391018726561302,0.8725640310027478,0.7490490158058609,119.61700978218552,1.0142259415653732,0.7838838875085976,Heart
0.8602661308664155,0.8490222703082596,0.866155224706209,0.8461177157145569,117.942628120608,1.0167215682748234,0.7697968743526347,Heart
0.9940800863357729,0.8547525649261879,0.878424336892306,0.9809141610626454,108.74295708016943,1.0134220972596262,0.7844481523168961,Heart
0.7673210083411315,0.8211135200236702,0.8781200324928765,0.7597103707629564,114.62847321410216,1.0100178145133545,0.7861454371863619,Heart
1.8650182289556692,0.8575847487538307,0.8569419774181667,1.8308607612837584,65.74293014103144,1.0186565075805984,0.7671848428696987,Heart
0.940844618075883,0.8569765130070961,0.8955705870293638,0.9222446372108639,105.66317946468244,1.0201681637545443,0.8153248884669542,Heart
0.8386415880790696,0.8505291882788162,0.847493293551526,0.8272590813493711,112.39416984649911,1.01375930102953,0.7458094903972073,Heart
0.8939020534735524,0.8203267793363147,0.8748229038524814,0.8886222435995018,113.15840510238525,1.0059415684359465,0.7795228668040355,Heart
0.856960897454086,0.8254978949159735,0.895942643765008,0.8521741130195147,120.88484036285716,1.0056171436816008,0.8020594490864082,Heart
1.205025897547438,0.8738774613228739,0.8743519251571072,1.1936844681839305,99.57126855771911,1.0095011953877244,0.7868397683476079,Heart
0.8141539436636746,0.830797353233185,0.8638524031778768,0.8034848335970687,117.84275891122277,1.0132785456806224,0.7682669803078538,Heart
0.8982975336402829,0.8334398824892129,0.8638205400940336,0.885189858419852,114.77381093782809,1.0148077557551658,0.7761355260115556,Heart
1.018170754106442,0.8580218025264856,0.8639935727294946,0.9968395391820987,107.53257177934996,1.0213988451359437,0.762162146913574,Heart
0.9112190190826737,0.8898774938319362,0.8462209072804154,0.8919212342575211,107.34279703454516,1.0216361984488653,0.7591429633717116,Heart
0.8519215050750368,0.8011134907502244,0.8962321634228432,0.8481401840282766,124.60321720216797,1.0044583679891226,0.80182355397307,Heart
0.8586916146129587,0.8369639788507763,0.8637970741183179,0.8506173143168015,112.531828127954,1.0094922830281703,0.7606629342600548,Heart
0.8020405437853879,0.831444664701286,0.8870641797588372,0.7980173223514675,117.47030761210978,1.0050415214322233,0.8024756834901069,Heart
0.756951053679938,0.8868954718363933,0.8673408576270089,0.742163967239826,120.0547276730582,1.0199242850540244,0.7847482074519686,Heart
1.0162207196840822,0.8092037793539034,0.8820019181782947,1.0044312639800004,105.1093869981421,1.0117374439913058,0.7941730722362945,Heart
1.0505468937706477,0.8630162827373032,0.8839218119486497,1.0281392868199193,97.09810736752372,1.0217943300465018,0.7828594512168042,Heart
0.9581758634722647,0.8452645012466221,0.849555130476501,0.9381621698895226,111.78198080167745,1.0213328721036565,0.7463202575437111,Heart
1.1565248887827486,0.8363145788500767,0.8923952958010323,1.154100462957512,103.65296508241025,1.0021007060503415,0.8078048907042632,Heart
1.1457354262242938,0.8356968866103573,0.8918531566776395,1.1345250588157347,97.32531921179962,1.0098811104448067,0.8014120578205679,Heart
0.8068554578888907,0.8497870456953543,0.8709043545101909,0.7981487278882472,118.37582184209461,1.0109086561143559,0.7696512336719475,Heart
1.0753471090560094,0.8491887788227747,0.8764842803855878,1.0557978787916642,97.53844982637972,1.0185160726849714,0.7843463578469877,Heart
0.8422709568050875,0.8280468539062027,0.8825776060384984,0.8360558508673649,126.53232933005201,1.0074338406115748,0.7883644684907534,Heart
0.8194888764128728,0.8199579541642771,0.9047804065028948,0.8194888764128728,119.36466215329617,0.9951951502769464,0.8014468538395828,Heart
0.8592193785557213,0.8453691750841557,0.8435705046301814,0.845784640358604,118.49767724394532,1.0158843487526814,0.7449390656403904,Heart
0.7989902622928124,0.8455955531357903,0.8718158711720058,0.7887369595852545,124.87747240193715,1.0129996478330994,0.7913223320594295,Heart
0.8497098872700379,0.8382923409102327,0.8907612890119722,0.8457883807596455,123.6038676345053,1.0046365102661619,0.8077407153733898,Heart
0.8305924304506762,0.8376864625587159,0.8804364156254819,0.8174234037326717,117.25663005275364,1.0161104106609495,0.7876047519676791,Heart
0.8329578342275326,0.8537114607716156,0.8718294500784273,0.8179630348415076,120.54346082493046,1.0183318790059144,0.7846611365607531,Heart
0.8186501738765943,0.8771967240793368,0.8694367783885691,0.8031482659550517,123.67863502289657,1.0193014273685927,0.7694876577008588,Heart
1.2049330790446695,0.8679199868190524,0.8590420729749609,1.1807318966401996,89.72534865664694,1.020496763467926,0.7708627257106019,Heart
0.7723604170501824,0.8394285583865382,0.8679682815196745,0.7599248145903532,125.66225070431024,1.0163642537012465,0.7726811987611223,Heart
1.4596110029905607,0.8611175817073251,0.8678248084374575,1.429225447861764,91.51805558400181,1.021260155403933,0.7867200542502533,Heart
0.8799463637823923,0.8409305456785138,0.8695305029526867,0.8659947945240285,117.51213194006812,1.0161104539502825,0.7754885739070666,Heart
1.4685512449648237,0.8619867644665354,0.8941794664822271,1.4586635265105001,87.84122511756028,1.0067786149955895,0.8021698704920311,Heart
0.8983835298688616,0.8465551515141018,0.9101211844050975,0.8913229163555045,115.21575852077235,1.0079214989133534,0.8251435475396104,Heart
0.9300313530260933,0.8658203020425952,0.883792382983618,0.9196300673748222,112.13038315296106,1.011310293149682,0.7975918292604066,Heart
0.9012780913450923,0.8451583918098976,0.8857771809127934,0.8904242949195844,114.43548359062588,1.0121894657271095,0.7865141120024948,Heart
0.9794485874632605,0.8602556811146452,0.8673534402802938,0.9651306298915521,104.85028474147893,1.014835253517254,0.7833778247834488,Heart
1.0116786580405877,0.825177265519079,0.9105643617184833,1.0116786580405877,108.93375461083606,0.9954924672735503,0.8279331384872565,Oblong
1.0820152987631355,0.8593354250287688,0.8879681705281129,1.072708451919448,96.83783206039651,1.0086760263956478,0.7892984533536687,Oblong
0.982385179903638,0.8117666848583034,0.8753391031516766,0.9741138505507786,112.77621264814417,1.0084911320665266,0.7861927070533816,Oblong
0.8659217120165759,0.8319073279022423,0.879257970333308,0.8597272657099085,118.68292619867992,1.0072051295262252,0.7889025451362821,Oblong
0.9627096405120404,0.8728088302281437,0.875516413953591,0.9500590608797161,114.26142957505833,1.0133155717925686,0.7856636765603268,Oblong
0.837513937485224,0.8466456310945608,0.8665940321118605,0.8207751394367945,106.45306271588017,1.0203938901705958,0.7733598578725068,Oblong
0.8486922548324018,0.8620531609000895,0.8965237189744909,0.8465941969544206,114.51120711559979,1.0024782332379891,0.8075001113945045,Oblong
1.0867530135119843,0.8429136622464314,0.9041864347957601,1.0791730907806711,101.81175305286126,1.0070238248118564,0.820849683109345,Oblong
0.7958672298298525,0.8649366321501575,0.8558280627200562,0.7739118966376957,111.19513150403007,1.0283692927935892,0.7688982782553349,Oblong
0.9158847844014738,0.8446095828416835,0.9082900540233942,0.9125333423235755,111.98898484399709,1.0036726790380772,0.8205093578089587,Oblong
1.0907221279516734,0.8076860525519854,0.8996398561314743,1.0847892525424265,108.01769524818947,1.0054691502477022,0.8099285536172286,Oblong
0.8570333369235515,0.8721842722462635,0.8904250499834853,0.8453898797725596,110.77221013002016,1.0137728844756508,0.8019392340052203,Oblong
0.8628024728807684,0.8266495167782234,0.8951386295603609,0.8628024728807684,111.80529863651473,0.9994826373563405,0.8075936812687056,Oblong
0.9105038833531859,0.8127202791531358,0.882132979975247,0.9009469734384633,112.89803277769818,1.0106076275257896,0.7994366014299183,Oblong
0.9197191398871023,0.8176266748777924,0.8997326845105802,0.9147368150543687,115.86884396707816,1.0054467304154995,0.8116481749363288,Oblong
0.902646206806637,0.8385935978731118,0.8700547907123596,0.8940068437119397,113.2947665823393,1.0096636431314399,0.7867506610683523,Oblong
0.8741384968220045,0.8424026952056202,0.8465554195405592,0.8522944984423414,110.3448085049418,1.0256296367271938,0.7447725710218462,Oblong
0.9473675046354371,0.8515058557822586,0.8688006163250707,0.9300585331199019,109.61103334097555,1.0186106259973464,0.7782330513205048,Oblong
0.9224734157587279,0.8291243863617018,0.8716510931247946,0.9082361658996475,105.35321319393114,1.0156757134252385,0.7828735804671659,Oblong
1.0335673786827697,0.832203167197192,0.9028910292461206,1.031228620196176,108.64141627368788,1.002267934035955,0.8124786328500175,Oblong
0.8556484173150383,0.8610388215106503,0.8909974407387868,0.8365699786218945,106.7173758920633,1.0228055502596114,0.8081846408733181,Oblong
0.9158104955031195,0.8448245228231762,0.8722949139035557,0.9035647048157228,112.96678979974006,1.0135527545754393,0.7909260371816286,Oblong
0.9189110642569364,0.8227777316404261,0.8688425495736476,0.902810766899432,119.73717039484906,1.01783352386547,0.7882613956258163,Oblong
0.8373820826496118,0.8221129011196318,0.8878294534226308,0.8312575562420036,111.3774889559474,1.0073677843426727,0.8058307053640347,Oblong
0.8768146714352335,0.8132443116021296,0.8918747614720154,0.8714673232136807,114.64966307729318,1.0061360283731966,0.8000483118948438,Oblong
0.9327084845606533,0.8357998391208181,0.906793855779015,0.9327084845606533,110.69053931478858,0.9957642603152248,0.8161757731348072,Oblong
0.9104004816004032,0.9028938171205922,0.8444908172783425,0.8862186620677391,106.27453706286249,1.0272865158089117,0.7509261630731799,Oblong
1.1005606282046831,0.8294986241188707,0.9157504124214343,1.0961589292525455,101.79730081755015,1.0040155663879315,0.8234843421579469,Oblong
0.8953471797333423,0.8668730639240644,0.8745959471582403,0.8816724154346489,110.11356566155828,1.0155100285086633,0.7882347501697748,Oblong
0.9110433995372412,0.8350671435974488,0.8972440545030054,0.9066780309848443,118.35182118970685,1.0048146843788144,0.8061870779363618,Oblong
1.2174799178613849,0.8281616411425833,0.8950934327369537,1.2163214958785555,96.78803492198332,1.000952397854313,0.8042981606424102,Oblong
0.9560970102454724,0.8201657528474591,0.8839240500516256,0.9493953184142918,115.15801886049564,1.0070589054961574,0.7977841568817745,Oblong
1.816398720659276,0.8540359212263593,0.8562498511153178,1.7995163859066245,66.83750332543997,1.0093815954580185,0.7674030584320757,Oblong
0.8703085267052999,0.8189779531647821,0.8935380441496152,0.864167279572393,120.99108095787611,1.0071065490190112,0.8166693965628158,Oblong
0.8216797781281305,0.834043907598556,0.8880221911267192,0.809476363706349,111.54332254548137,1.0150756896296587,0.8061929956572016,Oblong
0.9428419389192951,0.8115201239529626,0.9021768067932066,0.9428419389192951,118.97530242608505,0.9953751419449893,0.817190581142815,Oblong
0.8868027429305377,0.8527954863712198,0.879130476741387,0.8768689356518947,108.9962574479249,1.0113287252800875,0.7939198830766694,Oblong
0.863777996330125,0.8199833273717935,0.9228995064390574,0.863777996330125,116.3058701810264,0.997588113447028,0.8416084737903977,Oblong
0.9085482443765348,0.8283033638308761,0.8813006353452364,0.8985740637503425,110.59984968250212,1.0111000094800904,0.792905885256896,Oblong
0.9544769121870725,0.8200598711385062,0.8787641317678154,0.9471604855497155,106.370902889854,1.0077245902346852,0.7984274175356838,Oblong
0.9521620720613319,0.8391557533301589,0.8761778042692666,0.9360746962174702,99.68361647897446,1.0171859958493357,0.7798508727436309,Oblong
0.8263899479405523,0.8698899528316965,0.8423489843699999,0.8126074699212178,108.98162107975995,1.0169608064526785,0.7489164594238219,Oblong
0.850500289545861,0.8525338609534342,0.889741956161808,0.8468748874733655,108.85699029171542,1.004280918145196,0.801859901489307,Oblong
0.9417956849277688,0.8479183013330951,0.8923708743592336,0.9333740362849445,110.50558884237752,1.009022801487327,0.8068326669715172,Oblong
1.0114334622104322,0.8293129053083422,0.8848734532374366,0.9992755007297702,101.93825033384921,1.0121667763012132,0.7948347977573598,Oblong
1.3392756913179682,0.8296165882343617,0.8736092598911184,1.3092296913934187,86.61264085411182,1.0229493725371988,0.788278693489195,Oblong
0.792080650459165,0.8639918806539288,0.8577816343183715,0.771443910765505,113.7642240645815,1.026750797310957,0.7719744744849867,Oblong
0.9021934737957946,0.8031174916456684,0.8927053452716638,0.9021934737957946,108.60318495651411,0.9968313087288252,0.7953754063385226,Oblong
0.9570383605032465,0.8283722703400367,0.8719402728476671,0.9529400312193265,108.71591094028389,1.0043007210838608,0.7813466628554884,Oblong
0.9114416526617,0.8423099535327276,0.8824294629726245,0.9079401620149555,113.80159197565547,1.0038565213801907,0.7930959222707625,Oblong
0.9447269461913891,0.8129957188302043,0.8749323516169831,0.94162544437471,115.23146743580291,1.0032937744356927,0.7830830791078662,Oblong
0.9774087478341609,0.8170419941526383,0.9170194269265236,0.9774087478341609,112.86962177363405,0.9895849389541757,0.8293938390589862,Oblong
1.2333566036354076,0.8962438879691158,0.8901945953189045,1.2150209374282384,82.14948313540505,1.0150908232462061,0.8077613431746976,Oblong
0.9222367334603389,0.8037159115452186,0.9007321199704322,0.9216248711627862,118.68109143463624,1.0006638951667837,0.8119025018480207,Oblong
0.8804308232017397,0.8330882304807421,0.8893090227499674,0.8726264188422568,111.43344290887231,1.008943580197626,0.8027510830337395,Oblong
1.2897560771670626,0.821087987231432,0.8797205253172138,1.2735495756712256,91.72193409245531,1.0127254578898472,0.7805548309068663,Oblong
1.004318468268475,0.8355387374474673,0.8733864191318741,0.9913626370167511,107.26773026998333,1.0130687104475824,0.7797829819480968,Oblong
1.174736592808072,0.829619573082893,0.9132356964568411,1.1725528963539202,98.85091991716052,1.0018623436613752,0.829432029301445,Oblong
1.0588827646463936,0.807289951347465,0.9061696141727906,1.049183975005431,95.4601713408761,1.0092441267423213,0.8091038759295777,Oblong
1.2375006595653912,0.879848131647963,0.8555559512854559,1.211385760412476,88.4461041371201,1.021557871989533,0.7693966750071831,Oblong
0.8866883821012528,0.8290983188259405,0.8897197572347515,0.881596943060846,117.16521370130351,1.005775245797393,0.8035645892131887,Oblong
0.9804243847413765,0.8554971753654926,0.8867651830514315,0.968329186722059,106.44909683868161,1.0124907915460666,0.8028079229201509,Oblong
0.9824479314627264,0.8665493935826312,0.8866226656284523,0.9732495890092765,108.35344684354006,1.0094511650015834,0.7989056758831603,Oblong
0.9371826224067178,0.8459484044181889,0.8879719268966543,0.9277332473603839,112.542557085985,1.0101854440090614,0.802383179509508,Oblong
0.9540854648586918,0.8569644081129384,0.9071511260711181,0.9510364127334642,111.37670084313535,1.0032060308989263,0.8192964169163828,Oblong
0.9524946667971171,0.8502006039619843,0.873091393634136,0.9337776209242057,109.3283326133184,1.0200444361200114,0.792550900502704,Oblong
0.9394575298859705,0.8529860116438736,0.8839232816319896,0.9308608690000421,117.71889477694783,1.0092351727011184,0.8014947756217757,Oblong
0.9003276519853763,0.8062906154763467,0.883616524262692,0.898511764992639,118.9697365197541,1.0020209941188163,0.7984062770343221,Oblong
0.8855942540554186,0.8195628526301466,0.874890115523933,0.8817693960809087,117.33959202632997,1.0043377077856295,0.7843337199790098,Oblong
0.888117643668723,0.8448968453422879,0.8812836893980843,0.8862846054274084,109.674014860566,1.002068227553643,0.7903941269445414,Oblong
0.8887363587481777,0.8156331876431182,0.9113675805398426,0.8811763765281391,114.80572695411918,1.0085794199906097,0.8232703083912054,Oblong
1.1136654764587612,0.8590787749773846,0.8677703719893377,1.090048580685229,102.78837510068118,1.0216659112190085,0.7852212927524115,Oblong
0.8521486818101836,0.7993650189281165,0.9329208932502134,0.8521486818101836,122.64345938900394,0.996872495321604,0.8608635194242328,Oblong
0.876796923157494,0.8319340568422126,0.8812085243357736,0.8720371139355723,112.89010961430972,1.0054582645002808,0.7958206243371714,Oblong
0.9591492317793991,0.8283947093452665,0.8665726495969134,0.9451693447052771,106.24171511262702,1.0147908807584964,0.7773670278867578,Oblong
1.289448885857849,0.9108539552319064,0.8704306777008178,1.2640181066336489,85.9746260748431,1.0201189991589028,0.7850459431472583,Oblong
0.9145432746084702,0.8793312902639747,0.8610721172539803,0.8993491085246644,105.94647786732985,1.0168946251681186,0.7775790039932327,Oblong
0.867658244048157,0.8124384537091935,0.8979861020779272,0.8609874966091963,127.79601017748298,1.0077477866580316,0.8156697161311883,Oblong
0.8559857716057148,0.8409438447261285,0.8879557433796226,0.8521642460302252,118.73760113679677,1.0044844941492113,0.801529343773426,Oblong
0.9230541011142042,0.8461584846271026,0.8741515666043906,0.9113980683789924,105.44823009891502,1.012789178669144,0.7876251439594187,Oblong
0.9643660141920714,0.8681130868135871,0.883884188138754,0.9527276423899395,99.93729541620935,1.0122158435257915,0.7956933065325055,Oblong
0.8279795228221616,0.8361256265324967,0.8933296959103283,0.8158292412273719,114.7105001324728,1.014893167565936,0.8129664007385936,Oblong
0.8784464686382706,0.7989790331867431,0.9249948643694397,0.8784464686382706,123.08987680721994,0.9936296767583496,0.8385061575287883,Oblong
0.9487670484732309,0.8240546507570506,0.8924931475128427,0.9461375314648015,108.81220893645745,1.0027792122402737,0.8078475752123712,Oblong
0.9171239927808951,0.8055627954088443,0.8801012281472206,0.9130022465063589,117.76361092705979,1.0045144974071074,0.7816265989633532,Oblong
0.8297639301118404,0.8620859017671376,0.8769564403626134,0.8209012900997299,117.41231986413383,1.0107962310682126,0.7917306538926241,Oblong
0.9226927985079361,0.8091148854574075,0.8883699229510544,0.9205788474550795,117.83031434294084,1.0022963280752113,0.8041208569586232,Oblong
1.0077029565301467,0.8215760200765847,0.8822213177908192,1.0013275000062622,109.35416974245453,1.0063670043256023,0.7972664443527167,Oblong
1.178880690267893,0.8404675771688624,0.8937971298456091,1.1703510274004516,97.45711707602004,1.0072881235353697,0.8037715209164159,Oblong
1.2880993142498178,0.8548383433776228,0.8826482222599518,1.2709576426227966,90.96374969887671,1.0134872092130836,0.8021043445985261,Oblong
0.8815212595273259,0.8937549812344083,0.8449904466611569,0.8591217849299804,111.58113026594107,1.026072525444307,0.756265155675734,Oblong
0.8717431942587114,0.8011158800259948,0.900215075911191,0.8695850640005944,111.69757660966408,1.0024817931533785,0.8159029485975369,Oblong
0.8706153752758464,0.8328727907111485,0.835153285732752,0.8523863891651425,107.95063377389143,1.0213858249526462,0.7364939206157352,Oblong
1.10893020644678,0.8058968215173647,0.8771757406024735,1.0930118762092416,99.23914439964153,1.0145637303528174,0.7861182054328038,Oblong
0.9056943993846829,0.8508378801751697,0.8701301313433673,0.8937150278551499,106.23640524554705,1.0134040171152572,0.7797032802186106,Oblong
0.8501175314250707,0.868444503853032,0.857199101934547,0.8338680242024225,113.99227373463955,1.0194869053027793,0.7693087878032833,Oblong
0.9132539382933607,0.8027010356464516,0.8775648039865702,0.9056596548013639,118.32599481797101,1.008385361379118,0.7883848386645305,Oblong
0.8446068627845496,0.8281707428661845,0.8818995448057407,0.8378016232985773,120.2773922664848,1.0081227337077467,0.7978700589601893,Oblong
0.9482380976705711,0.8278800170161832,0.8539800033675736,0.9313293486948273,109.0918219796202,1.0181554989107129,0.7718932935914055,Oblong
0.8479827955159498,0.8081787632166811,0.8931642225417754,0.8460796283166122,126.14678128063264,1.0022493948981188,0.8066334172701566,Oblong
0.9165286955102554,0.8195191835595471,0.8582113980658079,0.905538126906914,113.80295752584391,1.0121370578187383,0.7706555993827837,Oblong
1.0338537334263453,0.8441999355830563,0.8372874634132604,1.0128883357480676,106.2372274436562,1.0206986268262177,0.747503756951313,Oblong
0.9886725972106775,0.8407562381193384,0.9158901969502992,0.9756910784999691,101.72860614373799,1.0133049476384126,0.835632359823474,Oblong
0.9614121682463775,0.8529768809870706,0.8640722392245977,0.9450899024716983,116.37449121030689,1.0172705958787536,0.786608535798842,Oblong
0.9388048056346822,0.8406189764966941,0.8821867645662046,0.9260502278700159,115.890254348151,1.013773095001556,0.7988161236428232,Oblong
1.7197695302451272,0.8102610069822124,0.8850476822926622,1.7000353761755849,76.50596332318665,1.011608084364654,0.7968605389379295,Oblong
0.9398307616800706,0.8095318200694004,0.8716852503664191,0.9265633663942001,113.55294988495501,1.0143189292465788,0.7787212875248567,Oblong
0.8061264728242611,0.8221236889216396,0.8970060404408731,0.8034776354303558,124.61854913925285,1.0032967157729122,0.8171050632802305,Oblong
0.8528490774440926,0.8686684134279216,0.8889649288297299,0.8411112383145776,112.55773050581949,1.0139551566960814,0.8105779832363671,Oblong
0.8208275091582009,0.886988345250876,0.8455487443039834,0.7964377721820847,106.50670472054755,1.03062353121361,0.7602608903822395,Oblong
0.8399584966009285,0.8514717491319875,0.8703003675088425,0.8237674705248753,102.80324184688529,1.0196548500097204,0.782689148066563,Oblong
1.4280279189909666,0.817498670706995,0.8980781438950752,1.4161399878796772,90.70538348750313,1.0083946016728815,0.8205735190522967,Oblong
0.9300853435885383,0.8137990809274511,0.8813648199717392,0.92537091081826,117.34008274647148,1.0050946412029633,0.7848140841296534,Oblong
1.036148739919636,0.8215632403262112,0.9019535902897691,1.0292604576555804,101.65824369112478,1.0066924578835426,0.8128629717359669,Oblong
0.8655534876074482,0.8362974530602083,0.879983624694117,0.8541212398993931,110.78512659462416,1.0133848067159665,0.7810739627000719,Oblong
0.996386774474221,0.8346784894314553,0.9041392201826665,0.996386774474221,115.81439419759707,0.9992610314865266,0.8214282865005775,Oblong
0.8275021824689518,0.8160544786268262,0.8596174215070593,0.8185970330979851,109.83763265072972,1.0108785507531894,0.7677817803829805,Oblong
0.8435074251463196,0.842049800943282,0.9005017019130117,0.8435074251463196,125.82267058370662,0.9958662272783039,0.8226351820189285,Oblong
0.8900859650076658,0.8305334810226364,0.8756975267013286,0.8756168070095892,107.74580973856537,1.0165245320581404,0.7844987653035727,Oblong
1.095850041613517,0.8352233529227792,0.8683404069233981,1.0813788346813964,105.32195902299961,1.0133821806641743,0.7811890458703014,Oblong
0.9070005673487287,0.8530111085619771,0.8552442988478438,0.8933670793975435,108.49718229183638,1.0152607906263784,0.7664331645132112,Oblong
1.0030123616298583,0.822088724141951,0.9003750063764576,0.9947921091445585,104.65499853712822,1.0082632867809622,0.8200684753180172,Oblong
0.9428885105249951,0.8225991703512638,0.8863827443477327,0.9411944224156714,113.18055039999874,1.0017999342845398,0.8082018544170047,Oblong
1.040875395002842,0.8284371178283098,0.8811512246285916,1.034393920206861,114.621573294773,1.0062659637391187,0.7974120482995343,Oblong
0.8520567248530192,0.8704620992967281,0.8578648486735513,0.8367338381693019,110.59441384522854,1.0183127369597509,0.7685395314899163,Oblong
0.8762804079427498,0.8346742005153903,0.8825291206378129,0.871759069506796,110.06426410311849,1.0051864541409494,0.8036236341327231,Oblong
0.8808635308263894,0.8335303713703329,0.8713295146962238,0.8668892093600395,112.09404369393043,1.016120077762493,0.7842706004733627,Oblong
0.8292023620586734,0.8446135610477278,0.8807754957384236,0.8194324420441605,124.7607210966019,1.0119227888880513,0.7935685665862384,Oblong
0.7771581124931808,0.8495959028830855,0.8736402799113067,0.7646164228660329,114.84659340714732,1.0164025899157876,0.7862166046432779,Oblong
0.8239525643465195,0.8558572092765437,0.878689121976517,0.8123377957443987,118.4142620048522,1.014297954204479,0.7925100744941678,Oblong
0.888671608747369,0.8348144847821795,0.8579535583598503,0.865757137675726,117.46484128964099,1.0264675508574619,0.783132862627544,Oblong
0.8510028095784727,0.8591737233012509,0.8886351916640483,0.8506637850981684,110.13757992287546,1.0003985410996015,0.797454132097353,Oblong
0.8249430063528035,0.813106985084041,0.8727060370540125,0.8203454452197833,116.80754764796606,1.0056044208690504,0.7842194413042227,Oblong
0.9920420143253473,0.8293322915218327,0.8932354354503258,0.9872974649801163,115.10861397717834,1.0048055925529258,0.8055659006447092,Oblong
0.945734284504282,0.8230445912380743,0.8994175286294787,0.9402846495044932,111.8760490866752,1.005795728987664,0.8255800790107136,Oblong
0.9518940627485001,0.8110095480057206,0.8801240632111832,0.9430146067316655,122.436767728023,1.009416032321715,0.7962605017863894,Oblong
0.8652254410586445,0.8687345830118955,0.8744704696544842,0.8529369225646194,118.78243677157451,1.0144073004332792,0.791726939574379,Oblong
0.8631280568710741,0.8195297892739871,0.9091829838957617,0.8631280568710741,113.3940295550574,0.994871414990212,0.8206448084020878,Oblong
0.8389762382624605,0.8939741906482319,0.864999478225485,0.8251744822091874,111.63523619205698,1.0167258638637522,0.7672158414742594,Oblong
1.5605692491733338,0.8321369347211385,0.86946715764115,1.5333241591102622,76.05852093476842,1.017768643310806,0.7792206139242432,Oblong
0.9091821354482564,0.8384619866793378,0.8630895465085928,0.8935841766488468,110.74478423484878,1.0174555002281997,0.7703447190285796,Oblong
1.7281109041022715,0.8639762645370378,0.8734289608253435,1.7166461781475009,69.92781946300025,1.0066785608477238,0.7884864835738166,Oblong
0.9256161491564532,0.8297541417474276,0.878179479054894,0.9096655668661021,122.8321185277343,1.0175345565132277,0.7855769827073166,Oblong
0.8168526162613902,0.8523090746514197,0.9152616721288264,0.808852179051613,110.61091287791467,1.0098910992848629,0.8294834698756571,Oblong
0.9591957113407604,0.844329650972774,0.8912406425909104,0.949978939434202,109.73726394463145,1.0097020802503769,0.814238250808956,Oblong
1.0856206459761593,0.8113429643110774,0.8867884486527255,1.0753293708552805,100.14767004044957,1.009570346909332,0.8015965219963884,Oblong
0.8546885839077639,0.8214113399671469,0.868727941844704,0.8411967327565525,117.44434315365164,1.0160388772635855,0.7884083225880903,Oblong
0.8768752147979534,0.8795322280923343,0.8647738314394634,0.8635591187734332,107.75243192399368,1.015420016690269,0.7829113332546019,Oblong
0.8252223043396212,0.8611794828886522,0.8790767212614472,0.8112684626729756,115.95789993654901,1.0172000297172532,0.7937792316384654,Oblong
0.8900104924856299,0.8214847530373024,0.902996143944076,0.8900104924856299,119.16306724324099,0.9983020464979768,0.8003929891748861,Oblong
0.8634292854873279,0.8130587051662651,0.9186254369072653,0.8634292854873279,117.28785481905618,0.9968345854007009,0.8372515312471125,Oblong
0.9299738440326989,0.8191585875287523,0.8868410888553775,0.9242897547323763,116.02908516600709,1.0061496833338464,0.8034291761034899,Oblong
0.9860621088095877,0.7888865884985676,0.8930461916217459,0.9806976524466247,114.09625486254765,1.0054700409953872,0.8035493949983767,Oblong
0.8540457516384486,0.8201983713687323,0.8919849890982325,0.8492864453857062,130.72804294304422,1.005603888156464,0.8138595264067856,Oblong
0.9571996442510542,0.8469006049383387,0.894210403434059,0.9559301282156838,110.16030770490939,1.0013280427072009,0.8205333360763236,Oblong
0.9151928837019537,0.8110315035732482,0.9127357714355185,0.9151928837019537,114.13396720705447,0.9970622448505693,0.829172517961096,Oblong
1.1278957453200105,0.849835323703471,0.8651839666668677,1.1066700584750844,95.60912945917283,1.0191797787266186,0.7868687658205071,Oblong
0.914663025797815,0.8648473900373983,0.87034582071532,0.8886296384352605,97.07658548364658,1.0292961051900038,0.7777406507089821,Oblong
0.8856597239704371,0.8828676701895168,0.8782019040674275,0.8730666873131764,107.80350063201037,1.0144239115296165,0.795025433790717,Oblong
1.0378043785539544,0.8233142495912464,0.8541649975262102,1.0196756352527263,108.15763468990477,1.0177789315292751,0.7644111231248268,Oblong
0.9112800664778257,0.8085511152791917,0.90798474965101,0.9112800664778257,125.84648252356087,0.9900220663918063,0.8241994837866393,Oblong
0.9150895602540736,0.829101485488134,0.8603120870523687,0.9040432492289089,109.84812232961347,1.0122187860310736,0.7727630016102076,Oblong
0.8812601548594058,0.8242718245235929,0.8824611768329954,0.8766323373519125,123.57948445460156,1.00527908600939,0.7928752368146991,Oblong
0.9122109756204144,0.8364169941019479,0.8534460456777387,0.8924108352894393,112.55770755971191,1.0221872477876777,0.7683242128349703,Oblong
0.8564842696804393,0.8924546814475403,0.8503642084972345,0.8402894744076401,110.91215942884078,1.0192728765098666,0.7581455239155804,Oblong
0.9013848661915527,0.8429505260798479,0.8752421613362245,0.885573521954104,107.69690947944288,1.0178543552234482,0.7878413171924135,Oblong
0.9603996077930532,0.8369026325639806,0.9112527920588898,0.9603996077930532,108.3734963515071,0.9938366640347863,0.8243890132001158,Oblong
1.8241149390111995,0.8461619927075158,0.8868204047872479,1.8130157435997982,74.94953594136938,1.0061219520296958,0.8075053389662314,Oblong
0.9947136563995171,0.8214661119777592,0.9103494756564194,0.9947136563995171,111.75484559210305,0.9934783563914796,0.8209915123278322,Oblong
0.9942836970096508,0.8719411516787662,0.8729909019848853,0.9785969310220325,106.60379212661707,1.016029854059766,0.790329563220959,Oblong
0.8614451872361166,0.8426201924568543,0.8394162259301426,0.8442019112370772,115.30814222287181,1.0204255353719485,0.7505326621601505,Oblong
0.9691593365999565,0.8340759756525488,0.914954602868597,0.9691593365999565,111.3000190117102,0.9982033474559185,0.8160753803958236,Oblong
0.9591269030045984,0.8281486585636216,0.8958907410006554,0.9509393224788266,110.76511282032598,1.008609992595983,0.8107899943644206,Oblong
1.05427038441781,0.8242552760601539,0.9099512802958876,1.05427038441781,108.7050182210269,0.9988475350337683,0.8114402237412371,Oblong
0.9063971883393908,0.8268006568971973,0.8951557232261734,0.9063001668474118,109.6303054594947,1.0001070522720044,0.810742218021335,Oblong
0.8904406325620566,0.8001106181680475,0.8773057914326358,0.8859091296706733,117.9267287469148,1.0051150876987438,0.7809592998075492,Oblong
1.0135956317901658,0.8683204818116306,0.8701644027213928,0.9996417167020317,100.10968554761766,1.0139589163347145,0.791348766687538,Oblong
0.8815588623684503,0.8585978736173581,0.8934826743566006,0.8696229154761989,115.72781703878772,1.013725428205529,0.8141714302112072,Oblong
0.9954399057418417,0.824368957289621,0.8917063744270339,0.9914743383503792,106.96172634287433,1.003999667200727,0.8082741735646811,Oblong
0.9311223138264864,0.8272298210955938,0.9161728830658097,0.9273325059552942,109.84408833339238,1.0040867842406624,0.8259813244752198,Oblong
0.9295189318730507,0.8447000897291009,0.8809427460630754,0.9198687770611341,116.10966017245063,1.010490795048776,0.7989804633643752,Oblong
1.0406411505298756,0.8577474506889429,0.8696328884771143,1.019685939400886,96.30842072785738,1.0205506522344536,0.7850274352267002,Oblong
0.8510060613243761,0.8293577452470857,0.8878773990739126,0.8409655308925046,117.49134831190204,1.0119392889042855,0.8018227960844464,Oblong
1.0367010242613215,0.8333106971130361,0.8847620924989362,1.0188841393886385,94.58864515441202,1.0174866642672187,0.7861877917007984,Oblong
0.9095177789934497,0.8361107919597649,0.8912450851616978,0.9040442101281448,113.13992033644051,1.00605453671843,0.8052108226543613,Oblong
1.0185974315442854,0.8659762000281863,0.8910469455906094,1.000784522330598,94.68051605231442,1.0177989455434475,0.7909140076026143,Oblong
0.8733512783693133,0.8139889397773092,0.8953543970404012,0.864987910891796,119.91558373079319,1.0096687680512142,0.8115371165281575,Oblong
0.9613705391995565,0.8257302020493453,0.9024201501138508,0.9586470952656788,115.64977511143441,1.0028409244103775,0.8163549112795547,Oblong
0.9697074286042144,0.8254289280985229,0.8819288040514589,0.9548959253353494,101.10363835870125,1.015511117888228,0.7904666213562787,Oblong
1.2181475000983761,0.8325425661663449,0.9227069531122932,1.2181475000983761,104.89853756852446,0.9930851124800157,0.832602704579714,Oblong
0.9510336652765815,0.8210891331091625,0.8883991251930022,0.944388872594894,117.50020261148123,1.007036076847697,0.7962672918733537,Oblong
0.8587742856290517,0.8131343378780415,0.890676160351641,0.8570582608850543,122.26381511306444,1.0020022264790087,0.80491913499359,Oblong
0.8767169594759657,0.8146484256945209,0.8688139218483294,0.8649113846391288,117.22706748346062,1.013649461721171,0.7814152911965254,Oblong
0.8681225339739356,0.8120143009910405,0.8702187183170011,0.8623483813993297,119.85454564702056,1.0066958467124807,0.7843674485963433,Oblong
0.9239364802486748,0.813806393218892,0.8784607368539648,0.9223641760283297,116.28586778765654,1.0017046458017433,0.7838171482397186,Oblong
1.2113330365718828,0.801672774975376,0.8843595824818073,1.2026934249351455,106.01309161888597,1.0071835527305748,0.7996191240926037,Oblong
0.8525978860130459,0.8545409003871652,0.8676427464874428,0.8408364925115079,119.01433079886053,1.0139877296077002,0.7786998436523684,Oblong
0.8914695171127713,0.8502999276847378,0.8920598056832666,0.8856732707474146,103.06627794820436,1.006544452177568,0.8009119148794916,Oblong
0.6577851388196102,0.8534374705214414,0.9005980126305004,0.6577851388196102,127.86007937825063,0.9980622966825808,0.8135775466008043,Oblong
0.8167312888427897,0.8414943994590989,0.8963155040021262,0.8097838646009365,116.95855257138052,1.0085793562276975,0.8123397019438225,Oblong
0.9555273088397195,0.8177416720202756,0.8755381428369711,0.9513388672094818,113.0883398274518,1.00440268107885,0.7804635271329715,Oblong
0.7996922193102887,0.8483107635067652,0.868730017631541,0.7929559310129366,115.54673843809644,1.0084951609968376,0.7806569948302787,Oblong
0.8604082264456615,0.8405204512941029,0.8506113413489962,0.8429340675849666,110.81492661327461,1.0207301609137223,0.7675172618123665,Oblong
1.2183908700286783,0.8747267143944324,0.8748936942456707,1.2014954655939651,97.03636755285444,1.0140619793570016,0.7898099717431551,Oblong
0.9146114905800977,0.805143956030604,0.9281091705895431,0.9146114905800977,119.80808435953709,0.9899236800024273,0.8434047205144615,Oblong
0.9202363112117199,0.8338391362118001,0.8549957861550044,0.9033485272821885,104.18119696493909,1.0186946493180655,0.769397877454999,Oblong
0.885018618113742,0.8694544938801756,0.8597754729205782,0.8682336022223505,108.1544189848084,1.019332373048484,0.7771068859705427,Oblong
0.9319937306217405,0.8557616418014099,0.9008762032564696,0.9254981327489802,109.20321742107491,1.007018488360929,0.8142058206177937,Oblong
0.9340621002228762,0.812428816824728,0.8897042477343229,0.9179042852866138,105.5786426155574,1.0176029409550225,0.8023141458520734,Oblong
0.7988562522793322,0.8387038235171007,0.87748628882432,0.7903664868297892,112.26531352606499,1.010741555456882,0.7951200547122799,Oblong
0.8679816153929951,0.8115704808998113,0.8821814941431914,0.8665097797802891,117.45272983476754,1.0016985793433044,0.7903822387512515,Oblong
0.9675576156351112,0.8266013438286675,0.8963189258368034,0.963801569502789,115.62822157888827,1.0038971156005276,0.7992727047965542,Oblong
0.9437806318741361,0.8524102520352476,0.8758525664687639,0.9295512604809085,104.05194581630577,1.0153077855930892,0.7954299535383813,Oblong
1.0232302600463568,0.8064094901604955,0.8677114406650931,1.0163626355457227,112.11644775652722,1.0067570611713272,0.7742825624680638,Oblong
0.8812179314477956,0.8208842800082272,0.9019157142775532,0.8735197357093228,116.33033405117038,1.008812846949842,0.8217224495286873,Oblong
0.8770774660460746,0.8732496052760861,0.8530818387767953,0.8536824856561687,105.80449914056163,1.0274047796259096,0.7641760631461825,Oblong
0.8883196126317274,0.8419347489790752,0.9042396564541586,0.8873469454195828,131.61052180237544,1.0010961520937953,0.82827189616506,Oblong
1.0484194419271702,0.8366960908527613,0.8975517930125371,1.047014968441656,107.31721406546066,1.0013414072652702,0.8098927361096533,Oblong
1.1090805129272747,0.8429181231457316,0.9123560510652897,1.1014285376939714,98.98628703109196,1.0069473188422409,0.8238782402334381,Oblong
0.8863391137632423,0.870898267705186,0.8679813794201419,0.8804511134995201,113.62033001918739,1.0066874811939521,0.7879734129157849,Oblong
0.9880327260101581,0.8863028911836194,0.846986538916598,0.9674312149788082,101.51624463450715,1.0212950654396666,0.7612866683379637,Oblong
0.9231157682913673,0.8736164270849154,0.8641333002074529,0.9104400848832437,107.29151801421705,1.0139225893264017,0.7767586872616918,Oblong
1.0597664009672396,0.8187432530967399,0.8771458219867834,1.0482680832012972,110.16332319623645,1.0109688713700293,0.7889505504319848,Oblong
0.9484670418329191,0.8509636288118502,0.8632443010392954,0.9282878170452956,111.3996160636233,1.0217381122719602,0.7801120994858517,Oblong
0.9028392401069115,0.8014744879349442,0.900372439748111,0.9028392401069115,112.81223708126686,0.9993299349930602,0.8122639233663244,Oblong
1.1158283982541468,0.8060507118481007,0.8692387124325365,1.101082959305137,95.15266741664696,1.013391760197901,0.7742403963513135,Oblong
0.9438342700007248,0.860101440759669,0.8782745943831036,0.9344679621980885,119.35362863905982,1.010023144914037,0.796396789505191,Oblong
1.0635373348578943,0.8343464469209215,0.8800935787592162,1.0565192165465498,109.06562068108587,1.006642679282526,0.790715431737724,Oblong
0.9795800684282197,0.8062373458209924,0.8650367507279966,0.967334252685916,118.3604068862896,1.0126593426298114,0.7813182753632426,Oblong
1.267433050474105,0.8505376091152869,0.907503740353805,1.2598870055699658,94.12561518330484,1.0059894616507497,0.8204176522123752,Oblong
0.8933306417135796,0.8545168395768175,0.8943650278671023,0.8888342948841361,114.88223886458606,1.0050587008797063,0.806134212424382,Oblong
0.7954568204719812,0.8818745056946451,0.8707508847766539,0.7735326441724499,117.39645831643297,1.028342923165171,0.7912411226997068,Oblong
0.766973971133778,0.8662741877454332,0.8502019717059843,0.7521211120113566,114.5494054793233,1.0197479619774283,0.7595936028021381,Oblong
0.9302284198100293,0.8343538232759975,0.8636281873298453,0.9266171767224185,113.09418401433142,1.0038972330519322,0.7734004792475918,Oblong
0.8736038821217258,0.8152808545507109,0.8733801905597446,0.8693308627830758,118.41554568436446,1.0049152969503123,0.7782651471386847,Oblong
1.0099531577435907,0.8174390770634716,0.8896245462842132,0.9955757400773002,106.23670973196347,1.0144413097743565,0.8057257361243364,Oblong
0.8763483296579954,0.8419840301528084,0.8999928971766026,0.8737308439482612,119.63299317977196,1.0029957574782482,0.8183414575918041,Oblong
0.9386005071013407,0.8389723922036356,0.9194544795822248,0.938335822368985,114.62561571316901,1.000282078895472,0.8371527007499473,Oblong
0.9587237051232066,0.8294687483304294,0.8860707909855753,0.9587237051232066,109.54432814253015,0.9996668406507965,0.8010156373036867,Oblong
0.8432222509397757,0.8263449320082543,0.8842952497896807,0.8338658281839747,128.20840920389614,1.011220537452863,0.8125839542022214,Oblong
0.8709303600539725,0.8154751319555229,0.8815083541895782,0.8609397886560879,114.06991380610634,1.0116042626087474,0.7898912898428209,Oblong
0.9393603485683225,0.8692876780327595,0.8804787588302934,0.928019253366303,116.87301148992441,1.0122207542148298,0.8040325554030276,Oblong
0.9901164258145831,0.8419943866746187,0.8927364079343116,0.984421267291954,113.00645305093146,1.0057852859460217,0.8034712180043944,Oblong
0.9644009928148175,0.8262039969700928,0.9012494085285068,0.9644009928148175,112.25818549509955,0.9949972707625792,0.8130752667763894,Oblong
0.9580139818716429,0.8478127388238553,0.9005236396282104,0.9544436432797693,107.77419816325744,1.0037407537019207,0.8113277992476562,Oblong
1.193460525219132,0.8674774290905011,0.8618649588494869,1.169100563912905,92.54437054021805,1.0208364977814188,0.7684555798603384,Oblong
0.9416036652673807,0.8575437313448075,0.8684896688343692,0.929957091189717,110.02359319445779,1.0125237757612708,0.7771089170779427,Oblong
0.8524026962347602,0.817618907150848,0.911345020808127,0.8524026962347602,118.67197365290356,0.9929448832761673,0.8265973589508248,Oblong
0.9698242518966194,0.8772189715443979,0.9023514221628296,0.9562855097092647,105.35345278502054,1.0141576360301336,0.8141689206204422,Oblong
0.8681380736005605,0.8582172633197486,0.8710304181638635,0.8586754202003286,114.58984724491161,1.0110200585432203,0.7780407973268457,Oblong
1.122129227892568,0.8049543362588882,0.9021401599050821,1.114837840082971,102.55823758012524,1.006540312453921,0.8064372867333672,Oblong
0.8524878862452487,0.8565326046510946,0.8731108260146986,0.8345023423444126,110.21128177202547,1.0215524187149774,0.7850432092298227,Oblong
1.1491202655169876,0.8125674379604272,0.8849424091079684,1.1491202655169876,104.01023278468348,0.9974447732000368,0.7955706416757475,Oblong
0.9734730369763458,0.8449013375771589,0.9092895086353656,0.9734730369763458,112.00974589124732,0.9994538825913633,0.8175364933695299,Oblong
0.8872757346966134,0.8430759463222479,0.8870848307152401,0.8738563733737892,112.46918370899236,1.0153564838933595,0.7977466926045182,Oblong
0.8343730257633287,0.8823095282626809,0.8613799620282228,0.8220895403998598,116.5658703027696,1.0149417852433622,0.7740291679685561,Oblong
0.8756462809083889,0.8285761048893501,0.8730107960653082,0.8674964796867566,112.89968309428102,1.0093946216641423,0.7851489787913556,Oblong
0.9470237554314912,0.821719873088746,0.8983675329821963,0.942999871460114,111.79410017178796,1.0042671097771696,0.8038858472164079,Oblong
1.0309498989191848,0.8329797659429854,0.896361906037803,1.0212934128318034,101.6730190134061,1.009455153598422,0.8067607543686461,Oblong
0.9086127567676766,0.8258330186083018,0.9089116377970766,0.9086127567676766,113.37457115344056,0.9979891920677852,0.8147097240643544,Oblong
0.8922427020020862,0.8877276319192704,0.8671882450299867,0.8788258805041844,113.39941969600136,1.0152667573811147,0.7832583742364455,Oblong
0.8746282342094597,0.7976893996163018,0.8881805277408525,0.8737125191922274,107.96962244990044,1.0010480735907035,0.794290865465278,Oblong
0.9855938279197793,0.8159242171030474,0.8719630853154825,0.9692025371366538,103.43765044899682,1.01691214184349,0.7881116551941847,Oblong
0.9794694832339762,0.8281989470962584,0.8999188201362631,0.977579987111792,114.32247932129928,1.001932830200183,0.8191853908366519,Oblong
1.2355461697827737,0.8821305964164161,0.8759123619919933,1.2210930727026283,105.45117726856706,1.011836196112518,0.7935917824880508,Oblong
0.8318565291154614,0.8308401814928377,0.8470245986696947,0.814855711862481,110.27978518609942,1.0208635921740332,0.7558532612547928,Oblong
0.9076550408193326,0.8832524818384521,0.8794505378516081,0.8944360495309057,106.64831988318683,1.0147791351828448,0.7867296488579308,Oblong
0.884521421756574,0.8361187594026921,0.8856817272525541,0.875915138889657,116.84509868872975,1.009825475648048,0.804797563066112,Oblong
0.9652739338916418,0.8450233198589029,0.9223644057516567,0.9629450475900829,109.22983157455748,1.0024185038464941,0.8372167352688646,Oblong
0.993868013922411,0.8349231627582953,0.9015779701082033,0.993868013922411,106.6001507017377,0.9994929979067125,0.8135268704850955,Oblong
1.0010277210759861,0.8289521324525118,0.8652846814088287,0.9966696545558346,107.4672381345021,1.0043726288848371,0.7767030567965161,Oblong
0.821000152014424,0.8236279622835122,0.9035570248321647,0.8191405297886126,122.7702423591368,1.0022702114694426,0.8144673499932553,Oblong
0.9599783792669849,0.869788706477845,0.9022369584630906,0.9525620623625671,109.65321219386206,1.007785652187348,0.8140800700205111,Oblong
0.976116821951562,0.8517913053417011,0.8477913078466724,0.9586740273475092,110.29025133853423,1.0181947086355454,0.7654508294437355,Oblong
1.0239142227628297,0.8222047055145035,0.8997070021532902,1.018100849253203,112.21499746857073,1.0057100173464062,0.8169401542005373,Oblong
0.8354376653117441,0.8906842357402872,0.8475301634771972,0.8177608769880266,110.25193730191076,1.0216160846295614,0.7590359259090506,Oblong
0.9017742761243868,0.8344724521479578,0.9209292798344065,0.8974121534231155,113.12047824721816,1.0048607796146198,0.8488418206182984,Oblong
0.8845450292362788,0.7816836219545138,0.9157865622945399,0.8841758551914268,116.26420213875296,1.000417534637125,0.8342424723603561,Oblong
0.9278569205661813,0.8134995276037433,0.8929473685977005,0.9269157732602863,117.46051903295356,1.0010153536416633,0.8070366242357586,Oblong
0.9278935061354618,0.8322312511525023,0.858741690835294,0.9197252803367303,110.88120933650886,1.0088811582908115,0.7656556219469777,Oblong
1.1841707011889533,0.8476072639907656,0.8985343191288729,1.1779995034183295,93.92759503382904,1.0052387099932694,0.8166639406147868,Oblong
0.8878013985446185,0.8704740427826451,0.8560770777936056,0.8782621640855144,115.31176221691739,1.010861488572762,0.7669764649158826,Oblong
1.0961436454260336,0.8957883722998612,0.8981622796720236,1.0931527068848341,99.82444431996628,1.0027360665370555,0.815285859813152,Oblong
0.8956197729965578,0.879293410744661,0.8624027622683588,0.8731429503596864,109.6881166103291,1.0257424315544348,0.7762998218665577,Oblong
1.005473257916406,0.8705014723634724,0.8937776852275182,0.995322641262056,105.74330772769208,1.0101983178454366,0.8093152642569079,Oblong
0.9094859902522128,0.8239017228387013,0.870392973886639,0.9023548318343539,118.05424831921631,1.007902831753405,0.7805465486676838,Oblong
1.1061660549516388,0.8741334706162042,0.8942923505232928,1.1043165354824425,97.30885526144499,1.0016748091781387,0.7972028851124224,Oblong
0.9402099708858517,0.8269611817761444,0.8718006864418825,0.9368791024151215,113.5045673452392,1.0035552809985233,0.771099948665208,Oblong
1.2898982720340297,0.9033090908550306,0.8880061578879105,1.2741813093176726,88.9252220741991,1.012334949980371,0.794331866603374,Oblong
0.9233807853679524,0.8339956174612778,0.8698978187357265,0.9089531688615099,108.05156290688302,1.0158727831099523,0.7795654782403845,Oblong
0.8658519435402329,0.8736928119716916,0.8638974035730056,0.8467877056728442,106.55860737240708,1.0225135978471023,0.7806682150400801,Oblong
0.8777402854350546,0.8073162304003382,0.9337901757579795,0.8777402854350546,125.47889746295851,0.9898358926813238,0.8547822435944438,Oblong
0.7974827057613525,0.8182453810959756,0.9110322864407799,0.7974827057613525,117.79542723253132,0.9967330940464365,0.8279234168949274,Oblong
0.8516056862508501,0.8493325155536595,0.8679534683749437,0.8414774883470677,113.86579661984526,1.0120362077940759,0.7823413977671921,Oblong
0.855869056625518,0.8462397896741496,0.9097298339465448,0.8477246499164005,106.96854661654059,1.009607372759446,0.8229872916761353,Oblong
0.8197782099642872,0.811634665802975,0.8876024746851815,0.8156969556621381,111.44015960998972,1.0050033952852455,0.7893320117417522,Oblong
0.8913219293163321,0.8657009248661092,0.827610813787349,0.8653628994107597,108.80718081686796,1.0299978539907921,0.7406908834125111,Oblong
0.8748602477490167,0.8457602007398931,0.8532721476721736,0.8593360997697426,112.31059772610023,1.0180652808411446,0.7714310046870477,Oblong
0.9881555942074735,0.8497726935906444,0.8481839567857545,0.965876520372708,109.54187212144355,1.0230661718810272,0.7641722733530293,Oblong
0.912905058973227,0.8470122778690717,0.8741219668947549,0.9019199367528494,110.45793513462618,1.0121797088330555,0.7909230406115538,Oblong
0.8626154851338186,0.8647585094521337,0.8826045463075592,0.843986844124646,112.16064798017867,1.0220721935879151,0.7984188434758732,Oblong
0.9561935148077136,0.8351994611547774,0.8957052498742258,0.9561935148077136,108.51254113703568,0.9998759493194462,0.8059054017505223,Oblong
0.7542869329863399,0.8305048602871155,0.9099456894981651,0.7513423115773219,128.51821079846417,1.0039191475891145,0.8278314216363112,Oblong
0.8224055616899962,0.8831132489979325,0.8462166108691423,0.8138031796343942,114.47994195717304,1.010570592829911,0.7548976114613324,Oblong
0.8552578633148854,0.8157765353563703,0.923111408752678,0.8552578633148854,120.92955986284352,0.9860259730053537,0.8375146711384298,Oblong
0.9203839790184262,0.8231463423861534,0.9119269987075516,0.9203839790184262,116.74635105887262,0.9981675268005175,0.8338521070352753,Oblong
1.004721466102163,0.8297967475380202,0.9088831140902103,1.004721466102163,99.76575096340996,0.9995505572125047,0.8189706760486172,Oblong
0.9441513673106696,0.8612574676030282,0.8784410084959385,0.9331394114897739,106.2168415417203,1.0118009760227735,0.7905703315510401,Oblong
0.8240495222851268,0.865305387009724,0.8794851363149363,0.8049584606016877,111.02917935990975,1.0237168284052434,0.7893629097002234,Oblong
1.195609100814634,0.8391432498012786,0.8785300052706881,1.1930752195123182,89.07177221946566,1.0021238235954237,0.7879727291955925,Oblong
0.9745317008005313,0.826646980262038,0.8907494742089705,0.970493248941398,115.85802162428084,1.004161236426465,0.8088894230393422,Oblong
0.9031261406469779,0.8256992407517817,0.8868657630900828,0.8958366887421592,119.6618343671809,1.0081370321135807,0.8075390111532406,Oblong
0.9589724345020817,0.8168282131434129,0.8778269646087453,0.9532166326872261,114.18122000332575,1.0060382935184726,0.7918739045549643,Oblong
0.8740386224265279,0.8490746366301035,0.8516784273758763,0.8608514504046619,110.59976082893576,1.0153187544908788,0.7576089189165996,Oblong
0.9722626034212646,0.8263848593348718,0.907991243053785,0.9722626034212646,100.68183988093264,0.9993841269279523,0.8128443905199257,Oblong
0.8924657641312906,0.8404297561586336,0.9234059586233493,0.8924657641312906,117.05278945240839,0.9952521470525262,0.8327229392151427,Oblong
0.8494874997354619,0.8644952350448509,0.877212785139065,0.840205067419613,119.686356272218,1.0110478175814346,0.7840657546324854,Oblong
0.8209934226180914,0.8507167625084038,0.8906632321106376,0.8145419013620602,116.45188107529287,1.0079204289493802,0.8040427938112482,Oblong
0.9469669269144692,0.8368302855226039,0.8979858020513252,0.9378431999354346,109.89267340966478,1.0097284140671519,0.8145624623243162,Oblong
0.8994815981734392,0.8314462698425952,0.8827694274159903,0.8901158515340304,117.84594094548196,1.0105219411869453,0.8007432381085202,Oblong
0.918690062439049,0.8328929675419299,0.889987796027137,0.9181519396889598,110.781737395596,1.0005860933543,0.7972146514175089,Oblong
0.8160505627961848,0.8451466833492493,0.895010149370989,0.8030791898419888,119.47501839272245,1.0161520471682852,0.808911727368719,Oblong
1.5951232234538328,0.884134636470187,0.8522046224716348,1.563007997126052,68.38869922838126,1.0205470646259214,0.7602391859974508,Oblong
0.8997966916137788,0.8178935726448422,0.8873858507432507,0.888290746697844,111.23651201767319,1.0129529041687166,0.790216214099354,Oblong
0.9451379597066273,0.8411905939677323,0.9143011504401386,0.9420251856531681,115.71629790911831,1.0033043427085242,0.8208759693701673,Oblong
1.3249999510097432,0.8419088929425125,0.928390409053098,1.3230705395582865,92.81617631418618,1.0014582831328864,0.8494469399337844,Oblong
0.8872030848547543,0.7913553531724536,0.8735478443200261,0.8842971844878493,117.14426929749811,1.0032861128791086,0.7892179891662953,Oblong
0.8864908093318955,0.8672997096546791,0.8719409502445282,0.8746191488408248,107.81029008697581,1.0135735199793015,0.7902474526003366,Oblong
0.8479232747509899,0.8266229577436144,0.8794564830542693,0.8355004270339921,117.95162754944542,1.0148687508887324,0.8093017237427153,Oblong
0.9324031265536652,0.8372177590834263,0.8730823125049636,0.9240616553245137,110.1204018341235,1.0090269639272307,0.7876726116576391,Oblong
0.9139143346089119,0.8364094193217996,0.8767838674792039,0.8982674171188009,108.77315252673571,1.0174189970513443,0.7869703777507331,Oblong
0.9494941800363093,0.8386143310869731,0.8747833840304935,0.936759114525698,112.74618479163243,1.013594813557869,0.79521805601864,Oblong
1.2255383548085024,0.8223705372837711,0.9063979047439041,1.2255383548085024,98.9485243302218,0.9929740322632626,0.815155914216482,Oblong
0.9828654922707788,0.8162284062375668,0.9065056822744033,0.9828654922707788,112.12009789043366,0.9923158614749213,0.8159992492144479,Oblong
0.8260151859736102,0.8927877255167745,0.847846369177243,0.808818881271745,112.0649257040323,1.021261007995791,0.7553788307895187,Oblong
0.885370872650182,0.8743356936114142,0.8817211486106362,0.8753994649333465,122.481546153906,1.0113906943244415,0.8005791982131065,Oblong
0.9026788326233159,0.8170049646837615,0.9185172309292816,0.9026788326233159,121.00204004657337,0.9916463219312367,0.830159875139929,Oblong
0.8959805635690524,0.8406186596914932,0.8765307246736938,0.8877772881668263,112.09455423862916,1.0092402402174143,0.7850231003764614,Oblong
0.988451750258954,0.8262597642161562,0.8994199903803813,0.9840063814310042,109.17677923448632,1.0045176219502612,0.8069537628233502,Oblong
0.852542320824257,0.839042912116259,0.8952859674008877,0.8498210276045628,112.09881195618128,1.0032021956756763,0.8038616004742853,Oblong
0.9911782329890824,0.8535216325532106,0.8859209912829443,0.9865026242198612,105.6282857818859,1.0047395806705721,0.7995135648341202,Oblong
0.9906782873291992,0.8138530229005662,0.9071074984240666,0.9906782873291992,114.5066012295877,0.9932225842784336,0.819181108170215,Oblong
1.0418661370805808,0.897162555486972,0.843601967132558,1.0114089611639656,98.72234125418836,1.0301136108993576,0.7559043969169527,Oblong
1.0577849674786282,0.8703490417790963,0.8467128359949816,1.0314552507572519,101.10923304022319,1.0255267658990015,0.7676294432644165,Oblong
0.9500967785708885,0.8542999003209074,0.9017887631625628,0.9391708249632956,113.87075447795165,1.0116336169280171,0.8140999910351784,Oblong
1.0170963167971898,0.8574172486059707,0.891506730056661,1.006845766633757,104.00825416436632,1.0101808544100097,0.8053221744222695,Oblong
0.8799234552682456,0.8520010803879036,0.8580212949379953,0.85837675199476,116.7367485774864,1.0251016855051278,0.7746811981288216,Oblong
1.0704249594158688,0.8285040469321929,0.8704633591493657,1.0572092204692718,107.83779311548807,1.0125005899406845,0.7829690064328034,Oblong
0.9163650017774914,0.8064498125945059,0.873304503659635,0.9127828345945308,118.19380327352707,1.0039244462616914,0.7803844042939806,Oblong
1.0079373130402351,0.8897822738380292,0.8590483827532291,0.9860132399304814,99.63889999654901,1.0222350696947025,0.7753141022407446,Oblong
1.0899027910016141,0.8526141653860876,0.865336574163121,1.066125763848209,93.94622701154994,1.0223022723581703,0.7696646338259837,Oblong
0.9455908874075521,0.8640772451628648,0.8872376195091826,0.9331947608553618,102.13026173277703,1.0132835363765096,0.8056660439155319,Oblong
0.9360982483207363,0.8635959861075552,0.9052211292586093,0.9360982483207363,112.77849124143748,0.9964378192256176,0.8123223925740702,Oblong
0.8593583122623377,0.8249574249717039,0.9189032429439172,0.8593583122623377,117.418947492234,0.9915843564383939,0.8355123437776301,Oblong
0.8843599774195426,0.9232018003692588,0.8451373968288205,0.8671500027002599,109.68562881480726,1.0198465947825541,0.7579723621037514,Oblong
1.0607491520015098,0.8932979248365512,0.9036633196713124,1.0523590181546176,101.17931935596009,1.0079726915455192,0.8215983958565298,Oblong
0.9789583109067037,0.8229205696350017,0.8866271319017432,0.9659727686320315,111.64002445890523,1.0134429693013622,0.7978313208235018,Oblong
0.8359804705106184,0.8466920392670042,0.8847554653048343,0.8292504008436136,114.34222350886334,1.0081158473485912,0.7905954862226418,Oblong
1.0626881046800745,0.8625715190188661,0.8782615464812499,1.0433044210527695,95.57770249858238,1.0185791253599266,0.7856615592936781,Oblong
0.9586415350953744,0.8549480285764207,0.8869897710577055,0.9560582266977398,105.58765750953364,1.0027020408647678,0.795210531425805,Oblong
0.8944137977201838,0.8167326886603311,0.8893647673275918,0.8943899460807623,114.66726581594733,1.0000266680540473,0.7924534762754363,Oblong
0.9919309905473193,0.8733057440787056,0.8609788063980989,0.9657961470416483,99.9098197565326,1.027060413924538,0.7777275541085608,Oblong
0.8547617401622372,0.8110949650298144,0.8636357213807101,0.8485767670960259,116.48241512498139,1.0072886429443233,0.7688559600267384,Oblong
0.8304040437741813,0.8486774189577438,0.8712607351257236,0.8261927090394887,117.07910204539876,1.0050972789866284,0.7775276425176443,Oblong
0.8749741283235226,0.8284121968658711,0.8712130704062506,0.8640653850736425,115.61066416401475,1.0126249048258662,0.7881562844983214,Oblong
0.9354479693216867,0.8405873505315594,0.9071392967435067,0.9354479693216867,113.41806755428975,0.9969789404698267,0.8221969429658376,Oblong
0.896274195258983,0.8264352791035178,0.8851716999735361,0.8862367486739672,115.87480205832415,1.0113259200772642,0.8029306945055406,Oblong
0.9030317259429004,0.8242810423594454,0.8792965562556856,0.8968594420746926,104.86307626675548,1.006882108364639,0.788236824238166,Oblong
0.9210992483201912,0.8560673738785545,0.8753687899187655,0.9165129249148558,118.26288023951237,1.0050041011759452,0.772264586616907,Oblong
0.9333256260223997,0.8497921257327762,0.8907177535235036,0.9304156766849185,113.16869366145863,1.003127579866076,0.8025848875057159,Oblong
0.9184735881781774,0.8099972017460908,0.8865782443236214,0.9184735881781774,120.52085605647093,0.9995254752199668,0.8007679687041892,Oblong
1.0640038130492728,0.8381883563208857,0.8873863250186923,1.0515031133484944,104.25403341622916,1.0118884095939291,0.8051707214696405,Oblong
0.9246389595787831,0.8368967432956754,0.890110751968441,0.9137277696591483,109.06911580160481,1.011941401237816,0.8013196393804786,Oblong
0.914044280994946,0.8058850512408333,0.9127906546196375,0.914044280994946,120.33039825130061,0.9938420774397045,0.8291236289976396,Oblong
0.9780396241179886,0.8180794051908957,0.9088367409506455,0.9780396241179886,117.53120887439015,0.9941021439042423,0.8265757981684064,Oblong
0.9131090058595358,0.8618659963893677,0.8464249823135201,0.896800287803361,107.02049106470695,1.0181854514076056,0.7607261043473853,Oblong
1.788998437300491,0.8460372215785645,0.8521720286911572,1.7623944718235474,73.473844553635,1.015095352318835,0.7567252585470193,Oblong
0.877547195089424,0.8260496000918255,0.9044645622900073,0.8727499544084251,115.93011393030078,1.0054966954243505,0.8208007315852928,Oblong
0.8333191209161466,0.8358064181649569,0.8810340961779348,0.8236190272239093,114.38638302846519,1.0117774035951215,0.7958509610409802,Oblong
0.9659888037856843,0.7886994219551167,0.8935479445749335,0.9659888037856843,108.49216807465163,0.9991038539848844,0.8015393910714627,Oblong
1.493623949393988,0.8817302269171614,0.8816123445350842,1.4633153799345007,80.96995091240231,1.0207122605797008,0.803353691617545,Oblong
1.071041722501934,0.876501519034954,0.8683303019021152,1.0655735387478007,102.73353950864923,1.0051316812545468,0.7795130385152078,Oblong
1.3017012768688945,0.8220680238946955,0.90086935326319,1.2924727292501779,91.28448445073033,1.0071402261803006,0.8050813851885186,Oblong
0.9636021299474306,0.8551173196613012,0.8631597574112123,0.954697749426606,102.61302418549977,1.0093269105600935,0.7792061821365152,Oblong
1.0388727485752947,0.8150311234002541,0.8650873469157639,1.0285073929515334,110.51774594382053,1.010078056506736,0.7725092981402545,Oblong
1.2750245170686338,0.8561697310701968,0.8729973121219037,1.2552899621033513,90.34438117601395,1.0157211126999022,0.7884101761518931,Oblong
0.8783506514178658,0.8302357987468266,0.8795891270896546,0.8690634837128506,110.97869411888583,1.0106864088516736,0.7977443635167333,Oblong
1.0198728757840676,0.8889724851062096,0.8590209152191054,0.9989820214637308,108.6344288887299,1.0209121424324805,0.7712394573686279,Oblong
0.9767391244031641,0.8080844807624428,0.8944033660834323,0.9644016779350827,109.90111216412934,1.012792850479582,0.8099752203545297,Oblong
1.0903816656837386,0.8168070630773061,0.8897688059090536,1.086033143087421,101.06422285528984,1.0040040422559806,0.7937185594066059,Oblong
0.9199614811391222,0.8528251686705819,0.8532612946855634,0.9031209986092666,115.40358493659878,1.0186469836885519,0.7705689947565605,Oblong
0.9911802573485632,0.832984307865475,0.8624918569238285,0.9783182325635114,106.19574335330857,1.0131470766433017,0.7738145850951087,Oblong
0.8822030164360409,0.8498355007495703,0.8797623739556022,0.8774998088742899,111.65356362302252,1.0053597818645506,0.7901401928424505,Oblong
0.8600134001918556,0.8663672298432895,0.8740602384850423,0.8400495872093464,107.55557754716337,1.0237650411195713,0.7910434579932902,Oblong
0.9493139665605647,0.8697739260492107,0.862993071969638,0.930066260612218,108.85052692562603,1.0206949835334065,0.7737782764211409,Oblong
0.934715710328167,0.816786537309372,0.9083822767545099,0.934715710328167,113.89443398972092,0.9991726708302922,0.8200195935057448,Oblong
0.8882915009831996,0.8095531651183836,0.8915153609072715,0.8841828387835563,112.24965650143312,1.0046468468052332,0.7938695689760815,Oblong
1.2923765245536145,0.8513934274625252,0.9099660208486371,1.2923765245536145,93.6358807827803,0.9944757876029857,0.826599560761395,Oblong
0.900779760510522,0.8403127846567084,0.8896232820517114,0.8975696266892719,112.08351332550836,1.0035764733183885,0.8004170465723093,Oblong
0.908981304725564,0.8343768119731598,0.9182843342382091,0.905047243230888,105.15344440131769,1.0043468023620867,0.8370864028819903,Oblong
0.8476790903791848,0.8174498795190431,0.8950020837688399,0.8413233454848145,120.49848026083482,1.007554461585406,0.813920947217623,Oblong
1.060678208524416,0.8353964929883874,0.8951429929638339,1.0546009239982763,101.94270811340607,1.0057626391062688,0.80751381556187,Oblong
0.8927974724200062,0.8427514561588999,0.8911742065124422,0.8833091883251399,113.4779390162664,1.0107417473069167,0.8109584876930527,Oblong
0.9340809284930524,0.8410689050099278,0.8679580118147117,0.9236648240551039,102.31535356805686,1.0112769309458158,0.7727706484582847,Oblong
0.9177578504091501,0.8719602354848915,0.8456208383222709,0.8987664836538891,113.43619364714496,1.0211304794968017,0.7583928024240107,Oblong
1.224245586706121,0.8445517492930438,0.8795421986467142,1.2039450518962596,90.64505136602166,1.0168616788431393,0.7874643528877172,Oblong
1.0812642703533801,0.8400709108517378,0.8910413355007245,1.066632086929552,101.02316826340561,1.013718116680653,0.8093964854219199,Oblong
0.9840969806892935,0.8269508539977574,0.894015449014693,0.9840969806892935,113.9369286406047,0.9994785543912366,0.80223239806437,Oblong
0.7986882900123221,0.8362264000113578,0.888560206243733,0.7901358587943175,113.70349459659494,1.010824000863668,0.8015425787767971,Oblong
0.9613304935134322,0.8249474840440579,0.8956809474517894,0.9613304935134322,107.43235061231921,0.9971842132825578,0.8045453958015799,Oblong
1.0136721404671505,0.8249290283637647,0.8888717322129588,1.012935918961493,107.88717240305121,1.0007268194284316,0.8046928019583757,Oblong
0.9618035357627084,0.8440413156164207,0.8763660766154975,0.9460413733472927,108.746067827698,1.0166611766244915,0.7900416765175977,Oblong
0.8257336098944341,0.816897225026224,0.8921927919434818,0.820308430622837,123.29354395996702,1.0066135846823834,0.8161424294748683,Oblong
0.9084189811494645,0.8268788055517895,0.880656185968674,0.9003277512815552,110.33860772763376,1.008986982636481,0.7973166928647004,Oblong
0.9669501417534875,0.8275304754316402,0.8562039174349363,0.9468674246597985,102.91605935354936,1.0212096398826949,0.7691620697227117,Oblong
1.2770696744879482,0.8033310211452744,0.8808189705890057,1.27592757160957,97.4144304918296,1.000895115760323,0.7864381114011294,Oblong
0.9181551224019893,0.8319570443865449,0.837600588164522,0.8989256054282996,110.35580106447516,1.0213916667381253,0.7440445193779938,Oblong
0.8090013794182132,0.8295818041947024,0.9007350437765951,0.8045176169421947,109.70863338856807,1.005573230941866,0.8055424159391447,Oblong
1.24952315777413,0.9170705356151942,0.8563380592170469,1.2261232907829078,87.08430620526914,1.0190844323463433,0.7662695865855035,Oblong
1.0960194535774685,0.8331331152189037,0.9126252383005395,1.0852926941748282,104.37551816022392,1.0098837479144702,0.8382075778664629,Oblong
0.827046334635146,0.8713049719275344,0.8722649560457093,0.8152548974645274,113.05560698503572,1.014463497499114,0.7875357472762196,Oblong
2.0939736934618107,0.825794718695561,0.8735974151736985,2.0741649118462027,72.09253319737628,1.0095502442946913,0.7877839896485668,Oblong
0.8726483392456341,0.8549859852197205,0.9102052458875619,0.8721916204217119,107.40349488172626,1.000523645049125,0.8187988918085338,Oblong
1.1689788298560657,0.8308507339104696,0.8605773763787283,1.144557874678423,96.82942336511097,1.0213365839490678,0.7767095656762719,Oblong
0.9763337370153126,0.8145426858359348,0.8734741382696085,0.9698134803072681,110.80336599837848,1.0067232069263243,0.7795321179712673,Oblong
0.8145340568171714,0.8475312911906453,0.8501827852960561,0.7954266002708942,119.94404449088803,1.0240216464218947,0.7627185074266666,Oblong
0.8741078016129112,0.8954047805334384,0.8454306447540733,0.852821245703622,106.34337329852751,1.0249601613662036,0.7563818235470021,Oblong
1.0807595613996157,0.8177283212295137,0.9010836996365374,1.0807595613996157,102.6344584758369,0.9970714978112584,0.8145708420432948,Oblong
1.059962556435337,0.8150492255680446,0.8648885827064468,1.0453321102500353,110.701817736876,1.01399597892559,0.7776264621944792,Oblong
0.9415793946477713,0.8485160415201106,0.8826198625386412,0.9295927407451732,110.31080152871863,1.0128945218451142,0.7971576305920074,Oblong
0.9554665811461562,0.8055129237771073,0.9044761586810796,0.9547800197394222,107.99560541708621,1.000719078104422,0.8221248908502204,Oblong
0.8626656776250025,0.8275101294609949,0.9058380578216217,0.8626656776250025,118.75984491088927,0.9988472173520199,0.8177197497686356,Oblong
0.951908752068554,0.8163445029257409,0.8722135131397037,0.9381244920359847,109.51537633743254,1.0146934230473545,0.7865005207580269,Oblong
1.2097959804479443,0.8616262538556971,0.8837609431350285,1.1955078167990483,106.30803000877695,1.0119515434764388,0.8062011080571857,Oblong
0.8743872717453774,0.8127464893136427,0.861723294870112,0.8731131510725395,113.38452181186199,1.0014592847115782,0.7668943837024157,Oblong
0.800303355026118,0.8112542861985726,0.8836887047741194,0.7966834003781353,123.49979656275018,1.0045437806866122,0.7974286617562969,Oblong
1.0226227801809882,0.8661995647892556,0.8942428100648651,1.0226227801809882,104.44727532659692,0.9990291817915959,0.8050235051802549,Oblong
0.8691344637770007,0.8425244617200864,0.8709308800439634,0.8523714932577252,117.00812316639966,1.0196662730415913,0.7861266406072067,Oblong
0.8832137191903648,0.8318944474295487,0.896106176063972,0.8776504948286552,117.53832306766964,1.006338769697607,0.8122391686726835,Oblong
0.8309670835104251,0.8173426783470398,0.8838171645366103,0.8274742900093647,117.88246813284425,1.0042210296358827,0.7933472748592955,Oblong
0.9527744291938607,0.8439678281130983,0.896601722438627,0.9475335943627032,110.0513905745118,1.0055310279892318,0.8171789552655264,Oblong
0.976617571712236,0.823151213075207,0.8933608963102964,0.9632455247125473,107.31548127787707,1.0138822830281813,0.8060021068298105,Oblong
0.8730670536087943,0.840803144045374,0.8708825924446894,0.864601931278596,115.14454966713835,1.0097907742557086,0.778546356340856,Oblong
0.8663473419992844,0.81900532622487,0.8914139333279741,0.862702661775086,118.48043349783416,1.0042247235179491,0.8074643616798852,Oblong
1.049064638242201,0.832849176663237,0.8884794484657943,1.0398075983784554,101.82649696572692,1.0089026468725384,0.8029403463622179,Oblong
0.9669133787332881,0.7849417781221163,0.8969093162429923,0.9669133787332881,108.06273189742723,0.9993425031181796,0.8016651209847581,Oblong
0.9505396203226729,0.8072379802405517,0.9079571126865789,0.9505396203226729,110.78118531525764,0.9974681160104403,0.8145914974845433,Oblong
0.9096463112564084,0.822988490688502,0.8855397629675786,0.8948776908353404,115.31084798839632,1.016503507208099,0.7953719893264453,Oblong
0.8577169614858542,0.8705428953406424,0.8559646959739718,0.8347861232142448,107.9578929830671,1.0274691176984554,0.7699706779749719,Oblong
0.8497473812591316,0.8365307015368237,0.8609771032110476,0.8352609294386436,114.42544757594614,1.0173436243812146,0.770248261039622,Oblong
1.268435541007884,0.8179573182248573,0.8730835221617052,1.249742800439289,94.17048638924193,1.0149572700575067,0.7869066868486928,Oblong
1.0060005651521338,0.7927101886473216,0.8922193472704625,1.0004786119402802,105.92088405656273,1.005519311603418,0.8038477596353482,Oblong
0.9592468646998128,0.8226888039377573,0.8936448754596166,0.9517417865930088,114.48833776897582,1.0078856242444394,0.8045548988443938,Oblong
0.8107113656343431,0.819256083089128,0.8762835249684404,0.8052661643592993,114.90927546794637,1.0067619894092734,0.7873138401643819,Oblong
0.9257356920257621,0.8173038495762821,0.9178389763845267,0.9235839452123978,113.93852901711334,1.0023297793606292,0.8436858669651628,Oblong
0.9450182322719362,0.8545942340766866,0.8782758713825041,0.9281830781270471,111.7092573633243,1.0181377516371664,0.795088965209182,Oblong
0.8699802625879177,0.830724030459154,0.9020137769752937,0.8644927175556453,114.47573061274777,1.0063477053315018,0.814768197212014,Oblong
0.8124062966424098,0.8195087637542511,0.894027096675169,0.8109986862956361,118.39951160842664,1.0017356505880461,0.8061457769429913,Oblong
0.8496909039419756,0.8419632271132522,0.8785562316013018,0.8420614301844893,122.77749256889477,1.0090604716995704,0.7981022672464729,Oblong
1.0049904309915914,0.8301041424310586,0.8936210578571556,1.0049904309915914,110.16644977389441,0.9970603890950676,0.8084577646901175,Oblong
0.9365507626820427,0.8557284600724697,0.8666026136733405,0.9301905565903779,110.63901950699656,1.0068375302744186,0.7807689708101622,Oblong
0.939797549017703,0.865749772409721,0.8714670206596923,0.9204235527103298,110.36905866920554,1.0210490010281934,0.7796809220559456,Oblong
1.0007143146251805,0.8508569775315945,0.8592425214852525,0.9983960130172068,108.51638964469647,1.002322026107624,0.767629776835988,Oblong
1.0090296752044203,0.845382754038288,0.8651790678341752,0.9920014799188014,108.3503346638319,1.0171654938327437,0.7703961007509549,Oblong
1.902210594457216,0.8327966742927472,0.8881708410968486,1.8966626609702157,69.8627658101384,1.0029251029195474,0.794419564112876,Oblong
0.8394001915715149,0.8534673027047921,0.8691595037253195,0.8371204419501683,114.06748413583493,1.0027233233201613,0.7763342623519258,Oblong
0.918073221643234,0.908151072067754,0.8760089830416448,0.8923210784987877,107.16857589798651,1.028859727473625,0.7859837369718867,Oblong
0.8768140652012855,0.8742758412393161,0.8915284419096849,0.8623180264495826,111.2183767348551,1.016810548205037,0.7968782002471707,Oblong
0.9889648984956317,0.8389584127580841,0.8619583554412833,0.972898307738528,114.17579556101013,1.0165141522287668,0.777609051478207,Oblong
0.9219158368410884,0.8215708597541411,0.9066331649639829,0.9219158368410884,113.56838006263575,0.9995190255612756,0.8222655525573429,Oblong
0.8946223627075247,0.8208398177760355,0.8608482070798136,0.8845453653039812,112.8073065506652,1.0113922900947885,0.7689477522537321,Oblong
0.8354090865634151,0.8598676286116689,0.9142052501853829,0.8316966202895905,113.52061436411056,1.0044637265359235,0.8255718993136165,Oblong
0.8897153228978972,0.8480584808426438,0.8610583284064734,0.8744504005713569,113.86713856280682,1.0174565902383559,0.7667882882853007,Oblong
1.04464931333812,0.837383914647848,0.8883343413522266,1.0321582093032176,106.07890291633387,1.0121019277106122,0.7993779871536268,Oblong
0.8982158515476938,0.8499839698375261,0.8353874129397424,0.8798309412404361,112.88492108112666,1.0208959578999774,0.7452391021908097,Oblong
0.980198981030754,0.8525638430268407,0.8532574810612235,0.9641109398808491,108.75718953451204,1.0166869189886936,0.7637456098783909,Oblong
0.8608337845369078,0.8597478626359822,0.886954445297908,0.8438101552746202,112.08943388506015,1.0201747148406235,0.8002400587854631,Oblong
0.9030946811971671,0.8111608470983722,0.8841485181950585,0.8938250711661226,114.30488301291899,1.0103707205470875,0.7986431563249905,Oblong
0.9377895023519265,0.8400468303840203,0.8834544476992349,0.9325373319784886,110.23565392815662,1.0056321288095724,0.7943154676628379,Oblong
0.9302656753743374,0.8546217013424157,0.8488840099680017,0.9126569403557079,104.51176371181415,1.0192939255047646,0.7573026315916392,Oblong
0.9405845964305369,0.8308553284103819,0.8838751329122463,0.9267588548761585,110.48669528228916,1.014918380851323,0.7970972720730617,Oblong
0.8229875972864799,0.8385570776951238,0.8793762744704099,0.8130188604528299,115.60582877468462,1.0122613844752602,0.7981015581728589,Oblong
0.8194669621642737,0.8711709588250444,0.869518101445642,0.7987083246750163,108.89795378456962,1.0259902605844304,0.7850712676148364,Oblong
0.955242298164159,0.8381049025207045,0.8959098570231496,0.9413788025845796,113.69344604505537,1.014726798119436,0.8183315491621335,Oblong
0.9758160855394591,0.8054691592929664,0.8585626818140225,0.971383603339167,111.02233638076315,1.0045630605510072,0.7611982807406699,Oblong
0.8785306649032325,0.8682470328543404,0.8657196132912122,0.8707853460638398,117.38379508604659,1.008894636174579,0.7842448559741428,Oblong
0.8563483137973591,0.8563433015521891,0.8934110624151442,0.8547919981743258,113.22533456773611,1.00182069512391,0.8086839765465025,Oblong
0.7811008163256066,0.8068276544655726,0.8697377115120882,0.7713376473261782,112.86758465092011,1.0126574516792641,0.7808682898319974,Oblong
0.8253114664934418,0.8122480984475823,0.8602702326500583,0.817067858705218,113.5435070809307,1.0100892572145563,0.7683296738716758,Oblong
1.0219230390601406,0.8433817008710174,0.9075621103428259,1.021641630360823,108.89952132364793,1.0002754475649336,0.8153032265838395,Oblong
0.9400032986835346,0.8167708901558012,0.8899439605327049,0.9285802674224826,107.15864285970322,1.0123016088773453,0.8054615092154911,Oblong
0.9720448096840769,0.8472897314657929,0.9198405402026858,0.9699758800825659,110.46444868583401,1.0021329701531703,0.8263761950113383,Oblong
1.0695902262826933,0.8671928131107014,0.8617518067645723,1.0561427306279196,101.50132164237276,1.0127326499201281,0.7750726624725222,Oblong
0.7945601512069883,0.8431682919030362,0.9073418148066746,0.7907026395942907,117.64934795908664,1.0048785869928003,0.8231499514549737,Oblong
0.924537777871561,0.8484227141287476,0.8487002309694814,0.9084690953421944,113.45181243338598,1.0176876490479998,0.758195592508767,Oblong
0.8880924688756913,0.8036900928896811,0.8584709787605358,0.8722352583498281,106.00841416694203,1.018179969651609,0.7520650680653722,Oblong
0.8114059302528122,0.8542319337267956,0.8705776183010863,0.7978060459339079,119.5785609864611,1.01704660473334,0.786501923977822,Oblong
0.9948467017440422,0.8299789027996958,0.898289324506029,0.9921263192711098,111.04529246690545,1.0027419718841155,0.8192883651788593,Oblong
0.9376961043478412,0.8327038445180075,0.8899372281014084,0.9274510638565329,108.37978454672424,1.0110464485842598,0.8082626644680445,Oblong
0.8880924688756913,0.8036900928896811,0.8584709787605358,0.8722352583498281,106.00841416694203,1.018179969651609,0.7520650680653722,Oblong
1.0054383470133053,0.8059566608991228,0.9036955358693733,1.0005872414344388,108.62059043066738,1.0048482584806018,0.8145268276655818,Oblong
1.0775001404263638,0.8585382014596962,0.909826468658083,1.0734129892988107,98.91067607344996,1.0038076221997492,0.8194056176771274,Oblong
1.3125938897997695,0.8474226948883476,0.8842414817255816,1.3029323967155333,102.69729121644677,1.0074151913856706,0.8006257669823444,Oblong
0.9561639165495845,0.8186416487089478,0.8883039353594333,0.9535217008982605,117.27534652069444,1.0027710073602258,0.8038672272015146,Oblong
1.1703255816442717,0.8125149413545082,0.8795476056373837,1.1517563022202468,96.3124871792039,1.0161225767883613,0.7909857080323894,Oblong
0.9182330656719253,0.821252043427774,0.8648906017255434,0.9032773925814764,108.44143652428289,1.016557121005439,0.7795465378619695,Oblong
1.0110112813846206,0.8346975541789644,0.914277562919585,1.0057141580921074,104.4143966171975,1.0052670266694486,0.8271927209829308,Oblong
0.939943696894601,0.8207647256859455,0.8993552135464372,0.939943696894601,115.98625868633334,0.9947826190633299,0.8103465682271785,Oblong
1.0086434301120208,0.8124342979954853,0.8978266385207743,1.0068173051346319,113.07027880125061,1.0018137600218788,0.8099008813373234,Oblong
0.9029593606314491,0.8098573164237614,0.8836153743480724,0.8935734350915752,116.6169332919159,1.0105038099514587,0.7978506137947463,Oblong
0.9296651030084248,0.8252997000035599,0.9020607256685459,0.9296651030084248,115.36483539548976,0.9966748363200285,0.8157028252360485,Oblong
0.9593918126815855,0.853870895592172,0.8522872495448742,0.9443356464133188,104.3357479242311,1.015943659783946,0.7641627162558581,Oblong
0.9658961324453734,0.8670250490716991,0.9013237887439522,0.9561244401749087,106.2925306488586,1.0102201051033453,0.8029588123611495,Oblong
1.057974953338978,0.7656461710375623,0.9058406567493178,1.057974953338978,112.12677793637616,0.9945167858973692,0.8069898749211333,Oblong
0.9202606512629073,0.8764896894350938,0.8720838030329292,0.9037563097657563,107.1944279035948,1.0182619377799187,0.7901527098034489,Oblong
0.9262214401563656,0.8480144883710811,0.8736454393199528,0.9127154913655185,106.23644325050216,1.0147975452576583,0.7883175453478515,Oblong
0.8891118209640245,0.8436719769991851,0.8841316913809586,0.8801645180038482,113.54099188730248,1.010165489266107,0.7934165679736366,Oblong
0.9270874045295008,0.8690772077776949,0.8630496786247114,0.9118231920720486,109.54444999973038,1.016740320481173,0.7812340960570708,Oblong
0.8785970945277521,0.8244235026688441,0.8850735164034195,0.8725462914939648,113.8611882279206,1.006934649877919,0.7977728214958226,Oblong
0.9929312431749295,0.8001574326194086,0.8795151740442272,0.9857944683315346,109.72552084474934,1.0072396174584688,0.7951665527048163,Oblong
1.0088154735563588,0.8015602126094183,0.8782268187321777,0.9933219503811668,109.27482584097334,1.0155976852915076,0.7800022449671753,Oblong
0.9226252160538374,0.8387064377219247,0.9211991325286564,0.9208780831698273,113.8140662359216,1.0018972466778622,0.8401581684593621,Oblong
1.0812595348889154,0.8146397043819945,0.9032531200698348,1.0670317515619303,106.2102406131185,1.0133339830854688,0.8224187111210141,Oblong
0.8642271578344373,0.8448986494980124,0.9098838149228666,0.8630326167799542,113.75423567569915,1.001384120404325,0.8160479129634881,Oblong
0.8456907502100721,0.8051385966060336,0.8897173504854744,0.84350025946644,117.4605825345336,1.0025969058326285,0.802702670679568,Oblong
0.9686313961422928,0.8818502668144944,0.8894969020138475,0.9590505159139068,106.01272160537127,1.009989964104504,0.8085319323032564,Oblong
0.891244297460163,0.8451161639051884,0.867973179024817,0.8868073009228454,116.17017525122385,1.005003337853331,0.7897811284035968,Oblong
0.8611023559168228,0.8469960795406843,0.8836017975388195,0.8456721281342561,118.5736788951309,1.0182461113110224,0.799013191747282,Oblong
0.9654954692961948,0.8167687383329171,0.916880173764139,0.9654954692961948,116.08232004625798,0.9890604058780412,0.8371448059690154,Oblong
0.9011388940982398,0.8382217309990643,0.8708844378636282,0.8927331385882776,115.80883917471114,1.0094157538760737,0.7832927852297226,Oblong
0.9054673037275666,0.8405617922999611,0.9116851262080327,0.9054673037275666,120.74437125320195,0.9978498438772787,0.8337134758331849,Oblong
0.9066628227418593,0.8292640387891882,0.8796501199630418,0.898423317051403,115.48347805562821,1.0091710728495984,0.7885278695303809,Oblong
0.8283759746289744,0.8056763193132997,0.8814815859935063,0.8237626683350588,116.79690933868577,1.005600285702725,0.7905341912076301,Oblong
0.891775040536312,0.8318875303165355,0.9011885226280331,0.891775040536312,117.22750637025028,0.9977462894521512,0.8196522241437824,Oblong
1.0008566035860125,0.8431375314903866,0.8687525384974227,0.9873256005983484,112.82634143313048,1.0137047018526248,0.7867373492118508,Oblong
0.956832599715586,0.8091854351614084,0.9011823529170817,0.9492690199968935,110.80019729309961,1.0079677937016394,0.817735069361081,Oblong
1.0677044034741245,0.8303546972103865,0.9033998266651465,1.061579752813147,107.90627480267968,1.005769374034073,0.81619456138652,Oblong
0.9696144486342279,0.8404543471866319,0.9234857852329902,0.9696144486342279,109.23577066610824,0.9983943584783558,0.8270961109694501,Oblong
0.9428590119062935,0.8076446294316189,0.8750568415186548,0.940916942142797,113.64941282711446,1.0020640182746352,0.7791667038122142,Oblong
0.9142261197219106,0.8762716521867145,0.855322023491291,0.9042268663944538,107.89505362505658,1.011058345752685,0.7687395540869932,Oblong
1.0214274481164454,0.8238200196042424,0.8628605193241596,1.0076751784273645,110.55055353107441,1.0136475225186585,0.7736731106602716,Oblong
0.9373518542885991,0.8815047316189885,0.8783379352095954,0.9233958159097106,108.80936882342293,1.0151138202474301,0.7949587633184708,Oblong
0.9727380528497427,0.8083892428221077,0.8586302356807075,0.9557842547193929,111.22739655318631,1.017738101508407,0.7635358727601614,Oblong
0.9954253690213821,0.8367061330628295,0.8752463552930766,0.9818068829777172,108.03754217134151,1.0138708398563692,0.7925420824153718,Oblong
0.9431122793185607,0.8477543554464445,0.8834790957231209,0.9403888478563508,124.37623891723541,1.0028960695019067,0.8025588784133151,Oblong
0.9820165786497641,0.8339266109623831,0.868201391845028,0.966096754842322,106.46094701832122,1.0164784983777742,0.785137216993255,Oblong
0.9250362141603883,0.858253311672724,0.8765505874148918,0.9100209071429699,108.70390329959447,1.0164999582971772,0.8036440046580425,Oblong
0.9194646549935829,0.8516106479035734,0.867490756003323,0.9040003261730899,113.51925317942515,1.0171065522575178,0.7802471219477988,Oblong
0.8710909499635539,0.8418803984054539,0.9120007354841778,0.8710909499635539,118.01998983484113,0.9982888898338718,0.8260223891404125,Oblong
0.8968909191122545,0.8192395659562239,0.9264927411120916,0.8968909191122545,116.60360549974418,0.9841882376318003,0.8416606515308238,Oblong
1.2211919561916191,0.8208107689453353,0.8736917750694687,1.2006590730742441,94.73508395313564,1.0171013434020044,0.7778293725197205,Oblong
0.8765133047442917,0.8157877544525254,0.8728738961228415,0.8660720223170396,118.88985826968445,1.0120559054653653,0.7820774143808639,Oblong
0.9218197976497874,0.8101785519192959,0.9132186982281263,0.9218197976497874,113.77395507021932,0.996542015011956,0.8296395941389814,Oblong
0.9270739310525226,0.808679649446536,0.8751744324503165,0.919651196261469,117.51051544351817,1.008071250079626,0.7875165921181565,Oblong
0.8818636448679922,0.8281612880782883,0.9042463105496753,0.8812563890596686,119.01109638088812,1.0006890796093648,0.8161710254035085,Oblong
0.8615997040807636,0.814735273182624,0.9078326612301707,0.8522676991929774,114.46287447835651,1.0109496170001782,0.8243730752865334,Oblong
0.8025995586709829,0.8182251717628359,0.8981638075403382,0.7961440618248389,123.0915378071103,1.0081084531753555,0.8170751072507924,Oblong
0.8615901565427038,0.8515081729134477,0.8764910674914365,0.8573283251115992,112.08265327089315,1.0049710610349307,0.7892218710646359,Oblong
0.9252353597552495,0.8291116541932204,0.8480189798725022,0.9037198736133503,110.06704079954619,1.0238076939216505,0.7557907149048263,Oblong
1.1920809342917673,0.8408272279210652,0.8862642741825825,1.172570876203701,95.0809234916151,1.016638702601272,0.7901014829096146,Oblong
0.9432113073701183,0.8385625820744916,0.8849782536201536,0.9295495154510749,108.75278385043839,1.0146972180523528,0.7988100275137887,Oblong
0.925144665833763,0.8464263876012469,0.913267412999632,0.915245903542606,105.76871849952161,1.01081541283369,0.8244196128973696,Oblong
0.9044614579394922,0.8167723305707016,0.8918679361110724,0.904076321563558,117.15027038330082,1.0004259998484066,0.8030901890305702,Oblong
0.8893817393918334,0.8308372084131882,0.8665125108191662,0.8796940681950787,121.68448602140131,1.011012545778138,0.7815967469747688,Oblong
0.8497743151392998,0.8226302694437068,0.8879206234610464,0.8380893269934259,115.8537606064155,1.0139424137374387,0.8030145345880397,Oblong
0.8908039124721305,0.8590992880737333,0.8694925991152864,0.8779303686821648,109.1678639117432,1.0146635134735,0.7710755612318541,Oblong
0.8748260343093133,0.8366582564978217,0.8947987630059248,0.8725435608591109,113.82862190108919,1.002615884813768,0.8143589857854301,Oblong
0.941581458649185,0.8111464451241882,0.8853749198567541,0.9383103225558606,114.6879522470344,1.0034861985578654,0.7981587125837419,Oblong
0.8441464064643166,0.8332831692468782,0.878034356425799,0.8391922957983339,118.67756669987595,1.0059034272487806,0.7958244789445039,Oblong
0.9404953747005198,0.786559953411809,0.9148288074712194,0.9404953747005198,118.1256652531763,0.9953359422629664,0.8236468238558345,Oblong
0.9443302963727237,0.8251178507980553,0.8905039332452612,0.9384466038761334,109.05743563626227,1.0062696081719391,0.8039212942218363,Oblong
0.9328650668150688,0.8649169114068674,0.90585240344657,0.9328650668150688,105.80905041637197,0.9991172421826382,0.8200105380984136,Oblong
1.1458406641399732,0.8669375663575859,0.856376947772317,1.1300529731897637,93.40080269211508,1.0139707529866022,0.7696217867413812,Oblong
0.8830861230846302,0.8524336846847302,0.8956350684110949,0.8803613736561016,114.19494860523862,1.0030950351867585,0.8150638983683557,Oblong
0.9050885636888972,0.8094168016892827,0.9104997383774213,0.9050885636888972,117.27567478324556,0.9896964158997128,0.8286030432194207,Oblong
0.9762163517021522,0.8543530816620425,0.9258735873065959,0.9732588527924114,104.63526496344676,1.0030387588063086,0.8336839057738856,Oblong
1.0370243808100297,0.8234361208211943,0.9118169418191591,1.0370243808100297,111.567772705286,0.9964111926594218,0.8267040700121372,Oblong
0.843798343760291,0.8120871016030048,0.904236889547287,0.8418577146895294,110.27323584557618,1.0023051746594462,0.8132114621400448,Oblong
0.8720646323200882,0.8213961354349734,0.8975601357593508,0.8681215301471734,126.5098226910597,1.0045421084905546,0.8076445117020805,Oblong
0.8874186839411948,0.8497865669896558,0.871039694034355,0.8699654719013167,107.96384702395326,1.0200619594726374,0.7811682603148217,Oblong
1.045593370667323,0.8257271099523713,0.8825508829679201,1.0372893758149213,114.60499093640163,1.008005475661869,0.7973279565845038,Oblong
0.8441905634272999,0.8070892377840849,0.9037979921679778,0.8441905634272999,112.94576841961909,0.9963213283759879,0.8127536009313837,Oblong
1.040411974515669,0.8252635619152282,0.8862668574725808,1.0317306245793676,103.88432984918185,1.0084143571291593,0.790593956038646,Oblong
0.9678412772700309,0.8170888141390195,0.8935215874799689,0.9602559302173176,108.74826247193522,1.0078992972748386,0.8040804247119923,Oblong
0.7694655520046972,0.8435353657134442,0.8607340653748452,0.7514850221347069,113.51270938312373,1.023926664325144,0.7771376573049169,Oblong
0.9710102823147232,0.8281980075480658,0.8949337187190102,0.9590640371898876,107.38267679164775,1.0124561496016875,0.8126421555930676,Oblong
0.9302107718611231,0.8527080589891288,0.9252732874984442,0.9302107718611231,114.17822633473662,0.9915106365157846,0.8365391122747335,Oblong
0.9795830431115428,0.8187625422672239,0.9204167072644746,0.9795830431115428,115.23692886328529,0.9910534097831916,0.8300695861819939,Oblong
0.8802730498329856,0.8201258388411841,0.9045705266337474,0.8782730412278135,118.3708386716391,1.0022772059613445,0.8247217069809594,Oblong
0.924192319973289,0.8605692996848864,0.8404809679206398,0.9020603711404669,112.5699870753837,1.0245348865119093,0.7521739405373156,Oblong
1.0240832048329953,0.8429584018486156,0.8714991974431315,1.01392302300234,103.80594730752522,1.0100206638967224,0.7859049969817349,Oblong
0.9186036504444434,0.8643581461417635,0.8896438403059902,0.9176292477695642,107.59348687960643,1.001061869679119,0.7984786631762373,Oblong
0.9511949363678017,0.84178853762608,0.9006280074697305,0.9511949363678017,106.46367918060501,0.9988513478368142,0.8099968023596291,Oblong
0.9250111983275389,0.8488445775752608,0.8573719406402497,0.9022298383720146,113.48118857684535,1.0252500626632244,0.7740023415391798,Oblong
0.9382347070427797,0.8508924131135488,0.8956765734445583,0.9301629040405032,109.45254233690797,1.0086778380079593,0.8097255845536093,Oblong
0.995129428131684,0.8594701610315892,0.8755807011542602,0.9811557414674343,105.64319402737792,1.0142420678732924,0.7918828010547092,Oblong
0.8218998610083016,0.8218795752346009,0.8963442652084554,0.819509222050936,130.17785857607282,1.0029171593107673,0.8178601683114942,Oblong
0.9208959268899873,0.8571834630432101,0.8749039696075567,0.9055734598353319,110.44207838629251,1.0169201812268676,0.789777641606199,Oblong
0.9494222458842843,0.8795200377197272,0.8597532505349532,0.9312729369953476,105.06289635184461,1.0194887107398325,0.7735342594774558,Oblong
0.904917836013017,0.8587340064111778,0.8714383608489243,0.8850672245805202,107.7514253456491,1.0224283657570814,0.7854547540547232,Oblong
0.8841012861197287,0.854078156857707,0.8856460069966049,0.8763751512919119,107.79908051885043,1.0088160131154191,0.7962453384574698,Oblong
1.0862402943765044,0.8566695919827044,0.855073192242293,1.066624383585196,104.6178176602545,1.018390645379186,0.7626552381165742,Oblong
0.974255197276724,0.8686386833790015,0.868695630903493,0.9581571948562675,105.90099066416164,1.0168010035377038,0.7758803374487349,Oblong
0.9070007833758138,0.8485038045019253,0.8637334933360536,0.8896904904051524,118.22832773619666,1.0194565336567536,0.779834438562632,Oblong
0.8887694910612707,0.8795913896100037,0.8751984901321692,0.8774574142389322,121.39293899247315,1.0128918812910712,0.7920296163342203,Oblong
1.1127348767025962,0.860112028251587,0.8677430911370078,1.0971748881088914,100.81449630706665,1.0141818672322371,0.7826143925399223,Oblong
1.282604211318679,0.8418520774683853,0.8887298760264529,1.2778399969182055,96.92467912828494,1.003728334073095,0.8001178436228878,Oblong
0.9100194856300634,0.8318300535354006,0.8746435680675735,0.900590289327778,113.51160775361141,1.0104700177361712,0.7872414115809464,Oblong
0.8767703850697465,0.8319837062858088,0.9166206328594847,0.8754286341118918,108.27035491044948,1.0015326788564733,0.8217030527796809,Oblong
0.8337550450286754,0.8211860921506997,0.8854762452512697,0.8285046779349596,120.70090648629238,1.006337160469392,0.8041594001391698,Oblong
0.8060989267117853,0.8041585229476742,0.9160561797265433,0.8060989267117853,125.06491500923929,0.9925804181914829,0.8357568941583016,Oblong
0.9284495793038934,0.8489191835481026,0.8863809274318817,0.915552652170319,105.54774130326258,1.0140864942098111,0.8087139775726535,Oblong
0.9197000989436142,0.7983576457740279,0.8842401701223147,0.9115144056258955,113.9671671078912,1.0089803224910066,0.7971946511320473,Oblong
0.9234400344305572,0.8334708666199668,0.8806133205831552,0.912499812136821,119.56033898615654,1.0119892871737883,0.806891788177526,Oblong
0.8052625450066857,0.8748378928295465,0.8598506920990266,0.7884057292256312,109.03344464914004,1.0213808895042038,0.7711518732907844,Oblong
0.8772436796117732,0.8768234769368142,0.8727191095289629,0.8625544197328319,112.51100874178742,1.0170299514359815,0.7932845337386698,Oblong
0.8141386645428019,0.8584445691918035,0.8807917412645134,0.8007087649108775,106.74305286577776,1.0167725148274345,0.7957613102107661,Oblong
0.9068252722619431,0.8565568148310034,0.8878742276400975,0.9012734881916726,113.03328497260968,1.0061599327429565,0.8022136440448219,Oblong
0.9408618537764033,0.8737327268840198,0.8873512243723816,0.929776523784617,117.1451235060307,1.0119225746275717,0.8087553121122375,Oblong
0.9399625590855625,0.8664471870374442,0.8627043692162699,0.9239458787824082,107.21683649606257,1.0173350849556917,0.768230912884504,Oblong
1.0233831066105479,0.8504476860123729,0.8594724677485149,1.0074212722067115,99.34501208097355,1.0158442499123257,0.7638337626662374,Oblong
0.9321513766470021,0.8235562563511446,0.9058111975751043,0.9302434185158295,115.54262622452792,1.002051031045419,0.8223155220513316,Oblong
0.8436408648078102,0.8016013791773642,0.9044025549766472,0.8436408648078102,116.70721388338056,0.9963610448155769,0.815054028103911,Oblong
0.8946526796838907,0.841984597238409,0.8879255104943079,0.8897999505798772,117.67274205292884,1.0054537304714966,0.7934159770130328,Oblong
0.9120533113140424,0.8441474343320193,0.8684370382359483,0.9046639155081665,116.83262488472246,1.0081681115817749,0.7878405579120049,Oblong
0.9542638165418127,0.8753767504158503,0.8618370416921045,0.9403039704971379,111.62379814731086,1.0148460992218233,0.7792779960582669,Oblong
0.8648334120460459,0.8287867908053883,0.918787450321842,0.8631515028165623,112.76775505976403,1.0019485678052988,0.8345701344010092,Oblong
0.840443913663067,0.8348323717239725,0.8936373910632069,0.8349038212886569,119.14024417026302,1.0066356054831072,0.8087976210168758,Oblong
1.0241464923463437,0.8203906120583786,0.8880444405796267,1.0110949013449189,102.3535821624446,1.012908373866849,0.7989631152277822,Oblong
0.9220469154566677,0.82447338294982,0.899195456294628,0.9180217252588637,113.78791488631401,1.004384635011409,0.8080987516854305,Oblong
1.4877441971190353,0.8226359633669921,0.893905056428039,1.484707240425106,96.42164037072756,1.002045491940256,0.8159240709396135,Oblong
1.0373793310662835,0.8303586753961462,0.8922959888332036,1.0205303252639053,99.26355108823957,1.0165100491237449,0.8012554884402181,Oblong
0.9080602874247242,0.7960681111835196,0.8859387127080932,0.9026962022326379,111.70781642496182,1.0059422928542507,0.7911234133145447,Oblong
0.919109299545378,0.8326232651125782,0.8710060696241195,0.9094307268467293,116.53216681057619,1.0106424518250083,0.7847001672119213,Oblong
1.013663420760256,0.8185984915219185,0.8772564901179333,1.0039976574339406,112.11704931476955,1.0096272767717602,0.7885624040817105,Oblong
0.8325582926066363,0.836008089781545,0.887514371790471,0.8178452567422599,111.70678327853271,1.0179899996277817,0.8014402369044149,Oblong
0.9558572703485364,0.861022079206915,0.8721263306751353,0.944399661963681,103.0553793778509,1.0121321606162286,0.7851522891421093,Oblong
1.012664123270067,0.827568506974857,0.9004758769486382,1.0090721981492334,105.61098540606984,1.00355963143908,0.8179261422657493,Oblong
0.8555431774922695,0.8549802081720393,0.8758998577870841,0.8483955268034313,116.87458049443532,1.0084249037895907,0.7893863370801795,Oblong
1.2505228032270177,0.8720649251310777,0.8634100410891231,1.2244743995846974,87.07843970725884,1.0212731304559368,0.7798458497226455,Oblong
1.048334234291887,0.8025802902054184,0.8905327871819435,1.0381318934702362,95.54515075997595,1.009827595978722,0.7859041356557157,Oblong
0.8451987546865756,0.808983290323578,0.9072333529238427,0.8450798648460589,126.17556467627644,1.000140684739351,0.8304071263812015,Oblong
0.9617715760558427,0.8275077528403383,0.8683266031975319,0.9496752262234576,106.51262619919316,1.0127373543063647,0.77776164298673,Oblong
0.9030886913375116,0.8245715847146227,0.8838382371880696,0.8902703641645068,116.46614101459242,1.0143982409040813,0.8059142329855074,Oblong
1.2010365315151146,0.8604570248931107,0.854844502721178,1.1795670192261354,93.14245394481163,1.0182011805510334,0.7657868101669562,Oblong
0.9238058275014274,0.8352872598534484,0.8782814025608203,0.9147059125835445,110.14031167233806,1.009948459710051,0.790250524013396,Oblong
0.8836899931727794,0.8260471515037519,0.9105703442610251,0.8836899931727794,116.49847357538674,0.9951831589080707,0.8250200541149935,Oblong
0.9222829479770654,0.8263291881147055,0.8783503738957913,0.9164360388995666,116.31514852080753,1.0063800514485655,0.7834780391574986,Oblong
0.7856190562439216,0.8253521616814675,0.8970410081090141,0.7799920607914507,118.97913086016175,1.0072141701631698,0.8104510439377607,Oblong
0.9284570330847806,0.8410804527664874,0.8707682786884734,0.9128974725262252,113.77492068211411,1.0170441490165352,0.7776802387767676,Oblong
0.8010302126119593,0.8697960550373918,0.8630076362553628,0.7835511774223058,112.9439329336344,1.0223074582660385,0.7805101232615891,Oblong
1.0487379612772065,0.8106542588170481,0.8897167606354031,1.0419057346945124,109.14144650109434,1.006557432553817,0.7937608817165157,Oblong
0.8962488807355247,0.8151295997260388,0.927939954869106,0.8962488807355247,113.29935260336035,0.9926707589029194,0.8423808450651953,Oblong
1.2176880899608835,0.8182318036807854,0.9058268150274068,1.2173819067821257,108.69928369093083,1.0002515095526325,0.8260511125799787,Oblong
1.0435563323787695,0.8158974294945451,0.9204547061697341,1.0435563323787695,116.48573976848219,0.9955235160735366,0.833603198442426,Oblong
0.894632000332713,0.8133349527105268,0.9048860458609139,0.894632000332713,121.12002618828454,0.9918503933301812,0.8208516872547337,Oblong
0.96061122027668,0.8453203934589294,0.9017034153506543,0.9587257526900241,110.04322375433819,1.0019666391367557,0.8121495915371344,Oblong
0.8861676737794001,0.8410172771321263,0.8841950905584272,0.8743821361110908,112.35298949710642,1.0134787036257702,0.8123855912573696,Oblong
1.2451753512713772,0.8347766665596655,0.8843311667363145,1.2301662345814408,92.38335733629334,1.012200884943849,0.804133829133462,Oblong
0.9295065129034258,0.8504371772114893,0.9100558710156331,0.92509911974918,109.35541683508177,1.004764238836851,0.8242899858634344,Oblong
0.9606159305844185,0.8655085488640348,0.8783539310331303,0.9498873840248332,112.96275553675791,1.011294545795657,0.7922983665768618,Oblong
0.8834993372505842,0.818998460100258,0.8641651517344161,0.8739446162328735,120.55056171832383,1.0109328678731337,0.7719352552692048,Oblong
1.7448343485256974,0.8606328855168994,0.9046518104041095,1.74397882368877,75.80449495279598,1.0004905591887392,0.8206655439981102,Oblong
1.1826475588532526,0.8067202850033763,0.8719025512929478,1.1803513157866037,102.2858122131448,1.0019453895089858,0.780152861717442,Oblong
0.8747454724369997,0.8401632333528279,0.8766363929763972,0.8636161591159246,118.33130480889936,1.0128868748038111,0.7831970942441273,Oblong
1.0684353441647125,0.8396358667081452,0.8679205318535494,1.0533210809878186,104.71143865394485,1.0143491509376417,0.7872545439322609,Oblong
0.9098433540121508,0.8226336323358171,0.9002125503581978,0.908757161465786,115.14219684918481,1.001195250604257,0.820441607471774,Oblong
2.0510839500652644,0.8316200494740642,0.8633131164588485,2.0149958119428395,63.4642450612816,1.0179097831908788,0.7842271041907141,Oblong
0.9259238844802513,0.8624851983413163,0.8570039114023413,0.9111463613550747,111.88438957049921,1.0162186052120092,0.7683630388791212,Oblong
0.9526847206766175,0.8157150076862631,0.8977644383614428,0.9509569266784861,108.0870604239427,1.0018169003765147,0.8014989451812572,Oblong
1.1672341126774837,0.8730038293536478,0.8740658460077098,1.1474560575421464,94.66966473203178,1.0172364379492682,0.7911031147212423,Oblong
0.8814310497780046,0.8509143813487259,0.8697009011365358,0.8698297716573905,110.0096301520521,1.0133374120990464,0.7844091255439997,Oblong
0.8627096300142701,0.8520619056611531,0.8649443811635097,0.8499823374969991,116.1697536068674,1.0149735964570157,0.7812444404346773,Oblong
0.8799550044795598,0.8267457059215219,0.8509814987253365,0.8667987478159241,114.127678843739,1.0151779830056118,0.7586531993329096,Oblong
0.9590294488147476,0.8082988587198922,0.9000799265695837,0.9556261896225068,114.75487651535197,1.0035612870693562,0.8157329627855716,Oblong
0.9616662799109723,0.8677156963468716,0.8688852337882195,0.9473402180703208,108.93779491294596,1.015122404356307,0.7831417305068452,Oblong
0.8535494622617781,0.8112639479181635,0.8990722504350311,0.8502707913903981,120.75604136597784,1.0038560314015004,0.8131379706501491,Oblong
0.9337997721567712,0.8117216356271738,0.8959209783174127,0.9337997721567712,115.97227684638558,0.9979647530574576,0.8046484088516115,Oblong
0.916038336282352,0.8497133122110018,0.8805415353288863,0.9093621025181141,111.68640432159009,1.007341667027635,0.792012879791803,Oblong
0.8734960542509851,0.8116362256476822,0.8865175719038422,0.8734960542509851,115.03407651818326,0.9989604481496502,0.7903391917393927,Oblong
0.8329784804978813,0.8119326839057895,0.9038383684561373,0.8294279836789663,117.28190414322191,1.0042806571381477,0.8166362871708305,Oblong
0.8354271334619379,0.8401464021760795,0.8717561495549075,0.820239155292897,114.61496540111182,1.0185165242003322,0.7813475054529619,Oblong
0.9170305082704724,0.8346360939720291,0.8688748733485262,0.9030631991885903,114.23397905484558,1.015466590925676,0.7870426107216957,Oblong
0.9454342740225256,0.8069188945089961,0.8789076868758272,0.9403814119455688,114.642476769775,1.005373204970633,0.7844437361749002,Oblong
0.9312761236330701,0.8233111013178386,0.8695467150625183,0.9214448319168443,118.48381376635704,1.0106694306329487,0.7838476423145927,Oblong
0.952465569508731,0.8274764612025294,0.8718909765948141,0.9427333011343753,109.06004297213467,1.010323458779535,0.7814839874007552,Oblong
0.8835599742663491,0.819951004098525,0.8931189255714554,0.8821007326350049,118.64823792024035,1.0016542800355523,0.8087541055082306,Oblong
0.9017314228202657,0.8438561896357064,0.9005345163449076,0.8989783633512092,116.79377500117637,1.0030624312901077,0.804715878897774,Oblong
0.8871266188327912,0.8870394873453562,0.8965546719196178,0.884845729674673,107.41012210834688,1.0025777252255677,0.8174182270989642,Oblong
0.9346085177735904,0.8305840899437908,0.8538973141516082,0.9186724498329315,111.83409736885645,1.0173468442898848,0.76349020242334,Oblong
0.863162355359581,0.8609981907515071,0.8774300553406502,0.8525243001994485,122.0284215321004,1.0124783013899354,0.7940765133223066,Oblong
0.9310238582670637,0.8423505828849899,0.9130683972831487,0.9310238582670637,112.70705241990103,0.9989592013861587,0.8188856781202304,Oblong
1.2485009207632056,0.826548045218869,0.9424996216427115,1.2485009207632056,105.29391815673331,0.9827186057199307,0.859025283490595,Oblong
0.9079022123973177,0.8294050706441587,0.8775593516005867,0.9025453502458991,116.01745584356674,1.00593528308573,0.7942639206447981,Oblong
0.8234563821379892,0.8663948731469894,0.8939766018436033,0.8092242327369993,119.34267304768854,1.017587398925083,0.8148773259279805,Oblong
0.8935967793298891,0.8013734049966427,0.9148625349108797,0.8935967793298891,112.37202005444222,0.9918664819629345,0.8210056417146121,Oblong
0.8888208786625343,0.8694732874531319,0.8739222314083116,0.8663197698671682,103.07737016673255,1.0259732140232887,0.7822670579638751,Oblong
0.9354050334652553,0.8493744085858307,0.8917771218094354,0.9285316400024498,109.38791905661965,1.0074024332254174,0.7958308162006549,Oblong
0.8559151515378558,0.8223185164755803,0.8925266505714958,0.8448412374460655,114.28778729427218,1.0131076865107418,0.8073393148380298,Oblong
0.9265742410312959,0.8476530939780806,0.9265534817741046,0.9220855497274526,105.43269578766164,1.0048679770604474,0.8397670977869572,Oblong
0.8893842531670612,0.8426858484645041,0.8734000433668807,0.8733740913887686,105.93277626298102,1.0183313907936453,0.7906050815217287,Oblong
0.9771199308982251,0.8151641667842963,0.8860654110775871,0.9771199308982251,111.40206697333767,0.9993904720000522,0.7938700107284496,Oblong
0.8082212531026738,0.8283747241434744,0.8826762709318681,0.7945101840126301,112.55595129631529,1.0172572603422108,0.7964841172726084,Oblong
0.9538573955045695,0.8473180692349607,0.8679328284799628,0.9326420732636328,105.92405215214319,1.0227475500506824,0.7762848097294731,Oblong
0.8775991727101773,0.8434418419458749,0.9026610182594161,0.869747502472371,108.85236791015365,1.0090275283521792,0.8168173116019445,Oblong
0.9188606462625327,0.8888435430053788,0.865211539182219,0.9067247445158625,107.00979356972658,1.0133843283974235,0.7773337821207464,Oblong
0.8269219501029156,0.888531384310103,0.85186852500747,0.8126254997067913,116.35102899235342,1.0175929138345803,0.7628749021052802,Oblong
0.8496979795916718,0.836417409666603,0.8931144235828387,0.8437134670125562,113.49551523038936,1.0070930627672754,0.7961404536773048,Oblong
1.1896619809988622,0.8447937289996322,0.8642786271822301,1.1816906630685031,95.68151990332767,1.0067456891887931,0.7701762393455293,Oblong
1.119948812761783,0.8420321894339075,0.9029659499617414,1.1183839406187293,101.8730512748468,1.001399226228327,0.8134185044409945,Oblong
0.7648409630533423,0.8665911393831156,0.8721403557840944,0.7606913488071663,121.50574598745314,1.0054550564465905,0.7884507467886812,Oblong
0.9325230127479395,0.8965352824252886,0.8564860252234785,0.911545573986207,110.58192548962529,1.0230130443944758,0.7679805904292827,Oblong
1.0112820282670445,0.8722195019349183,0.8956773452854723,1.0078814265753095,108.001886622529,1.0033740096821606,0.8112551567582427,Oblong
0.8519698274417893,0.827994545792678,0.8802559636320421,0.8447791783517026,114.59694027610745,1.0085118682779526,0.784804178653243,Oblong
0.9991485310495585,0.825160813670936,0.8954202047387965,0.9964268582381416,115.62068649678038,1.002731432607336,0.8112877321504479,Oblong
1.0815108410548295,0.8353658765594818,0.9098118214867457,1.0815108410548295,107.82889278831819,0.9986736390668998,0.8268899072962822,Oblong
0.9226014604829746,0.8221264948279132,0.9037877962914246,0.9183211312034346,108.16306940408,1.0046610375544018,0.8204806866940193,Oblong
0.9872681034474254,0.8189192619777418,0.8891665372378009,0.9854014215004863,115.986757826562,1.0018943365680322,0.8119906607246522,Oblong
1.0261714630483407,0.855522189305517,0.9232841447225681,1.02198509874555,105.91191545997658,1.0040963065977473,0.8424447689934009,Oblong
0.9287689525290191,0.8380775695224756,0.8872010512069837,0.9173512018181471,109.06329388809456,1.0124464334796124,0.7963731166089792,Oblong
1.040437126449873,0.8629716723780436,0.8679883884047511,1.0235998317082688,104.47457353625383,1.0164490987786747,0.7808124647042088,Oblong
0.9668966498069269,0.8537020900337509,0.9171244923307261,0.9632225260108709,107.84767572918899,1.0038144080903841,0.8230788324446072,Oblong
0.8998686901732937,0.8614268354061317,0.8352105984939773,0.8821066689895175,110.42362703698463,1.0201359107783678,0.7389003970559014,Oblong
0.916864948119133,0.8241669723575445,0.871442704903227,0.9131100440957424,114.58382039853298,1.0041122141276073,0.7823797137390722,Oblong
1.0065452867393612,0.8603073338520615,0.8922866107268673,1.0034677341177272,104.0037329463507,1.003066917367642,0.8068464356466112,Oblong
1.1475147389954818,0.8106949307545176,0.8744701882347347,1.1340978093789489,100.79679599869544,1.0118304871992303,0.7865529914388476,Oblong
0.8635704586618633,0.876548168515307,0.8639003191744278,0.8500709773588478,117.12868106267888,1.0158804166505695,0.7770920581693733,Oblong
0.9073859779164678,0.8682901700458017,0.9065596841750635,0.9067889403670978,116.61274937314944,1.0006584085036683,0.816775464684605,Oblong
0.8805953718344401,0.8243893214986517,0.9281332620078796,0.8795353398498421,110.261476016818,1.0012052181834774,0.8493142498930195,Oblong
1.243331264960424,0.8266826308835407,0.8610320295077695,1.2301688318735013,93.32345935988035,1.0106996964529467,0.7584646095955331,Oblong
0.9542536447710674,0.843328792767245,0.8763453990746927,0.9365115234009714,113.20233214110766,1.0189449044958516,0.7927678615064391,Oblong
0.8283151607055542,0.8227842205737113,0.8917688401500645,0.8283151607055542,122.23978269226336,0.9996472752947303,0.8023527159619882,Oblong
1.0853243586495105,0.8463472665860039,0.8653216302659454,1.0732453764186733,94.78287584126636,1.0112546324412257,0.7799287012806916,Oblong
0.8861145411224505,0.8565655812981291,0.8859341958773713,0.8773849878362956,112.28986265185274,1.009949512935801,0.8058641220984646,Oblong
0.975753115043299,0.8382015595756656,0.9091456988236639,0.975753115043299,106.96567224386186,0.9983249143183102,0.8121196929460425,Oblong
0.761943790710654,0.8421798901020345,0.8845174246314912,0.7537612492117609,117.53167482805968,1.0108556144368657,0.7949320515974394,Oblong
0.8871170840549657,0.8297298584727594,0.8685373609192347,0.8761426531409339,117.39491283037971,1.0125258493861575,0.781605695260128,Oblong
0.8785516942683397,0.8442016058975996,0.8974204414908424,0.8773538313551614,113.46259497576239,1.00136531336659,0.8169334042129414,Oblong
1.2838302629361402,0.8579302868522968,0.853348109885986,1.2546285955460954,90.68729633211636,1.0232751489115663,0.769253757846211,Oblong
0.7508271839466094,0.8397472780361118,0.912856842796504,0.7508271839466094,132.1368939115061,0.9958690680359505,0.8272559192788079,Oblong
0.9051997062017954,0.859204278803826,0.904067252934321,0.903355492971819,114.7351461864977,1.0020415143809103,0.8110349394663866,Oblong
0.995784331440521,0.8409518587499057,0.8617259022475746,0.9788088615774074,110.91990548800734,1.0173429875121447,0.7735010819971998,Oblong
0.9675178521881781,0.8253437762388008,0.8951132396136073,0.9636361315708569,117.1587126946202,1.0040282016106987,0.8111236371611763,Oblong
0.9165477624862904,0.8011349897644962,0.873363742700143,0.9155499567856206,116.06911636764693,1.001089842988113,0.78060629952308,Oblong
0.939144385082696,0.8384233128230457,0.8858990259032106,0.9276023668622182,114.67152356158648,1.012442851196597,0.7984204265794517,Oblong
0.8038535883264152,0.8503299358081805,0.8985393981168063,0.8023062291256295,122.41582125281248,1.001928639146267,0.8188618768418172,Oblong
0.9125827776586752,0.8097822459822026,0.8858891825154899,0.9034898671716036,114.45357063533577,1.0100642085954292,0.8005342728784979,Oblong
0.7905086261960939,0.8330317607182723,0.8845036351409775,0.7866494975922547,122.91432499115426,1.004905779023124,0.8019725079537057,Oblong
0.9594874861704802,0.8223725620846937,0.896971436341432,0.9570900160568131,115.82716134915975,1.0025049578132104,0.8114761188731244,Oblong
0.9964152257081854,0.862150985595082,0.8822583746105601,0.9857131234747537,105.94789667242847,1.0108572179659185,0.8028138406452227,Oblong
0.9365869565540555,0.8284469959720527,0.8725584219822496,0.9325012436156123,116.64241354783891,1.0043814557529185,0.7812071322961017,Oblong
0.9606257634110347,0.867345411427593,0.8816860265561002,0.9471987583771908,104.04053856858472,1.0141754884231986,0.7941459569475557,Oblong
0.9798474759091095,0.8493382352045517,0.8887929291110211,0.9644364877083396,108.17851012993985,1.0159792670613168,0.807246627750744,Oblong
0.947452151757335,0.8479507032459247,0.90124303698124,0.947452151757335,117.54578745784464,0.9929736287018502,0.8150076397012664,Oblong
0.9187420469558402,0.8123596215804465,0.8820348269141608,0.9084339772237201,115.71069573557945,1.0113470763870178,0.7989321035742503,Oblong
0.9801679103751976,0.833158035083422,0.9136236899812765,0.9801679103751976,113.8440384118764,0.992047733325363,0.8223048070269702,Oblong
0.9766685593904985,0.8249992878602552,0.871278716307193,0.9669356870871157,117.86605333944708,1.0100656873392508,0.780955729420695,Oblong
0.8803450261124184,0.8346767205756178,0.8743506485544131,0.8665344759279452,111.06096910746373,1.0159376811519056,0.7879643558862909,Oblong
1.055632791033203,0.8181719899187682,0.8895150511215637,1.0493763101877023,107.55063318804046,1.0059620946125434,0.807751295709523,Oblong
1.0336221678181445,0.8152512145598834,0.8843651077008574,1.0313318874013602,108.13846925408718,1.0022207016429552,0.7894863681869702,Oblong
1.0143902106292706,0.8884695961996948,0.8626975468197425,0.995475389462325,104.61220067347652,1.0190007923522466,0.7765799586620834,Oblong
0.9945447191945419,0.8413865575199683,0.9211863430695634,0.9945447191945419,114.60049541401905,0.9968847234191135,0.835271996266605,Oblong
0.9853684695209413,0.8520945010487513,0.8906116944725614,0.9667878909481549,101.69245510827847,1.0192188780463147,0.8021235126950577,Oblong
1.0304110276560925,0.8646403915365767,0.8792725929455963,1.0224208799877492,103.66591489897081,1.0078149300593695,0.7958887303168297,Oblong
0.9598164324402284,0.8610885085059502,0.869642541074507,0.9500908989177567,107.57532912099536,1.0102364242553528,0.7814536018735605,Oblong
1.0099426774315527,0.8551780301719121,0.9106121729740747,1.0099426774315527,109.20206534282572,0.9984757949986485,0.8103409709986584,Oblong
0.9627806693788022,0.855207096738863,0.9075109231605897,0.9610966088278922,110.07510375340972,1.001752228168783,0.8233797062646153,Oblong
1.1009399685696633,0.8771358680503614,0.864417390662111,1.0849209960041226,100.89261426067955,1.0147651051316549,0.7762897758439656,Oblong
0.9339576849337524,0.8353435103472057,0.9067063910933357,0.9339576849337524,115.36939803018144,0.9999009594570493,0.8212639358814234,Oblong
0.9494542191231637,0.8592135588418414,0.8953818027777773,0.9480453247207192,114.24102754489049,1.0014861044780317,0.81833762689006,Oblong
0.9112435697366525,0.8563303270200255,0.896269523652648,0.9044225114869234,112.53823508931268,1.0075418934879397,0.8077838489455842,Oblong
0.8981045582601763,0.8736621235389357,0.8847400433844289,0.8765289702917514,106.52919575397726,1.024614803046662,0.8093787064287397,Oblong
0.9062235222988868,0.8737157964452674,0.8795248263114384,0.9010315169756132,109.41466509161981,1.0057622904698171,0.7962400351324485,Oblong
0.8136612576416009,0.8452621870594151,0.9281473694411368,0.8136612576416009,109.7572508462298,0.9946892530635632,0.8395788393694603,Oblong
0.984842378728009,0.8396330153054902,0.9023781634421866,0.9785278761274899,102.64004911233512,1.0064530635810893,0.816349444980974,Oblong
0.8124942353663464,0.8583075302244909,0.877596289543651,0.8075635939176316,123.91013024382161,1.0061055766825686,0.7916428269490767,Oblong
0.9763157769882628,0.8288401603328893,0.8792710317735187,0.9590458535999804,108.37951376692567,1.0180074011304632,0.7877341839100794,Oblong
1.029270002878267,0.8270035770781486,0.8988092515170981,1.0250483781883117,105.08769490545336,1.0041184638498886,0.8113499917202712,Oblong
0.9570894739742292,0.8305470060626219,0.8998225232463302,0.9546636879001595,113.65789345639931,1.002540984961317,0.804277746264033,Oblong
0.9258130132226761,0.8163518609217827,0.8919385814671761,0.9258130132226761,110.7817852426265,0.9964706987274179,0.800277376343337,Oblong
1.0074728651784777,0.8443685479069044,0.9147797198097865,1.0074728651784777,108.51167672001289,0.995652652095254,0.8315644588092446,Oblong
1.012216104575393,0.8335426364412284,0.9244313426124428,1.012216104575393,106.66700177450056,0.9967166155288489,0.8373949675415882,Oblong
0.9067792936969914,0.8520950359000568,0.8762713150881277,0.8966702593832899,115.80791451734879,1.0112739707912854,0.7942595894417346,Oblong
0.8886202859273002,0.8440700385494164,0.9040507816283008,0.8886202859273002,121.70180435710489,0.9985262613699358,0.82100240319505,Oblong
0.8662813933813484,0.870441434946678,0.8663346160816059,0.8534432194051955,113.74009373522617,1.015042798025978,0.7835045038108572,Oblong
0.8639156487010545,0.8080897290496223,0.8779211731763975,0.8619910015533442,117.48028703375982,1.0022327926210854,0.7863364208196778,Oblong
0.9255199386379263,0.7932439276873917,0.9015034632255876,0.9255199386379263,118.42332307897864,0.9925446508551695,0.8184496386300825,Oblong
1.0436986905881647,0.800258751141157,0.8718497727421702,1.0328322130306367,112.53502892645238,1.010521048259758,0.788743642556884,Oblong
0.933253486782564,0.8150466658302236,0.8823496846933799,0.931212499688768,118.41650175906354,1.0021917522525505,0.7936686881436626,Oblong
1.0158193099167283,0.8050255963429833,0.8817165168727069,1.002241755968765,105.53742047140767,1.013547184466326,0.7965097870624706,Oblong
0.9404432714569645,0.8631957078677431,0.8823856607057388,0.9257462855178634,107.07387285251562,1.0158758249090674,0.7934112718504465,Oblong
0.9904692588623456,0.8141956181626138,0.8900043979411345,0.9747540890821516,105.7954872101418,1.0161221891307908,0.7992766001357067,Oblong
1.0189283011204797,0.8350429756946011,0.901115287980601,1.005102785313195,106.95420889899889,1.0137553253351859,0.8300737396535673,Oblong
0.9873507043468139,0.8461936009269567,0.8955278692257843,0.9810811017384016,112.51769003956313,1.0063905039015664,0.8061145375151683,Oblong
1.019927693900695,0.8273359082786306,0.9003919583101336,1.0171961876781481,105.88886635676505,1.0026853288044477,0.8183260874893654,Oblong
0.9286636989357805,0.8301930286776005,0.930302698599089,0.9191999019798716,100.14129057946658,1.0102956896922255,0.8461185093474638,Oblong
0.9403165525009628,0.8390410824239262,0.8724601106449408,0.9191311293267284,102.71350592539267,1.023049402308627,0.787635384681334,Oblong
1.2879480880116352,0.9013146181493263,0.8494973691212949,1.245612600942805,78.34385944234519,1.0339876836801316,0.7634821564590104,Oblong
0.8680400798343111,0.818591244338232,0.8772879435723796,0.8571432900777711,115.8385679951109,1.0127129149614544,0.7947688556876524,Oblong
0.9428097245549368,0.853311659977098,0.8627942038143915,0.9208318940720267,106.84543207550387,1.0238673645259195,0.7859978524902126,Oblong
0.9318822207664839,0.8438128473077062,0.8572865289800148,0.9174165610904819,116.58563189215128,1.0157678205185303,0.7635031231360557,Oval
0.936919751253097,0.8331713005998684,0.8907858657398269,0.9341644270554957,116.39057050578593,1.0029495066583578,0.7959240527624343,Oval
1.0165576369150757,0.8498533995487147,0.8690034072122087,1.00677241815053,112.86326151410191,1.009719394957722,0.7770422046607183,Oval
0.9585028255870709,0.8326727100705311,0.885476574832671,0.955862939140363,111.26493311553493,1.0027617834509641,0.79766194449458,Oval
0.9481762885589153,0.8443978471013768,0.8710164619374545,0.9273429031194153,106.26171497667812,1.0224656762556983,0.7907654224674685,Oval
0.8799364397450861,0.8213366401820079,0.8750092843753942,0.8738500395953686,115.3320944869637,1.0069650396222856,0.7886627448235701,Oval
0.7737049639373436,0.8240075412513925,0.8960752216307594,0.7714381136894839,131.7812946523316,1.0029384732328277,0.8137552335502668,Oval
0.9042771902234296,0.8484479745329043,0.8879397616553385,0.9000368302758114,125.07751345282493,1.0047113182538527,0.8014190370062166,Oval
1.0315949283964196,0.8390104367243941,0.9061986391148115,1.0315949283964196,112.34650903057154,0.9958534055840021,0.8138703528069945,Oval
1.0377232680563575,0.8306660994492282,0.8659614864283742,1.0248352910416965,108.6368832990548,1.0125756569151332,0.7741372928366361,Oval
0.8603277449303259,0.8414519379904569,0.8652431459318294,0.847906212484478,116.51026319670179,1.0146496537741494,0.7770320133442327,Oval
0.9781882431468211,0.8524052686598553,0.8831122235145198,0.9760393271427663,117.56876623804625,1.0022016694863571,0.790916781453543,Oval
0.7888764793619756,0.840757698487394,0.8672020750480163,0.782010803205756,118.95309121407715,1.0087795157407986,0.7777967727976167,Oval
0.8917009073619023,0.8673082406502179,0.8781128187206177,0.8756883621613984,120.20470490158357,1.0182856663310922,0.7954796732153144,Oval
0.9073648025353817,0.8435217951013897,0.8731931375023904,0.8971249606730471,111.39593722874292,1.011414064161867,0.7844315739638879,Oval
0.9015079488956017,0.8291864904401774,0.8893192372081992,0.8922701433136997,115.22148533700013,1.0103531488205968,0.8067557114318239,Oval
1.0305342807282554,0.8168969673691435,0.898002182015113,1.0305342807282554,109.45717371425233,0.9918120679258522,0.8022283332084074,Oval
0.9069980509971071,0.8396432753144863,0.8757451569942631,0.9007695797586046,112.8575502560314,1.0069146109931595,0.7897995865281954,Oval
0.931924181202592,0.8259516349841133,0.8735139337535305,0.9200994683151598,116.66764814694504,1.012851559309218,0.7865803040785831,Oval
0.8133199269733052,0.8443208303020412,0.8816440526714797,0.8081608681350456,125.78324193756704,1.0063837028513456,0.7935639049038354,Oval
0.9267757583670226,0.8457506416460924,0.8381720026016801,0.9139310276662537,108.56364225964418,1.0140543764375396,0.7424500147828983,Oval
1.0433014889421945,0.8386618653861312,0.8624344110139717,1.0291993287319274,107.23874091284883,1.0137020689934206,0.7686161537540777,Oval
0.8724123304151691,0.8434818901216035,0.8746961466481697,0.8555959433702163,109.79980148395747,1.0196545895001705,0.7821397943604165,Oval
0.939492651886357,0.839410074434397,0.8735023232275192,0.9316163992722039,118.16991734741194,1.0084543945558562,0.7778550531388164,Oval
0.8100783337411926,0.8700307413455739,0.8487155568133533,0.7891253794484913,111.94866345128345,1.026552123196627,0.7606912025687714,Oval
0.7756963974785003,0.8365051497998595,0.9219448259545131,0.7756963974785003,118.54197085200501,0.9998838073529961,0.8291172616658359,Oval
1.0842737432582767,0.8290664791933897,0.895429652460686,1.0782143087029128,113.85766638285746,1.0056198795605424,0.8010142954497848,Oval
1.0231325043870507,0.8677389916333869,0.8462755007453024,0.9988091712183786,106.77666905617359,1.0243523326272643,0.7515399699462527,Oval
1.1380194136767032,0.8373541723016575,0.8550032635988618,1.1206401969875808,100.17576330460804,1.0155082931487198,0.770254734930299,Oval
1.169158073899484,0.8489328134401494,0.8570549715777604,1.1548078766274719,101.58938390843355,1.0124264802504819,0.7690058301342174,Oval
1.1036605653907052,0.8358575195536134,0.8933152990490038,1.101383068344539,103.65639638462538,1.0020678518779027,0.8004198397835753,Oval
0.8011080567154769,0.8634883404124227,0.8652091324276999,0.7825821398974969,115.07873340361249,1.02367280809706,0.7774635776842952,Oval
1.0273215211696802,0.8475689919248093,0.8612702033556063,1.0048785402787057,104.48316788223296,1.0223340234579494,0.7716739258584376,Oval
1.2120361990324025,0.847122781312439,0.8722544404964132,1.1925199287284174,100.71695124753575,1.0163655716217634,0.7785865668542853,Oval
0.8954372989318098,0.8400890782411609,0.8606211983504335,0.8823396974484446,115.47924527055868,1.014844171152268,0.764413373711403,Oval
1.0409627097557086,0.8030237208814436,0.8985091986998317,1.0409627097557086,108.31686383604973,0.9984251038392715,0.8109333203698718,Oval
0.8937106036777505,0.8152853003335305,0.8828840764741862,0.8861091967614041,113.70136972929335,1.0085784087831706,0.7854867184055443,Oval
0.8829083851057387,0.8602996555251416,0.8477057482117494,0.8652039301468071,112.90412720071527,1.0204627537416842,0.7614332673202004,Oval
1.117875782848401,0.8104358409418131,0.9119785042289221,1.117875782848401,107.57468467597323,0.9978241005221788,0.8195621903557994,Oval
0.7418766771542932,0.8377399175942973,0.8957664233304584,0.7358343265147659,122.72326284576903,1.008211563964604,0.8069145585835832,Oval
0.9937701116856165,0.8255757954480664,0.8840403412320743,0.9881660632248599,112.02006161938625,1.005671160616939,0.7906480646973189,Oval
0.9372923289496117,0.8652607733832864,0.8807374715252345,0.9280868608818312,109.74529900789894,1.009918757021335,0.7898928552402429,Oval
0.9302144368115632,0.851817934601846,0.8789062630722867,0.9124307089997218,113.49770718270788,1.0194904967976552,0.7951380678809952,Oval
0.8353932335843139,0.8337578793154854,0.8846353239211935,0.8257928397401847,120.6747666116135,1.0116256685479976,0.7991346346196144,Oval
0.6377690830997357,0.8462958629535519,0.8760130804464108,0.6278624382151178,122.63870018954552,1.0157783684476818,0.7859537743580505,Oval
0.9186030424140401,0.8491563559821611,0.8730170704645901,0.9136255051407343,113.96887827085443,1.005448115497322,0.7803629444344541,Oval
0.8733807029561397,0.8172669980174877,0.8632806414558417,0.863786119079276,119.5996849482401,1.0111075921051969,0.7749396097924967,Oval
0.960318635672537,0.8522067144042215,0.8918381649529943,0.9550595942163265,110.40491656820133,1.0055065060736088,0.8020746346492406,Oval
0.8545728338898905,0.835339508295541,0.8867669245078998,0.8455444014577426,117.16967026645015,1.0106776562136568,0.80637437885464,Oval
0.9853335992875659,0.8532659482082606,0.8449288683627009,0.9606356914591563,106.44090951964041,1.0257099627340462,0.7578029970527936,Oval
1.0600110976030535,0.8483800436989446,0.8775699474835349,1.0455328368103276,101.01290564358771,1.0138477341724583,0.7871584026394441,Oval
0.9149230396182348,0.8169536297807438,0.8827357313384924,0.9076289099321675,114.87562732029254,1.008036466893295,0.7992993693624806,Oval
0.9191120483554496,0.8242410521666861,0.8978944671605635,0.9128080526794021,116.11347979656371,1.006906156948926,0.817728994077269,Oval
0.8545212094821919,0.8137307041489722,0.8570890352137451,0.8459685703857248,116.96605640757409,1.0101098780685993,0.7679491201324331,Oval
0.9809573758798138,0.8405613408776207,0.8907293038822954,0.9764232107666726,109.68286900221815,1.0046436474093863,0.8034939190826142,Oval
0.9855928143667384,0.8520690550560138,0.8945784262115078,0.9776708997708292,113.92324215083433,1.0081028438074264,0.8050365899976508,Oval
0.9690855461646736,0.8584290734731803,0.8390095421042431,0.9549151850958685,108.87015361796247,1.0148393923250707,0.7439780326390963,Oval
0.8912014430804244,0.8717292115573161,0.8514666897059006,0.8738978565602312,110.13080287127,1.0198004679726556,0.7662671426369521,Oval
0.9201688530073889,0.861833068600008,0.8743250814060775,0.9059298946990273,113.32604184775988,1.0157175057271868,0.7900685755222565,Oval
0.9696212147959797,0.8685349690574728,0.8493729147656404,0.9502126581028537,111.68032317985146,1.0204254874186545,0.7561317648869251,Oval
0.862984179047062,0.8615555050981061,0.8758200721870782,0.8472986942968976,122.17029081151408,1.0185123438236623,0.7919976738805631,Oval
1.0029885332897783,0.8454636537163758,0.8769925174963173,0.9919028134697419,112.83885690898408,1.0111762157234518,0.7968227002196178,Oval
1.0190400341042478,0.8382960878967554,0.8750407778326871,1.007244490305517,114.16431069509385,1.0117107057047816,0.7890906658696014,Oval
0.9618715864386466,0.8541696352697895,0.8826034227856889,0.9484208847871844,110.03111581328655,1.0141822073587934,0.7885722518436415,Oval
0.9617556916504234,0.8751077062665,0.8954455010963893,0.9529979597136868,118.11159616269815,1.0091896649383882,0.808696313625232,Oval
0.8425421039179124,0.8428471521801557,0.8678017072965684,0.82078291883995,117.023118542068,1.026510280097831,0.7847157832258672,Oval
0.8084569392967967,0.8413102159781141,0.8513321562160506,0.7904792499378684,118.60778749015793,1.0227427720086788,0.7574513902987572,Oval
0.8663552115660155,0.8420137619377237,0.8559957997191678,0.8489439049069394,114.48110133817288,1.0205093723606917,0.7614523474684367,Oval
1.1119763135699847,0.824353850687054,0.8836864826844973,1.0966817386293417,103.6323359394103,1.0139462292494799,0.794695147801357,Oval
0.7878031298559734,0.8456815346632205,0.8549057854477995,0.768533241514188,117.43976168919863,1.0250735912266062,0.7685552890532149,Oval
0.9235641253685625,0.8689029843182232,0.8786317360865129,0.9061359423690989,108.64030599850949,1.0192335191493425,0.7853981175270102,Oval
0.953524103384129,0.828773858419991,0.8854977083399256,0.9436347815715709,113.8298438949582,1.0104800310519373,0.7999955824272366,Oval
0.9023912126431688,0.8337832302270276,0.8840437221747951,0.8881108035734437,115.3341838521833,1.0160795353600764,0.8017838654955689,Oval
0.8872255283619107,0.8485318568541544,0.9023962824383421,0.8795337354906891,114.31589382157435,1.0087453073837245,0.8107892237587978,Oval
0.9549522265493297,0.8168739298077036,0.8651412793207173,0.9445682471713602,116.80782521444047,1.0109933606270014,0.7729842367443146,Oval
0.8268308884319077,0.8658413700023847,0.8764252797835566,0.8176868770518897,114.6791164375882,1.0111827786853889,0.7880710551200455,Oval
0.8403717100421417,0.8178321833409865,0.8661173359056671,0.824871360202946,120.3503444453193,1.018791232896463,0.7769779257875141,Oval
0.9121934314713369,0.8570876492040063,0.8535236545786073,0.8922551401384525,114.72811464092209,1.0223459528961532,0.7653107894594259,Oval
0.9519723586989688,0.8605104923406267,0.8636560491108345,0.9320032329978183,103.57288816675695,1.0214260262133632,0.7762783917295085,Oval
0.8458460347061331,0.8545203455674301,0.8713987294035003,0.8285893901509003,121.10287411674535,1.0208265333352748,0.79054272571279,Oval
0.8595577177126197,0.8384312696161396,0.8825460501572728,0.8498820033305735,121.25855117773239,1.0113847738205166,0.794468880993052,Oval
0.9231404348818701,0.8425843772113928,0.8582123325832403,0.9105064214465666,114.25383411935147,1.0138758092614342,0.7673860264497618,Oval
0.8547117680473315,0.827736367706168,0.8839534846678131,0.84460376213956,118.0649092619491,1.011967749092386,0.7967851443161614,Oval
1.0129129674619788,0.8625821444874917,0.8798262606580985,0.9980270454622887,104.15269185669892,1.0149153493057845,0.7908690816433169,Oval
0.7738544149657127,0.866255629654049,0.8933720733503965,0.7653275706533365,122.25838200197713,1.0111414309889517,0.8051397387941206,Oval
0.8983581685682949,0.8471520810963711,0.879133449135458,0.882436431541756,115.85091071664864,1.0180429280313383,0.7888291546649706,Oval
1.0154597583682268,0.8260945428478546,0.8701371393061814,0.9930454508388018,103.39198763115674,1.0225712806100589,0.7826368062070468,Oval
0.846244990583723,0.8255497291077382,0.8857434961749372,0.8356954956128159,114.55616468011902,1.0126236111434002,0.8008119135335136,Oval
0.9470341125648597,0.8417280111208166,0.8636719406858059,0.9262710053853629,114.09892335633877,1.0224158017025033,0.7776072679453407,Oval
0.7620938288022506,0.8521364994243877,0.8706833716050727,0.7532558231130246,121.05385039338485,1.0117330731712113,0.7858540998836208,Oval
0.759978376013812,0.8546197812456492,0.8599999102047174,0.7419228335817086,124.1670856887345,1.0243361460449174,0.7710669917093299,Oval
0.8790828821221212,0.8314788818994077,0.8915860279901164,0.867186101813448,110.64860855496158,1.013718831844508,0.8075728607664812,Oval
0.9108304038686224,0.8349764095836822,0.8771473637893791,0.8939640052103722,109.64054241709724,1.0188669773726304,0.7761790312077805,Oval
0.9451387107060832,0.8140952677910451,0.8731376532973685,0.9413859570085218,111.15954378290452,1.0039864135104444,0.777533747117969,Oval
0.9250287126674435,0.8577503447957155,0.8811636152774944,0.9206519613498836,123.63968194034418,1.0047539694708765,0.7934146469693413,Oval
0.9460852456977688,0.8653274127486196,0.8793527692748219,0.9348229931736082,109.74269899764955,1.012047470597537,0.7869783457651567,Oval
0.8237742110606994,0.8218071208636567,0.8927669079044329,0.8186344814300622,121.32119394534392,1.0062784182040054,0.8064626506245557,Oval
0.9913119497613377,0.8365684152368343,0.869049890167625,0.9844272829538695,118.34523511539183,1.0069935757842978,0.7746229863878006,Oval
1.0101936263237368,0.8308705474441116,0.8964608837734596,1.0027055573564223,109.71037574807642,1.007467864232304,0.8064876199152036,Oval
0.9154079976656112,0.8559322646220348,0.8510112232061833,0.8968620364325259,117.23874228766977,1.020678722567917,0.7694431657371705,Oval
0.9010878672168361,0.8373203954786226,0.8924536714185672,0.8851551534219962,113.52580025549756,1.0179999107876672,0.8115393938150598,Oval
0.9751278994264576,0.8454845410072493,0.9040547299828252,0.9676293975244936,114.58624320294446,1.0077493531316304,0.8215188238086982,Oval
0.6699216611094231,0.8500456389265507,0.887195193310513,0.6581580150715545,126.13282766344564,1.0178735892726152,0.7985774686218063,Oval
0.7666240081749071,0.8533264101633968,0.861316720446447,0.7534652490019036,117.81125893253974,1.017464321268213,0.7759918239378031,Oval
0.9056993909478402,0.839098499195822,0.8835094607324885,0.9003163655948093,125.49579070985939,1.005979037545846,0.7994501793116897,Oval
0.7809343055597575,0.8519484854694724,0.8608449223402251,0.7691648403034471,122.02659259415672,1.015301616298097,0.7790891613703568,Oval
1.2610721442272,0.8660008253235465,0.88246405249959,1.2467938838639654,96.00977248851584,1.0114519813964635,0.7798594784762243,Oval
0.975630838124911,0.8733794758029113,0.8604835693929259,0.9556851552715642,109.67226433450291,1.0208705584086206,0.7634360231413365,Oval
0.9502479986887334,0.8625905731946025,0.8791065175977474,0.9375883608822433,109.85712872524515,1.013502341042905,0.7908555412674281,Oval
0.9917214849187032,0.8474987596534853,0.8656055949890246,0.980760694417024,114.23182855047986,1.0111758052337063,0.7636218771842485,Oval
0.9902505634438187,0.8532055345306968,0.8630396850399805,0.9791902505017496,111.11792200713295,1.0112953666934508,0.7578274148745828,Oval
0.9219584118714377,0.850859817321563,0.8990507890070065,0.9148907181404161,116.70905386524099,1.0077251780905452,0.8084412246204319,Oval
0.9236938746977799,0.8377285443234097,0.9073016812217191,0.9216529789217618,109.6953996573499,1.0022143863500617,0.820837384624695,Oval
0.9265426407532323,0.840033551364336,0.8589089492606765,0.9110844091580558,111.63147917906689,1.0169668489986146,0.7609222485408804,Oval
0.9947243763838565,0.8172627875529064,0.8553130620014824,0.9835689714453268,104.59264751403559,1.0113417617496991,0.7510916502140259,Oval
0.8846924789157771,0.8368446550016738,0.8680576488797997,0.8675018278065351,118.29568727094035,1.0198162707653402,0.7842490043845092,Oval
0.7943928745476643,0.8401640269447037,0.8459628932772895,0.7848029645363312,114.51478554152011,1.0122195129792848,0.7507710643473582,Oval
0.8783983140294042,0.8387068157888065,0.8815524592494316,0.8721809185991753,119.94810567348841,1.007128561629409,0.7909336594962725,Oval
1.1615010299266293,0.8350113130509492,0.8880668744532774,1.1563172283062126,110.85385938518615,1.0044830272294827,0.8007736806895928,Oval
0.9575956570420066,0.8390985567486274,0.8821413638231455,0.9442188120616808,105.02398726211425,1.0141671028043995,0.7934684485656675,Oval
0.7573647138043758,0.8567990608470594,0.8572569167325516,0.7444525287800404,119.27906303414638,1.0173445377981252,0.7690206073337,Oval
1.2463660622447656,0.8440923129876532,0.8635455177713021,1.222976270200553,100.13266007997292,1.0191253032574188,0.7703221832786566,Oval
1.0020313248858264,0.8519934672853162,0.875485016479735,0.9845970043883914,111.48039938505342,1.0177070623003417,0.7856962968340054,Oval
0.9957045199842451,0.8401299349261107,0.8847378998985412,0.986070088094949,109.76098274876361,1.0097705345751937,0.7888462482673891,Oval
0.9150492254660311,0.8562907203418958,0.8674825337608685,0.9009859394151072,114.86616721024704,1.0156087741613964,0.7740469499115222,Oval
1.0953971350016267,0.8627552029170888,0.8623846308901704,1.078242074084676,100.79091691398683,1.0159102128633903,0.7694657232674186,Oval
0.8260475105589042,0.8205862118151611,0.8754344908175795,0.81678240142415,114.79682656170885,1.0113434240485586,0.7851002668305999,Oval
1.5086190293640025,0.8043274816959559,0.8912361835638045,1.5077652731360935,87.2710301586167,1.000566239482445,0.7954824720730069,Oval
1.029064186138882,0.8662394542457603,0.8541718146164654,1.0111598600907905,104.64257829967393,1.017706721513336,0.7670576425697168,Oval
0.7941144626554173,0.814712105076837,0.9157408697118052,0.7904053662305298,120.33278647072002,1.0046926508641714,0.8316550259864823,Oval
0.9635477079322641,0.8449410131917581,0.8790691588185169,0.9504548552749855,110.12599879487405,1.0137753545942911,0.7885630355871961,Oval
1.1465051434216242,0.8359733794113039,0.8873998704005516,1.1387920671574285,98.98257984041432,1.0067730330115914,0.7907039042605095,Oval
1.0081221862739767,0.8125697557810135,0.899389282011108,1.0055348068347698,110.10099015095021,1.0025731376195235,0.8059363533938226,Oval
2.005961081074716,0.8233375746270923,0.9045955207008304,2.005961081074716,63.41683260602652,0.9995214316796802,0.8145623752471703,Oval
1.008215094347682,0.8652527242777123,0.8616532937490243,0.9846894043169706,107.82861088066043,1.0238914828651273,0.7653692096439951,Oval
1.9324387216975945,0.8296072829502711,0.8795300007181236,1.9311349119019774,73.71474356943706,1.0006751521023112,0.7874822606467772,Oval
0.9292604141754869,0.8302504621132515,0.8993432192176561,0.919155815758097,107.35672445630675,1.0109933465514287,0.8199089501388944,Oval
0.977622633980271,0.8488216193386956,0.8768472995601602,0.9632853487157222,105.36605662075472,1.014883736458427,0.7884512803460058,Oval
0.7876124644936222,0.8341985373911417,0.8799272080466652,0.7755118268980948,121.55455785083021,1.015603421090208,0.8051085723452686,Oval
0.8424443486005478,0.8524659353343405,0.8625982103735379,0.8311462875618648,117.17948998013289,1.013593348376524,0.7758981518176247,Oval
0.8215684172970718,0.867906523405036,0.8963259751733543,0.8176405904335227,120.2584032020848,1.004803855030566,0.8125110722119614,Oval
0.7357505690269114,0.8550809562156719,0.8514689336330064,0.721958110770637,122.56650958758837,1.0191042361745226,0.7662137924736987,Oval
0.9654999546071796,0.8521376870759877,0.8442291284551001,0.9444626458914458,109.93891375058648,1.0222743681894138,0.7600803651775225,Oval
0.8111144026351218,0.8451893779293611,0.8587559473472308,0.8024939648384858,116.46902094683846,1.0107420593479117,0.7725823775857003,Oval
0.8110909658152783,0.8367921459058184,0.850263362972462,0.7952272195383914,118.40591208010703,1.019948696280914,0.7614861571168735,Oval
0.9012936754005977,0.8305880834091306,0.8864026726939013,0.893721079313038,115.31267645957229,1.0084731089630115,0.7980764666038758,Oval
1.3881199941441142,0.8177175371560369,0.857278958124481,1.3677138670859725,90.4151733561433,1.0149198802097539,0.7649089887915992,Oval
0.9120661964522279,0.8225988488509816,0.888424696345964,0.9073390809068748,121.414638023325,1.0052098665700901,0.7979378891536946,Oval
0.8261211643017204,0.8472711947939705,0.8962322832328434,0.8200324959219891,120.08391752342519,1.0074249110980482,0.8176634332151556,Oval
0.9346634040031099,0.8293049849296191,0.8988651932104942,0.9254470242967342,103.3919270018926,1.0099588409324451,0.8055138723339668,Oval
0.9255436363392335,0.8597946747804708,0.8459815486866721,0.9067640206855151,108.42532953575255,1.0207105875677787,0.7606202770398717,Oval
0.8822801184315411,0.8439164647688591,0.853912440948815,0.8713260907826118,113.47410764653303,1.012571674100899,0.7681297534400876,Oval
0.7606843791236828,0.8467010292005103,0.8429141035239088,0.745367818476865,123.30396676674148,1.0205489964379153,0.7537859730373518,Oval
0.9431468261897545,0.8392332582119251,0.8699736980896033,0.9317211867613113,114.469961223008,1.0122629383025614,0.782177884030457,Oval
0.6906068847112952,0.8521377422955974,0.8572483988690366,0.6789895126548641,123.1186284747775,1.0171097960129118,0.7704516177325181,Oval
0.7955417527481069,0.8487585506938357,0.8616565878401137,0.779726839565266,118.51243275365883,1.0202826328149206,0.7767795939820084,Oval
0.7857900734481683,0.8544749225036069,0.8523862156161826,0.7701885093456602,120.92123881184027,1.0202568123429456,0.7636416512480004,Oval
0.9494316766602936,0.8402503615002893,0.915323617972205,0.9494316766602936,118.55932683307181,0.9932193072624331,0.8308209045231433,Oval
0.8001168113608573,0.8399551462717374,0.8738810473385494,0.7810082444094193,118.88407780593704,1.0244665367980685,0.7855043026298951,Oval
0.9538869519329864,0.8203142080207516,0.8720166611023961,0.9374021797459582,117.75726895052769,1.0175855919083692,0.7861464435708342,Oval
0.975961678422652,0.8337305218178643,0.8781186937075381,0.969266218659353,113.19867795662202,1.0069077613914574,0.7902206372837426,Oval
1.2762169929044633,0.8580247391912538,0.8589202673452354,1.2511658298154902,93.25113225534537,1.020022256436357,0.7654904522954972,Oval
1.2439193732639218,0.8663553680156639,0.8955778180274868,1.2297662410872583,96.44351907285527,1.0115087987487366,0.8018637006234157,Oval
0.8204145394757812,0.8642994479639682,0.8789396063023458,0.8120134561661944,116.46388143317283,1.0103459902613579,0.7930352551144568,Oval
0.9416008574146064,0.8629141253227568,0.8927696061698168,0.9257052759997308,106.44310536930585,1.0171713198865686,0.8011504154499353,Oval
1.0894781190485312,0.8600763677715489,0.8588806345531661,1.0682269092058716,103.03051679438731,1.0198939098608346,0.7724463902090697,Oval
1.1722974847230425,0.8193612319946021,0.8968453565954906,1.1722974847230425,99.67301164245353,0.9984087162056735,0.8030095018758203,Oval
0.9841578973955497,0.821485950360603,0.8913084773372244,0.9815341681967626,112.673408047791,1.0026730900296699,0.8100497229741064,Oval
0.7788144189631093,0.8182826765513405,0.8745700323650321,0.766737675605102,121.04823196026223,1.015750815099149,0.7830341064228991,Oval
0.9051593670154614,0.8470305777186239,0.8526929754148784,0.8926278944185068,113.95639326571855,1.0140388539001666,0.7496329741425716,Oval
0.9870566521132719,0.8331873170603725,0.8805636979804271,0.9771172563616051,112.08132903995423,1.0101721627439855,0.78815416615298,Oval
1.2591956080034832,0.8324379418876192,0.8843411661532729,1.2484937851667006,96.65815198761243,1.008571787031646,0.8009073681575984,Oval
0.7942718634246233,0.8034816160244351,0.90784937934636,0.7942718634246233,129.38093092428258,0.9977197410121343,0.8280337302470782,Oval
0.9561164738037287,0.817603986342111,0.8850533164471779,0.9466385974737971,107.84294780437791,1.0100121380590483,0.8013006853772969,Oval
0.8469589102496233,0.81193477543667,0.9025467577834733,0.8469589102496233,123.61409221441083,0.9987461273503889,0.8169760940627052,Oval
1.0119657538384348,0.8151813773122756,0.8739059930356617,1.0081595038386426,106.17786601173918,1.0037754442479585,0.7847947377138762,Oval
0.7436699245824167,0.8020668009094711,0.9116521118276836,0.7436699245824167,127.65211133402894,0.9937997531616193,0.8154467658878556,Oval
0.9855554236077604,0.8186361977764142,0.8844186580341415,0.9801737002906317,114.14944471851513,1.005490581226096,0.7981744175628882,Oval
1.0216964433976776,0.848402572296093,0.8676018182162055,1.0187088057678653,107.07417498610775,1.0029327690237846,0.7711178914002195,Oval
0.8491232946408023,0.824017622319012,0.9299384390577189,0.8491232946408023,121.5235475889861,0.9976064760502923,0.8492987702505337,Oval
1.051913565959619,0.8486645955637628,0.8831480588647759,1.0356704605849258,108.0190852244255,1.0156836619299918,0.7963363319353519,Oval
0.7816204186554725,0.8180311629674362,0.8697631044519158,0.7754100645006055,124.59061928595054,1.008009122449122,0.7848360321489765,Oval
0.9803844406912917,0.8150458806068603,0.897324695986927,0.9803844406912917,111.84474778402645,0.9972579282039093,0.8093639100534009,Oval
0.9675784339521325,0.8543150957932704,0.8895241592549811,0.9607765259653499,108.26671868614619,1.0070795942687591,0.7965868184687404,Oval
0.817729155015681,0.8391521843536355,0.8845535883897507,0.8127593273354867,119.16076414413797,1.0061147593303998,0.7918953811357343,Oval
0.9039751903872396,0.8307473697950162,0.9073670192095407,0.9001891830623907,113.4825349822846,1.0042057907338646,0.8228292219885162,Oval
0.9374156588915301,0.8279266351595584,0.8836463797638993,0.9239059028351215,114.41221795109958,1.014622437214604,0.8033203756586152,Oval
0.813075674994493,0.8484873540178083,0.8813830894926277,0.7979328223018908,115.11221857339247,1.0189776034640583,0.7896576461525223,Oval
0.8106188161144731,0.8373287087958388,0.8682558901474488,0.7978449327792154,116.66434479621509,1.0160104837549837,0.7740248940924036,Oval
0.7994625220308678,0.8585543337802681,0.868303629641841,0.7872936036339754,119.53782145952542,1.015456645831648,0.7842409198970239,Oval
0.8698533738748031,0.8461340184422461,0.8704176352032237,0.8539894165014218,117.41804809741046,1.0185762927114155,0.7879151012390238,Oval
0.7220545331931004,0.8606523236599719,0.8802762199348261,0.7090364468002411,124.63977558714552,1.0183602499583873,0.7983251782816201,Oval
0.7697640163454356,0.8442381722741626,0.8550701889648951,0.75680917784611,124.98928129037026,1.017117707975206,0.7716045577117498,Oval
0.7568901908040769,0.8064248644213919,0.885735476323042,0.7471630790386032,120.72007965706051,1.013018726484705,0.7922784239550589,Oval
0.7799592257674416,0.8662036314298568,0.9177905119190015,0.7798381422847168,130.03880311402867,1.000155267453795,0.8411260131329198,Oval
0.7624140622395327,0.8283590672055187,0.862861552116641,0.7523129053817305,125.38036158978325,1.0134268025784785,0.7711410187894194,Oval
0.8733658297097467,0.8401706222125717,0.9047792985187035,0.8733658297097467,119.5348667912188,0.9959324673341347,0.81393748118291,Oval
0.9164514257541753,0.8598889703322069,0.8767084692228501,0.9019634108298011,110.75816719071294,1.0160627523804378,0.780668253063993,Oval
0.8518876092043084,0.8332603174598499,0.8734852090319514,0.8436938572128185,116.31216282378986,1.0097117596879965,0.788634607723132,Oval
1.0227371170235697,0.8210771573000297,0.8661929155674926,1.0114469619223474,112.44414960148545,1.0111623797650888,0.7672013727584384,Oval
1.8208868948417143,0.8482091880706891,0.8976847436288804,1.8208868948417143,79.99263084009993,0.9958934566789723,0.8120737273910388,Oval
0.7612918222328614,0.8633801119943497,0.8628916700079808,0.7436560564555054,121.2476225374358,1.023714949436993,0.7767539389433705,Oval
0.974646080284633,0.8279797038718341,0.8884294369591992,0.9593175260403121,103.20823422096278,1.015978603359402,0.8031921877627894,Oval
0.959733020381024,0.8401682237905337,0.8944933652852639,0.959733020381024,115.7882676526725,0.9983200865481189,0.8125053663818199,Oval
1.0457769434382849,0.8452953811756649,0.880206725270608,1.029452425118766,106.89082783943175,1.0158574771608657,0.7884299283772358,Oval
1.0478947019002989,0.8594168160668546,0.8505209130663387,1.0275669300553814,107.67259602430754,1.0197824309544703,0.7628301425857571,Oval
0.8549109992384178,0.8556920735802739,0.8798167631672157,0.8376837576049458,120.5955250180237,1.0205653284751839,0.7988026703121418,Oval
0.9241546047309817,0.8407345873814163,0.9169224095759703,0.9241546047309817,113.91831616381798,0.9954939447530304,0.8219683073305271,Oval
1.0765308873718498,0.8579395052025779,0.8639527784667569,1.0563154755000081,106.61857925115092,1.0191376651584818,0.7737170603390007,Oval
0.921778091468174,0.8538286974592582,0.8673578602562712,0.9096661305732608,115.94561053944065,1.0133147321724294,0.778815034834473,Oval
0.9878037666731366,0.8262823612196593,0.8789044730579547,0.980062517557954,108.94613292977849,1.007898729903957,0.789007415856955,Oval
1.0064396081547509,0.8395639697783209,0.9033255179176918,1.0005753896706422,109.57161529882455,1.005860846213736,0.8160971296567909,Oval
1.0793841699913138,0.8418830145098536,0.8737203984015338,1.073773555885436,110.662839517291,1.0052251371577605,0.7877752284710718,Oval
1.0198423060425628,0.8507436560123834,0.8718959592488611,1.0091841286543672,108.99820041661698,1.010561182132746,0.781930060307922,Oval
1.4311436909928874,0.8273374332951537,0.8620421166625338,1.41535229780777,95.82191414602485,1.0111572173299728,0.7712260107212662,Oval
1.0768352842921158,0.8595442479900551,0.9081861323391243,1.075198601674012,107.86137644896156,1.0015222142361007,0.8141541069895988,Oval
1.0373501192665395,0.8513617764930327,0.8520454006891083,1.020256598275632,106.3539193593583,1.0167541391251944,0.7644433098997209,Oval
1.0551156217705107,0.8343407596538147,0.8590908263102776,1.05200569134938,114.87389254248322,1.0029561916315697,0.7662298127036188,Oval
1.2597805245294984,0.8348996421228366,0.8675925071556431,1.2401426274164489,99.99620989227009,1.0158351924036033,0.7800535096678246,Oval
0.8318139197750712,0.8215699422581055,0.8510656414036648,0.8183499409309025,121.59205149445548,1.0164525934086988,0.7602850989633886,Oval
1.0653170840478436,0.8237997859423247,0.8936907332965078,1.0653170840478436,109.82381024866336,0.9976493810930462,0.807696564864594,Oval
0.9301278097799751,0.8417815070131528,0.8594760394315293,0.9139062981411172,111.21323378063498,1.0177496442161,0.7746606889248651,Oval
0.7548698029200215,0.8198473908871271,0.8605293953423336,0.7442214437058379,120.92056808633119,1.0143080521318497,0.7693130736699892,Oval
0.8493214838986164,0.8551889040495599,0.8762099799133185,0.837984205407324,116.77103921067248,1.0135292269450134,0.7936718002485181,Oval
0.9843628726851701,0.8232994281757947,0.8579498917366838,0.9689223750324979,109.7857261964758,1.0159357426874926,0.7748207028511626,Oval
0.9374843358949483,0.8125515197013566,0.8718829519239716,0.9342890221298302,114.74613654699971,1.0034200484961644,0.7840682848038181,Oval
0.8840915162090691,0.8354299028469188,0.857900133597997,0.8695573265363791,112.98169868674272,1.0167144697987684,0.7755984718990004,Oval
0.8313823745714611,0.8395678102432338,0.8547295788163658,0.8175220398591108,113.22710469389703,1.0169540807911908,0.7733328335386446,Oval
1.1094896402972116,0.8257095618624932,0.8826426595704437,1.0989966425166646,99.24853868789964,1.009547797849972,0.8039525707907179,Oval
0.7995363464463718,0.8356512971387455,0.86430928219001,0.7943371728288984,122.4068359267749,1.0065452981370084,0.7774791787747453,Oval
0.9076047836882921,0.853750673575323,0.8765212318427998,0.8962383907052431,109.25911376032246,1.0126823321796168,0.7865690041837793,Oval
0.9631054991588553,0.8068574693468634,0.8638915216772267,0.9545751403548438,108.99796161922445,1.008936288452725,0.7734784186916087,Oval
0.9612667823392175,0.852950198510356,0.871394286098786,0.956686920408241,111.34304782756473,1.0047872107721743,0.7878030816856292,Oval
1.0310614884269529,0.8292462991570263,0.8776818445186105,1.0262084440507184,115.19543935219968,1.0047291019717965,0.7921566044941154,Oval
0.9140374309218727,0.826206893494508,0.8772921406255949,0.9092183257348112,115.16563230039056,1.0053002728284945,0.7885640896789249,Oval
0.9682028928053841,0.848359255653807,0.8755994003166503,0.9531066146593161,108.28371561415362,1.0158390235823347,0.7960561324935724,Oval
0.8292495784340138,0.8616608212442625,0.8612094444059705,0.8186975188189266,118.57262072865102,1.012888837907204,0.7806964852868254,Oval
1.067640366435896,0.8347712954081018,0.9050958237004285,1.0650854954523352,105.70391289114852,1.0023987473254208,0.8095979191318716,Oval
1.0499033754378275,0.814780152774956,0.9110462662385808,1.0487967261750697,108.61233632190398,1.0010551608668667,0.8188203204831251,Oval
1.0010795307602764,0.8572213056300365,0.8908081060763581,0.9877257693020481,111.63863785146971,1.013519705441789,0.8031725978909224,Oval
0.8914703943133179,0.867171508775247,0.8644739279961297,0.8763264025182648,108.84325343778967,1.0172812227858643,0.7782351747570192,Oval
0.954525601246336,0.838816838421169,0.8787744276954632,0.935336307656052,111.06681713841057,1.020515929332811,0.7900283335353518,Oval
0.8800738502162387,0.8535905785486885,0.8592465950643139,0.8644051678512706,117.30484310092908,1.0181265486923419,0.7685717172407794,Oval
1.112719343123529,0.8122977779707194,0.897845390503985,1.1092902701345864,109.04760859270267,1.003091231466879,0.8091608462131656,Oval
1.018491666641058,0.8450863005379203,0.8483405405639503,0.99635949532493,109.306094394437,1.022213037984759,0.7490784618312477,Oval
0.8810123804898338,0.8382015256142332,0.8847339855574925,0.870265141406002,111.42065004995628,1.0123493847707936,0.7946720709489854,Oval
0.891621332444735,0.8357442804909836,0.8802099005657763,0.8797239381331522,111.1034196585371,1.0135240088348967,0.7851908833172656,Oval
0.9656514016782893,0.8556313502148383,0.8899940086929182,0.9585697484751066,113.20081843573368,1.0073877286597541,0.806059679939144,Oval
0.9412347222571428,0.8717368092442023,0.8365044397255739,0.922427661111517,108.98058039459244,1.0203886569522032,0.741225090327322,Oval
0.7576144681199604,0.8311009526344277,0.8647931265060409,0.7492901829994886,130.20827984440785,1.0111095611678094,0.7808050373976568,Oval
0.9585297279352387,0.8369860138543759,0.8708181476873539,0.9469674165375769,107.4953666383812,1.0122098302388665,0.7716122796664435,Oval
1.0766626707213767,0.8381366628736847,0.8753704958833399,1.0639824231451056,103.63591016947103,1.011917722793567,0.7791566395140287,Oval
1.1371379383379927,0.8465074481419043,0.8419099853822998,1.1216786733042237,98.43433240209652,1.0137822581472726,0.7429062255793845,Oval
0.8882860570138037,0.8386228940252686,0.8502653943527805,0.8798590827227596,117.8692345037099,1.0095776408478576,0.7579684694871905,Oval
0.9934275490933467,0.856362506794117,0.8856900159580761,0.9768606461105613,106.67149018855525,1.0169593309432083,0.8028551351236929,Oval
0.8068704222721809,0.8439276548927976,0.8715764615150031,0.7928366955237365,110.01604481336528,1.0177006523886662,0.7766247129233944,Oval
1.0247382508005771,0.840750334767972,0.905101239966347,1.0166939078043633,112.65496651520179,1.0079122565154208,0.8183622733364861,Oval
1.000615624365521,0.8470056814810283,0.8676739219355671,0.9799953863149372,107.72013571571975,1.0210411582937364,0.7795042873342197,Oval
0.9500626564952388,0.8308107125504772,0.8655490310004422,0.9383120689891202,109.35719943585015,1.0125231123998841,0.7706932813351793,Oval
0.9204682413995815,0.8425069106150742,0.8710495777186817,0.9109189846660142,120.70577848057191,1.0104831021137062,0.7822329198707634,Oval
0.7615516730703638,0.8159280576321665,0.8719095366693974,0.7562972942559493,121.93642463255941,1.0069475044460972,0.7834630546718501,Oval
1.221523827068433,0.8442332562825948,0.8797186095980091,1.2209743633670909,104.48061602322139,1.000450020670235,0.7929715293563872,Oval
1.0448721786128332,0.846358149114958,0.8803106539086345,1.0355200567285703,107.91587795980566,1.0090313285807406,0.79052946254266,Oval
0.8552151384098667,0.8601778134798392,0.8655720104932528,0.8367877325485377,120.78688493679104,1.0220216013506869,0.7763571148736838,Oval
0.9525705573315064,0.8019682584063726,0.8844271303822184,0.949355279852153,110.51053123965536,1.0033868010718328,0.7915565474862261,Oval
0.8932717185828853,0.8138523788799794,0.888507556406762,0.8852867189138646,112.09076578362924,1.00901967633584,0.8029973476839017,Oval
0.9728944603102047,0.8339424830258082,0.8588791219617112,0.9587048458416574,117.52939361043855,1.0148008164661877,0.7681287905364609,Oval
2.126058553292966,0.8427350819369799,0.8691844672000563,2.0998461614183914,61.96111156058675,1.0124830058297551,0.776227609236918,Oval
1.0195871584457927,0.8423391876834524,0.8698156797290005,1.0013796522574272,108.45472463199263,1.018182420770504,0.7829981876738052,Oval
1.0867118025647498,0.8560781881292823,0.8628583416431042,1.0673067797886835,106.07464800066478,1.0181812981455138,0.7722459098153803,Oval
0.9951180619298412,0.8516893271000544,0.883646459415405,0.9811796050373781,115.293454468713,1.0142058159595888,0.8043696497219216,Oval
1.0097744600083627,0.8126296714795901,0.8982831950142148,1.0097744600083627,112.75647558871401,0.9972500785085999,0.8043186237198932,Oval
0.9302529927938877,0.8486136026505781,0.8591410589123938,0.9139458798000192,106.4898851819178,1.0178425368003592,0.7736518057420755,Oval
0.9438882231401203,0.8259182301085903,0.8875310385251206,0.9376477643992169,115.63321221073674,1.0066554403240133,0.7930622814882301,Oval
0.9738451310949273,0.8499642255204353,0.8789325250084712,0.9734254427336653,114.22963812204853,1.0004311458719255,0.7863182780773831,Oval
1.1057182679646187,0.8243890030068397,0.893177683467991,1.1011207138368169,105.06151257700897,1.0041753406961003,0.7980564135863849,Oval
1.015772423765776,0.863992785550494,0.8586598025609936,1.0015946340162976,108.24454607423007,1.0141552173583706,0.7691388616521228,Oval
0.9731384706829879,0.8286713654862903,0.9126800120714427,0.9649130951953238,110.70651987799928,1.0085244728552463,0.8276696120905153,Oval
0.7723550149793726,0.844594154126143,0.8839363931042525,0.7646611860282827,126.48069287034811,1.0100617490356119,0.7973440643303599,Oval
0.978355865068661,0.8270109691126725,0.8806171470652363,0.9641545819459282,107.03924285201926,1.014729259590377,0.7777625946208013,Oval
0.9990774706081841,0.7991800081720158,0.8955687914921148,0.9932138578801978,108.74607056808505,1.0059036759117528,0.7986164837098667,Oval
0.7775748390823898,0.8432206136172749,0.8633205175504807,0.7651816844751075,116.95762631224012,1.0161963555306264,0.7736808388113496,Oval
0.8839634537433861,0.8649182991432516,0.8643710705618808,0.8634720473452683,111.7415414297427,1.0237314067793144,0.7776038655256293,Oval
0.9595385604020853,0.852047409662491,0.8987433402338572,0.9576097124832507,111.38501306904986,1.002014231783252,0.8004293652860426,Oval
1.0044187309682586,0.8384993218020688,0.8707201217343039,0.9918376430618477,112.97170437129753,1.012684624337883,0.7834169136853432,Oval
1.0246287753426222,0.8495606496377189,0.8573388523867967,1.00870207028202,104.75885331737877,1.015789305415175,0.7677823564971847,Oval
0.9547364432507143,0.8392438661231607,0.8753385858185155,0.9437761338437357,112.4525514048778,1.011613251293334,0.7762330130949323,Oval
0.994442700138599,0.8357721629954205,0.8841922605818322,0.990760528848409,115.63588981458001,1.0037165098759737,0.7955540299815935,Oval
0.9014367146352599,0.8505694073656308,0.897348403751167,0.8993936864992014,112.62834001114474,1.0022715615716749,0.803412695547543,Oval
0.7626198679901665,0.8247403826306019,0.8747865593817561,0.7529995629408271,116.66846583684254,1.0127759769365168,0.7835023538720545,Oval
1.1083741690797133,0.8339170276001407,0.8940037868370263,1.1012774213258425,102.85482788494978,1.006444105378395,0.8020367115327829,Oval
0.9584069779389044,0.8327000372083059,0.8722544247619307,0.9438132684124141,114.54795548398356,1.015462496676952,0.779366376388951,Oval
0.917613738389218,0.8253189482033457,0.8775501650551839,0.9122769174841516,116.96065104910264,1.0058500010279599,0.7888649939446307,Oval
1.172300707051256,0.8717512521975258,0.8574917719756527,1.143577550311582,95.89684132030312,1.025116929526859,0.7644289721065846,Oval
0.8824395528334074,0.83467930990631,0.8832165338031662,0.8724376655924604,112.70029140716711,1.0114643001275683,0.8022135679978388,Oval
0.9425383981352924,0.8440867777654981,0.8725277158962603,0.9295791410191258,114.46902818572293,1.0139409938802617,0.7909432103507654,Oval
1.1168205810061742,0.8187659500885943,0.9179518419937884,1.1168205810061742,110.35506335503176,0.9908191170559855,0.8283621034297132,Oval
0.9526206820654689,0.837190878041462,0.8927166922453681,0.9498097323497711,118.58263956759563,1.0029594871688077,0.8101022398558201,Oval
0.9912108215706887,0.8731310825088558,0.8608671761749992,0.9757075896938234,104.45215638366045,1.0158892193118332,0.758437467368766,Oval
0.7697048331231452,0.852471700765865,0.8546916334247525,0.7590239311225284,120.76462071136278,1.014071890967681,0.7661412721751055,Oval
0.978477637180806,0.8599085724963202,0.8999589060509045,0.9695953163978661,113.22057005571659,1.0091608536393704,0.8116525923519873,Oval
0.9888732367064467,0.8586295817216426,0.8483723140017061,0.9694042189620484,108.60182279032695,1.0200834877376992,0.7523542860740007,Oval
0.8407534014871578,0.8387212922690448,0.8548437941483871,0.8238673614761636,117.24409789497514,1.0204960662366072,0.7636055338901903,Oval
0.871362919658807,0.8488450714478755,0.9037316754939375,0.8633020456060566,114.9364173267521,1.009337258140158,0.8237852647670303,Oval
1.0106775691228524,0.8442308840598971,0.9132022106746698,1.0106775691228524,111.06342133665686,0.9955338441403854,0.8256257300989972,Oval
1.9419940298745453,0.8505142388432245,0.8747889630794893,1.9193123621087045,65.59895040614214,1.0118176010396354,0.7811275387447377,Oval
0.9573299219527525,0.8077772883698501,0.8609273437238315,0.9489194429082908,111.86905114330895,1.0088632171121763,0.7774636601681935,Oval
1.0025791965224444,0.8182278511312998,0.8922666907483674,0.9953798747257253,104.93196288281598,1.007232737952134,0.805969864815086,Oval
1.242789096884603,0.836127894958506,0.8787568701295663,1.231783541522907,96.92105066694887,1.00893465044036,0.7797101606754413,Oval
0.9259638001743248,0.8516349005585965,0.8655049129721538,0.9095538263163768,116.07286420690224,1.018041784205787,0.7786637957349039,Oval
0.9092504777124544,0.8262842173988993,0.8700898313477929,0.8936147823786498,110.63695567163232,1.0174971314733459,0.782313000830629,Oval
0.8895857250501193,0.81349108022048,0.8940608772028134,0.8894903523468657,119.12580734609003,1.0001072217399571,0.8056628173809992,Oval
1.0843263829531056,0.8447988011768268,0.891809420183591,1.0707907980089237,108.19120441449462,1.0126407370789423,0.8068027533313238,Oval
0.9978932810834816,0.8153248864717442,0.8922908392385893,0.9964905532552893,111.75266011584714,1.001407667963946,0.8068778693055813,Oval
0.9506263823588456,0.8081915896350681,0.8817633085264278,0.9484020910761126,115.03667125752574,1.002345304068456,0.7882495334274938,Oval
0.9325689617185297,0.8672551699683653,0.8757517603852705,0.912125205399163,110.08796688524353,1.022413322423669,0.7936861748533032,Oval
1.15440866036641,0.8122838537928585,0.8761590222671496,1.1508375872169927,103.24553241371824,1.0031030209554181,0.7879795563503954,Oval
0.873605380943707,0.8308484166526175,0.8889524914701565,0.8709283412727686,123.634623106164,1.0030737771916185,0.8037382822163965,Oval
1.138489343003244,0.809170147508668,0.8801565351336542,1.1326186830806764,100.34760606118232,1.0051832624785948,0.7841386281894106,Oval
0.9723578043221157,0.8233991139932346,0.8811034016128783,0.9715892442670514,119.34611789986609,1.0007910339267332,0.7868779366383044,Oval
0.7829854483930737,0.8535989281128905,0.8611398445469751,0.7683225672950033,118.86282763893728,1.0190842775186124,0.7711450719640871,Oval
0.8321147558032029,0.8205430721874338,0.877777475425786,0.8180894014364936,117.87974779139505,1.0171440362655744,0.7858967689650129,Oval
0.9211729628340988,0.837136333918881,0.8899672545843731,0.91604653687428,120.69642120467124,1.005596250576211,0.8031921890729949,Oval
1.0127507430318363,0.8232867930860824,0.8723342876425542,1.0056610190604103,112.46270030495883,1.0070498148352713,0.7759192547367603,Oval
0.9340958329662727,0.8438576781997059,0.8833052138691287,0.9204444266998186,110.22117484018862,1.0148313204691783,0.8013289726687144,Oval
0.9386357869895776,0.8347265999734408,0.8762291024403233,0.9317827658410056,113.62184073007877,1.007354741254939,0.7833702494706135,Oval
0.9894670938624681,0.846130901255518,0.8818603076335871,0.9765144662173579,116.28163534282147,1.0132641431266078,0.8039304306857195,Oval
1.002186736853313,0.8692178883165496,0.8776758195667868,0.9815803244920401,107.69584227554319,1.020993098422115,0.7849067435221956,Oval
0.8781137448195775,0.8425011154427399,0.868765722704178,0.8666158932773406,118.22739867795931,1.0132675290534479,0.7819814416389587,Oval
0.8624504459808945,0.8433453010511999,0.8903388800423351,0.8556388480892998,118.64678607719671,1.0079608328990735,0.8012391719992906,Oval
1.0359711616761549,0.8547935335448394,0.8795087904369082,1.0235899406503115,109.44960974116586,1.012095879936039,0.7873511258354804,Oval
1.0467069750108948,0.8480817842516591,0.8903116367847959,1.0359141917998194,104.10536066314084,1.0104186073484753,0.8005900323827012,Oval
1.0132981845038747,0.8201822992639091,0.9203958521062601,1.0132981845038747,107.70210846011301,0.9958211058906943,0.8202804528361175,Oval
1.163714328129425,0.8437180667773541,0.884327109469521,1.1425921635921847,97.90362309415798,1.0184861801177025,0.7924725919136794,Oval
0.8863475725448622,0.8345699693409216,0.8769783708791515,0.881757833914741,115.06288590424002,1.0052052144631867,0.7935932334705306,Oval
0.8851632245082695,0.835604613495321,0.8928207418311287,0.8760795214793339,114.938579169661,1.010368582767004,0.8057093184725173,Oval
0.9524201036749128,0.8495878068602639,0.876194790807118,0.9329817276799584,116.70099055719567,1.0208346802710615,0.7812974221452853,Oval
0.8322387330624236,0.8581017467206291,0.8834778494298146,0.8170463791248825,122.21910102302164,1.018594236907106,0.800254257098665,Oval
0.9702085603184807,0.8382524344535296,0.8831910270817901,0.9661050314348533,113.28004861677977,1.004247497684111,0.7974033216500968,Oval
1.1251385308894217,0.8484119495288979,0.8555865197049933,1.1074242801551826,99.1266817610616,1.0159959024302383,0.7677271832182176,Oval
1.0119393038578655,0.8448737608143648,0.8886319126137455,1.000038004272858,110.78858463514189,1.011900847301959,0.8046319211199549,Oval
1.100856848983524,0.8456698124751756,0.8727111283082094,1.0907675634535774,106.37272231262523,1.0092497117332697,0.7856297164373058,Oval
0.9178905453071022,0.8305958243950189,0.8943947680956689,0.9107494106603832,117.84283862808726,1.0078409434726299,0.8007019161644631,Oval
0.9667963830501292,0.8208118047579805,0.8831952983594419,0.9667963830501292,115.1161589473511,0.998815050558613,0.7901858613451436,Oval
1.1839903663668894,0.8484661353855624,0.8867160195460111,1.1657012988854436,96.37422722126905,1.015689325815226,0.8060197286881372,Oval
0.8102326169886341,0.8142786070092711,0.8838034718431678,0.8102326169886341,120.16686375716823,0.9995458564575225,0.7886003350938298,Oval
1.0373691922670694,0.848140153605412,0.8947849529489666,1.0266717375295638,108.75880148152224,1.010419547306568,0.8153616886276277,Oval
0.8778478044579863,0.8235623042078867,0.8881295903475925,0.8704830208223088,110.97962672103178,1.00846057126849,0.800201611904306,Oval
1.0675025609540774,0.8350413810437739,0.8491373711007313,1.052654307926408,102.44421609656536,1.0141055358020798,0.7562302071735344,Oval
1.21097364337932,0.8481940759585295,0.8749840953672058,1.1996241403590382,97.06118733624557,1.0094608824868136,0.7812608594188912,Oval
0.9385654823071029,0.817018058117989,0.8842386310824132,0.9343678756013813,117.00611547571664,1.0044924561463757,0.7980599101394708,Oval
0.9739925136949837,0.8212463892373917,0.8902916332960936,0.9669493367010307,114.91426252868898,1.0072839152235034,0.8064442073379863,Oval
1.0605962611287754,0.8494004206054573,0.8776343802871739,1.0460183252689903,111.8371756963095,1.0139365970056367,0.7968580107786049,Oval
1.0580289261030782,0.8810986773930541,0.8545304621685785,1.0340330555481247,104.2437405527624,1.0232060961941238,0.7717940576288673,Oval
0.9606251696585364,0.8120802216428197,0.8935241980710443,0.9592100020229686,116.55440702287814,1.0014753470382745,0.8040634352408287,Oval
0.7675280318524638,0.8351040283044211,0.8589887888853205,0.7537631629314536,123.02849485767574,1.0182615304089382,0.7611090448250623,Oval
1.0266162040382085,0.8583421410765113,0.8949755889795603,1.0092666739257556,105.3131858279103,1.0171902338209269,0.8036629616173298,Oval
0.7910036010969874,0.8526768391984346,0.8639025063570945,0.7767167787264421,117.09971944095085,1.018393863454284,0.7704052812438684,Oval
1.0243280795955862,0.8514708545119564,0.8709170044447014,1.0057583299577395,110.97315538078666,1.0184634311093668,0.7867717224271016,Oval
0.8959507245244052,0.8381475772664497,0.8785403246319978,0.8862969616349575,110.27250011769698,1.010892244143136,0.791404495985245,Oval
1.2834600373745009,0.8300271916826075,0.9001534182579506,1.280403669239943,101.08399487146718,1.0023870348140849,0.8224667828414879,Oval
0.8233943791434025,0.835159809556963,0.8845716612258575,0.8168395640885825,116.99081745222374,1.0080246052505228,0.8018413785139321,Oval
0.9283094261734992,0.8553999251150644,0.881926788572396,0.9152636300176893,118.42030753908428,1.014253593967847,0.793927513136993,Oval
0.8706083473759803,0.8548726107054073,0.8951514242671726,0.8597428996143361,113.62994286142812,1.0126380197690705,0.8167569450092481,Oval
1.0255670251102433,0.8298864170197441,0.9050170111154962,1.0255539912767528,105.64285429762552,1.0000127090661257,0.8026592772998516,Oval
1.0196983413400427,0.8195138709711107,0.8961559831147037,1.0138564776128232,109.14740288986471,1.0057620223929271,0.8071599061488283,Oval
0.7845093490386601,0.8241423362727442,0.9014975076197999,0.784127958097085,117.66470477684382,1.0004863886533273,0.8088702570227053,Oval
1.0301511475911374,0.8497829314396456,0.8817662946208199,1.0189902872852419,108.89012791200756,1.0109528623041442,0.7921320424343095,Oval
1.0438652687833432,0.8334587984189555,0.9047059568516728,1.0437473843625482,116.46361534784576,1.0001129434406841,0.820447560967639,Oval
1.0579960669946666,0.8263314284882897,0.8812249591828414,1.0502480972181842,107.66586273892936,1.0073772757094297,0.7890629351282457,Oval
1.1441533147813532,0.8541054053629901,0.8993697901669504,1.1380069896208174,95.4082080615661,1.0054009555447314,0.8137153535691403,Oval
1.0420816275735454,0.8515565113410724,0.8432440139607453,1.0258502664285156,103.72797723243379,1.015822349202617,0.7458872136023736,Oval
0.9164186744953898,0.8357910466162471,0.884540639739423,0.9065305888713345,118.10063616587102,1.0109076138692312,0.7960145624002751,Oval
1.056852414882578,0.8339588343554805,0.8770382006799242,1.0553608784269848,108.57195541735884,1.0014132951922725,0.7784302369220171,Oval
1.012851796543892,0.857088893603036,0.8765606788443905,0.9981018025733546,105.34680118298868,1.0147780456187017,0.7827044088383923,Oval
0.9856779650866954,0.843484561682969,0.8745940118218979,0.9719016806344479,114.17178599478345,1.0141745659326922,0.7854874966918078,Oval
0.8521208836504613,0.8435053809296066,0.8984425959855276,0.8521208836504613,122.85352743988341,0.9994587348945618,0.8113918597911125,Oval
0.9537595890681527,0.8163013974646378,0.8832814463090445,0.9530652645433627,124.9791457163952,1.0007285172911247,0.798291249116589,Oval
0.8074553527925415,0.8916941053521825,0.888068440089986,0.7954181661396291,114.66791297666425,1.0151331553204674,0.7917323601332188,Oval
0.9463470268790961,0.8596576904546493,0.8446004507120867,0.9389146802186787,110.37122097311274,1.0079158914191078,0.7492336155342532,Oval
0.880080990976964,0.837713986325906,0.8713240545896125,0.8708545782112085,120.15497627279514,1.0105946652823565,0.7867703760206133,Oval
0.9376201667509051,0.8524427971207545,0.8726471672067797,0.9216337741866274,116.39794354052542,1.0173457104242802,0.7823919706688155,Oval
0.9162178890346776,0.8327529264599492,0.8784992027548341,0.8961791640590094,115.56841694584237,1.022360177271817,0.8013874522757453,Oval
0.799669194344102,0.875588525878205,0.8569453999563345,0.7825131464130093,116.90584605098363,1.0219242935530668,0.7688149281622872,Oval
0.9574753034503136,0.8118815970750545,0.879308751833723,0.9473412757658453,114.66887340591289,1.0106973357370879,0.7907336718419041,Oval
0.9189931408332092,0.8255471872692856,0.8982287750527647,0.9189931408332092,118.39196318678636,0.9949202087681087,0.8063925909273275,Oval
0.9150437944946158,0.824490542544212,0.8980161488495317,0.9088707328585132,114.22744279455301,1.0067920127834764,0.8146205028104402,Oval
0.9757521697632938,0.8490036728158902,0.8788320927428009,0.9542852861486457,103.22554543589,1.022495247413156,0.791486802187157,Oval
1.1783297163526751,0.8206605907268664,0.9070278663767861,1.1777060765620462,104.09190273227274,1.0005295377200136,0.8156591565057308,Oval
0.9817868483181246,0.8446502321052097,0.8656866152333456,0.9668099496477016,107.75805402590193,1.015491047310674,0.7750758164485538,Oval
1.2204852403382958,0.8307116578968766,0.8729445416071794,1.2031047259494778,98.96456559441425,1.0144463852680001,0.7897595956425658,Oval
1.8282533535422878,0.8817313602346742,0.8798338974517314,1.8033514511975888,74.24243977446541,1.013808679571673,0.8017703178055001,Oval
0.9585877627652108,0.8622944372583723,0.8718583544445987,0.9407690182019788,118.81184584437277,1.018940615834998,0.7834262567755891,Oval
1.1450139464431917,0.8206726017286298,0.8928887082815643,1.1439214019444917,104.89909928379848,1.0009550870338144,0.8086484865736151,Oval
0.926522226423004,0.8328562296695401,0.8818647270115484,0.9229019471933373,113.95075369248097,1.0039227127439447,0.7947913897488851,Oval
0.9011896846020583,0.8479152311539854,0.8703014158492652,0.8850347536265294,113.44456922599176,1.018253442488368,0.7835594392744067,Oval
1.2192548005809427,0.8244562052156723,0.8712753579316471,1.210779185559797,97.11716692465761,1.0070001327428066,0.7844912468673001,Oval
0.8348559900806493,0.8581761900546354,0.8445317714212612,0.8183454012358053,118.59535413548124,1.0201755747877497,0.7468696175940628,Oval
1.163440457066558,0.8524503225494209,0.8506339443140835,1.1463502722181698,100.7374693016457,1.0149083445632363,0.767149574066563,Oval
0.9419371978096294,0.8150170286367788,0.89282315378801,0.9352617540737295,117.27133096786734,1.0071375138637109,0.8081477490953209,Oval
0.8928065029386948,0.8242179116992927,0.9118012401470482,0.8928065029386948,122.15628966762728,0.9958047042255047,0.8315548548964594,Oval
1.0736208513169392,0.8217885774919673,0.9004698186959877,1.0736208513169392,110.4718080820584,0.9991918186085788,0.8123722084629114,Oval
1.833862312351089,0.8487618403754444,0.8464410857330794,1.8044233534425664,67.58480974866403,1.0163148846706942,0.7536087212716902,Oval
0.8704219618836231,0.8611131148665881,0.8525700808213814,0.8540902144465623,112.44373033440026,1.0191218060584426,0.7718380061608937,Oval
0.8826999292096855,0.8390046338566324,0.8708488723720332,0.8672806373912094,116.286480490157,1.0177788954966844,0.7700286003008382,Oval
0.8593504330619347,0.8489128757489569,0.8767145927190099,0.8463318654112214,120.2304029411349,1.015382343715001,0.790759630349365,Oval
0.9929383365301285,0.8157791455944221,0.8935574471282802,0.989608765456252,114.78106044984244,1.0033645327225265,0.8056055598723083,Oval
0.9035107414022482,0.829883176355214,0.904227504174339,0.8994860163166177,115.54067660565599,1.0044744721014247,0.8257120931733023,Oval
1.919001955187437,0.8513288005116918,0.8853224547584722,1.8952441805338207,73.08557481226988,1.0125354689900299,0.799206118534152,Oval
0.8781137448195775,0.8425011154427399,0.868765722704178,0.8666158932773406,118.22739867795931,1.0132675290534479,0.7819814416389587,Oval
1.0495141692487775,0.8583486743485303,0.891150823829471,1.0320056446029298,105.63696937694097,1.0169655318625552,0.799971938083491,Oval
0.9675277250303127,0.8425200384677614,0.8663515322338412,0.9475827111699258,112.0769577089266,1.0210483091610674,0.7764110657819174,Oval
0.9557810131777765,0.8479988305812043,0.8748748513250533,0.944045761095553,112.62153920889907,1.0124308085114486,0.7878485877252503,Oval
0.7605987312725885,0.8325613754009941,0.8384943021938144,0.7455118736386613,128.0215102707498,1.020236911265131,0.7460501730080351,Oval
0.802437318791612,0.8388073258575902,0.9004391511548487,0.7931303865413255,124.33363964501721,1.0117344290525445,0.8114109503333079,Oval
0.9367352912883563,0.8382503287378067,0.8669165088882096,0.930159793118611,116.04023536275233,1.0070692135033048,0.7793498900553948,Oval
0.776217222979888,0.8402225396594817,0.8754579553068976,0.7673887572715733,121.6320015215265,1.0115045544056498,0.785178443549449,Oval
0.913409478044209,0.8240967936746337,0.8988572044656993,0.9075278217693132,121.0171485131827,1.006480965248458,0.8199289997884128,Oval
0.9128992753537477,0.8150297285325809,0.8784345046037115,0.9057520026399205,117.0512782471513,1.0078909819608408,0.7899399501243926,Oval
0.745220874555866,0.8383237016267617,0.8665301831969624,0.7391819379074273,118.39086297677288,1.008169756779413,0.7790006398847462,Oval
0.9697137381981745,0.8520624639944546,0.8957464334841453,0.9641177271147763,117.38124359108328,1.0058042819108253,0.8030087599518927,Oval
0.9511240088961304,0.8392794604549714,0.902470749723936,0.9494215791532352,113.01396205714447,1.0017931230764878,0.8098667142459358,Oval
0.7901181547362734,0.8463715272356341,0.8800943264035062,0.7753453884119231,121.14606686797443,1.0190531426963254,0.7952165937329885,Oval
1.0622868181969904,0.8283171789743049,0.8802512159052107,1.0519087946370462,109.13736903840204,1.0098658967515572,0.7951492088617342,Oval
0.932915788078271,0.8345697956961188,0.8859368230528015,0.9284083690456113,113.9842682784257,1.0048549961234121,0.8060748474452054,Oval
1.2011980721953954,0.8031675571205007,0.914869550931358,1.2011980721953954,99.78842098467366,0.9945278803249432,0.8206818883284288,Oval
0.9784692842778678,0.8175205390840872,0.8914916630519975,0.9784692842778678,113.11949183446308,0.9995770024995196,0.800660662752931,Oval
0.9084510538511569,0.8427847686079711,0.8746612936280125,0.8874199223146875,112.80756663025387,1.023699187957842,0.792211748224844,Oval
0.8609874400337387,0.916383370661163,0.8067228195001578,0.8357606985120226,111.1071802917734,1.030184168227376,0.7110749057268576,Oval
0.9001004912065905,0.8435414618489034,0.8559653692108209,0.8829568958523424,116.28262452332069,1.0194161180854688,0.7579340459246071,Oval
0.9059658196393282,0.8247722467951696,0.8589578570295443,0.8931473538505083,114.96580204077848,1.0143520167568738,0.7689632648531787,Oval
0.9832093750991634,0.8155622171623231,0.9053660184593714,0.9832093750991634,109.0978418601117,0.9951512315339766,0.8180665201722118,Oval
1.0567539208844283,0.7998588533562777,0.8827487218418317,1.0567539208844283,106.03477654425198,0.9994675816298697,0.7793200475206351,Oval
0.9537267630860968,0.8390110482577009,0.8823075617705166,0.9537267630860968,111.87033174208969,0.9963912491227097,0.7956005554361876,Oval
0.928303493858662,0.8198637385572214,0.8919659202075578,0.9258838664340595,114.5995609055284,1.0026133163265079,0.8064103998879396,Oval
0.9816017436657101,0.8515797420526489,0.8638683680126008,0.9631847665293825,114.28195786366152,1.0191209182041874,0.77751130941744,Oval
1.218179441749566,0.8513450355455597,0.8791860587076337,1.2092165874700256,94.96937085894359,1.007412116549189,0.7942997531443174,Oval
0.8175826260747154,0.8230504116621635,0.8780544254794272,0.8075650017728591,110.9985413721551,1.0124047281393627,0.795606843354226,Oval
0.9884921623391051,0.8542270565796499,0.8845839910896266,0.9845191089636475,114.17706089299851,1.004035526928106,0.7981185825723963,Oval
0.9073012398454998,0.8487151062488413,0.885148776288764,0.8920998036894286,116.53759046418452,1.017040062214119,0.8033646604134308,Oval
0.9116077517716011,0.852687109446178,0.8917687971506129,0.9048938054776124,118.35682063137004,1.0074195958170418,0.8017820978933502,Oval
0.8147240986819209,0.8167563420394582,0.8837737344292868,0.8118155596518281,120.31406552679725,1.0035827584178607,0.7981174321250755,Oval
0.888356355486316,0.8320371911225066,0.909264801910702,0.8854791743602392,117.58734884803329,1.0032492928229009,0.8211983823767679,Oval
0.9959197381315029,0.8458525808886155,0.8552744672898084,0.9805109983583173,103.88888987782877,1.0157150096214982,0.765123603529245,Oval
0.8970025898067154,0.8444579810185602,0.882545679333286,0.8880860635065065,123.9658290055135,1.0100401601450686,0.7989009700974344,Oval
0.9303001449471452,0.8439597304680486,0.8830559448437593,0.9243031364490659,113.58436359597255,1.006488140374724,0.795176162072435,Oval
0.8537012666684926,0.8289568536654686,0.8891805491873375,0.8486066975345699,122.61527234195269,1.0060034514796121,0.8019434818383552,Oval
0.8839888718665442,0.8456400710662009,0.8625141613225598,0.8731236541970128,116.85517106141484,1.0124440766405807,0.768538686065716,Oval
1.022572431143825,0.8591544847448667,0.8633167595842731,1.004202917937895,105.4744815449163,1.0182926307798938,0.7742703542467733,Oval
1.078120123432813,0.8471887482494505,0.8774966578514729,1.0631972162117636,103.55492236606318,1.0140358787565498,0.7922144363457776,Oval
0.9059765414556011,0.8358232927263968,0.8752152507219608,0.9031468746383484,120.5214569450209,1.0031331192043218,0.7800025514433288,Oval
1.0238064764678034,0.845130296601997,0.8664675672645152,1.007246559151499,110.74349122731874,1.0164407782442608,0.7835007604543035,Oval
0.9510262937043662,0.8262448655433808,0.9034343786887243,0.944342718471332,120.39446456291023,1.00707748903264,0.8113958453839046,Oval
0.9743676806214456,0.8356283454769833,0.8434461160642742,0.9633272902318195,109.78727491288235,1.0114606847554057,0.745217236751289,Oval
0.9641412446638831,0.8511282646747337,0.926291523241866,0.963613093759547,112.08873599343126,1.0005480943625158,0.8308317566510283,Oval
1.949366737199942,0.8355585527524777,0.8889372791992215,1.949366737199942,68.3705835900514,0.996832409550231,0.8020502961614782,Oval
1.0564064129595603,0.8238869531172053,0.8858030444081711,1.0505336998277819,110.44164706891776,1.0055902186981163,0.7979676274896044,Oval
0.8332315377386444,0.829916044926492,0.8848442980215302,0.8251471094362296,119.82907325412354,1.0097975599865319,0.7967795839274225,Oval
0.8040384105468411,0.8085619760594035,0.9091047298160626,0.8040384105468411,125.76621307403943,0.9967754749070783,0.8208075123265486,Oval
0.964361842303192,0.811305873215667,0.8809896686462577,0.9572098919378897,112.04647421088141,1.0074716636607495,0.7885180188517951,Oval
1.0837263620848565,0.8210891646602176,0.8546886140381749,1.06955730480238,103.69078212036806,1.0132475905861766,0.7573644106815087,Oval
0.8941965909636873,0.869696545409882,0.8807710765851599,0.8814616579277951,119.03655052057509,1.0144475178487407,0.7876457117729175,Oval
0.8992642949882412,0.8169167006578105,0.8963089879229639,0.8949842622582285,117.59051772328772,1.0047822435661755,0.8083698317492425,Oval
0.8392606800245163,0.8473866875105679,0.8655013591360948,0.8199449994679793,117.88732830248456,1.023557288073066,0.7778170459196604,Oval
1.0009208753162666,0.8617630062499626,0.8959207564032773,0.993151085411489,107.98304303663419,1.0078233715080303,0.8033747612139676,Oval
1.1912475283240638,0.8128624241863711,0.8762093421690733,1.1838855759817772,101.59097405775948,1.0062184661183844,0.7805154352341516,Oval
0.9573602869319179,0.8328794826176142,0.9220293928250867,0.9573602869319179,116.78754014694638,0.985763987711877,0.8313233840224966,Oval
0.8328009556215182,0.8561802330338517,0.8420465909044064,0.8208057722081393,116.04142655080945,1.014613912108719,0.7428045997464844,Oval
0.9410068205016977,0.8220205367185068,0.908531347884897,0.9387345470069699,113.6508063536781,1.0024205708652918,0.825483526999583,Oval
1.005890227887292,0.8563818755358269,0.8999379473544002,1.0010961944593952,113.12357458795063,1.0047887839894205,0.8103325025439431,Oval
0.8815387639035459,0.85282434782251,0.8661203929299505,0.8691039011276571,116.66950176998606,1.0143076826139596,0.7796489421608439,Oval
1.0607243963592736,0.8475478623944769,0.8696213616700058,1.0450950199664535,108.28237656613548,1.0149549812162744,0.7734152952611246,Oval
0.9532482184347723,0.8259074240172174,0.8738689440700751,0.9486344117958708,116.8713668624224,1.0048636298467888,0.7888175016020201,Oval
0.9744998892485912,0.8245493995899439,0.8727143418719976,0.9691652040140897,116.4231963992277,1.0055044126764006,0.7799291592053638,Oval
0.9747398975022745,0.8292184704837299,0.8947282211627,0.9725898278843933,118.52308846626354,1.0022106643070265,0.8109933591656845,Oval
0.9980050174667119,0.8498985050637405,0.844430244329341,0.9751869679201016,104.54247430666732,1.0233986407706792,0.7564206493134749,Oval
0.8656542649440099,0.8238985102871871,0.8724502737690172,0.8522233402988024,117.1055214612708,1.015759864826629,0.7730323261233654,Oval
0.970781958322179,0.8587171312807031,0.845038200631219,0.9545632037073927,110.75243344615818,1.016990760330793,0.7493540185623927,Oval
0.8724081749497269,0.8753861622141981,0.8666347289757933,0.8541236403997503,109.61322349408218,1.0214073626874662,0.7759517479206616,Oval
0.8879830880701173,0.8498588328329328,0.8594460513550144,0.8702010681505612,115.7913340232691,1.0204343807085279,0.7704705562831621,Oval
0.8981067634081963,0.8608071140595673,0.8555764250657477,0.8834427214853727,110.43494921612493,1.0165987466603021,0.7713234806468546,Oval
0.9194443523258359,0.8473023387697242,0.8812181637394308,0.912386880672345,114.85822794784971,1.0077351744122955,0.7919124554973268,Oval
0.7940483602154094,0.8689721457221028,0.8693319821680371,0.7842576781420771,117.6621274951671,1.0124840117555833,0.7777130315494123,Oval
0.9615031888181104,0.8343062789619735,0.8623708840572347,0.9472343861805548,109.69987059772428,1.0150636451185968,0.7714736594668321,Oval
0.7701137271346766,0.8128091654505036,0.8850579133951507,0.7643717525496818,122.02512030166434,1.0075120182893227,0.7918914707828505,Oval
0.7780827891138892,0.8626783739269377,0.8723225983647108,0.7653430939291513,118.14168282626075,1.016645730896106,0.7935343692767528,Oval
0.9885726539948743,0.8327569427499425,0.8879183056960945,0.9824602722353498,104.51398555290308,1.0062215052682153,0.7974713282607584,Oval
0.8424106904918826,0.8498332582153257,0.8670819083715449,0.8282394798402004,120.15602391188428,1.017110040026607,0.7803443473638279,Oval
1.110767138029838,0.8706005596931052,0.8682626513238213,1.0866236959557356,93.7488239852474,1.0222187700893706,0.7868370266675885,Oval
0.9082043985413365,0.8540666335609666,0.8915614485323058,0.9017157327698284,120.54801008086571,1.0071959105688184,0.8032654749152546,Oval
0.9519985610516298,0.8478588972450317,0.8739439892861345,0.9360977023919129,116.31335182678085,1.016986323776981,0.7960511655788465,Oval
0.9876570786525444,0.8637191898812833,0.8855281893281004,0.9819789953631576,118.52836421682683,1.0057822858902261,0.8006841613838923,Oval
0.9251110564487567,0.8464593084593315,0.9014574826893047,0.9216787229528518,115.71488168427724,1.003724002095772,0.8082000601444719,Oval
0.9666376719950096,0.828904353193398,0.8810251956072221,0.9597229623685042,109.69888021961646,1.00720490172439,0.7853610170543193,Oval
0.8972815105155547,0.8484695873983986,0.8986997683908726,0.8952246305970742,114.72718891396568,1.002297613189115,0.8108368137347275,Oval
0.9582272888668064,0.8333409788884523,0.8907019156159635,0.943571801391208,112.06587328399955,1.0155319260855298,0.8047499792382397,Oval
1.1065924956933153,0.8971370987016192,0.8337967342506031,1.0798815581481158,96.45565690233468,1.0247350622331268,0.7414141307109342,Oval
0.7980794744536902,0.8549772575411441,0.8361800493839506,0.7797364107484057,118.9875345755792,1.0235246981575203,0.7430966132379629,Oval
0.7780480632906801,0.854061058533555,0.8555557951953808,0.7674029196778314,116.66317060250604,1.01387164856933,0.7686194977947062,Oval
1.2332658258399938,0.8512210259048693,0.8870998394371592,1.2223706252360564,94.03476684205567,1.0089131727963714,0.800567540981047,Oval
0.8301182230920012,0.8294893380966942,0.8784614224805143,0.8248380424324763,118.15469105873225,1.0064014756690338,0.7957864976143674,Oval
0.8445485850171518,0.8234154484679133,0.8941449162289696,0.8445010060235065,129.61612158813068,1.0000563397714222,0.8091616847347762,Oval
0.7931817534091354,0.8701437370038769,0.8547014674361988,0.7795434686563528,120.90958482502262,1.017495220345172,0.7693189899499524,Oval
0.708747762340969,0.8643942140138906,0.9012714438371424,0.7026634710623333,122.49042514545347,1.008658897935077,0.8122825051370614,Oval
0.9330239809563267,0.8484007385644503,0.8746502322928821,0.9198262244513223,111.6306857540757,1.0143480976669008,0.7879994864375046,Oval
0.894171040288507,0.8445342628423729,0.8533091183961403,0.8773074717977198,111.22167537111072,1.0192219592707121,0.7664914093594345,Oval
0.8161209461063542,0.8337682067766943,0.872092219566263,0.8089577385863455,124.76918046503978,1.0088548599986527,0.7685282583437814,Oval
0.8736369490692324,0.8396105053913947,0.8946005876412051,0.8656446271936611,115.46225268287832,1.0092327978762852,0.806602177033172,Oval
0.9570222039098416,0.8453611814707458,0.8795697823021953,0.9423304771343595,107.59049004383411,1.0155908432678096,0.7922131179874194,Oval
1.2117507479402598,0.8776743784944662,0.8632989544541563,1.193491209755905,96.27206225219716,1.0152992649087793,0.7701603600068763,Oval
0.8870638632127237,0.8271385253338125,0.8848760169209144,0.8824882885033865,112.1788210741068,1.0051848560133267,0.7996058408144558,Oval
0.7985737171387128,0.8432880323164565,0.902009615309655,0.7954739205770563,117.17012747360691,1.0038967921907582,0.8103022030047645,Oval
0.9556993040997447,0.8568842574229396,0.8562131662868195,0.9346131072799305,108.71204730651172,1.0225614178268725,0.770045311442488,Oval
0.8992427306221783,0.8334894577450425,0.8882810728243136,0.8848019756607127,114.36144170435479,1.0163208891466162,0.8185378986945394,Oval
0.9885726539948743,0.8327569427499425,0.8879183056960945,0.9824602722353498,104.51398555290308,1.0062215052682153,0.7974713282607584,Oval
1.2910580892246433,0.8460492648714815,0.8773207503637753,1.2910580892246433,91.42110592165889,0.9997801802397264,0.7722019148587183,Oval
0.6889366708578434,0.841042535036487,0.876688281894566,0.6778167416331514,129.25802023089997,1.016405509840166,0.7910449501752235,Oval
0.9043501134539499,0.8005730535349738,0.8844530512295752,0.8996402036187752,112.62775186742414,1.0052353260961764,0.798539098779118,Oval
0.9234692588893161,0.842487221660818,0.8992588029480256,0.9234692588893161,116.85084780628326,0.9978791742225712,0.8094017956444406,Oval
1.0281780070684619,0.8324946740655181,0.8915621472959476,1.0186032794015063,108.39184621851173,1.0093998594551759,0.8133476489958517,Oval
0.9017262759338719,0.8260637644018516,0.8797907631197117,0.8973385224148028,108.13937575150392,1.0048897416186495,0.7902369441196089,Oval
0.9663473783869903,0.8732356519151271,0.8704771554404769,0.9527516326315524,108.89392239624001,1.0142699789638625,0.7761102171758238,Oval
0.8811444115560167,0.8515097707088446,0.8779043345569325,0.8694881337985095,112.95194935320492,1.0134059078030022,0.7925954051146996,Oval
1.0565704044866882,0.8603754534604366,0.8632322932391336,1.0390745680203477,107.6600928562807,1.0168379026922714,0.7792133883763198,Oval
1.6078455129637685,0.8266240133829083,0.8884742523639956,1.6002588156538335,86.56814063107753,1.004740918928689,0.7970793340212111,Oval
1.1465919733540952,0.8341099038091041,0.8771124397343919,1.1375850715711844,110.29038473323469,1.0079175632732864,0.7867882702746589,Oval
0.9415390362508441,0.8612028738639563,0.8619682330116043,0.9326146927507762,112.92404909209746,1.009569164596523,0.7696976819944152,Oval
0.8440776795586293,0.8614969150361412,0.8758164521429704,0.832567043796486,113.13697351051324,1.0138254760957808,0.7820018641987114,Oval
0.7587295736477935,0.8671245731178461,0.8610714311123295,0.745794933689462,116.78186649294271,1.0173434269583244,0.7727619295654042,Oval
0.8826416359962933,0.8407031792362055,0.8558108165388184,0.870063457433523,111.58810950929379,1.014456622049009,0.7658236535430832,Oval
0.8859104680334237,0.8467964090551128,0.8815314652552052,0.880322724941797,115.9973905159508,1.006347380265568,0.79682273641111,Oval
0.8849129501791227,0.8241259661800863,0.8881494271088032,0.87996744286656,111.97990333168852,1.0056201025988556,0.797351562851647,Oval
0.9039128352130197,0.8487360821645044,0.8926300645306623,0.8998241877771268,120.84145761218419,1.0045438292184534,0.8023690638660963,Oval
0.9598064530393475,0.8291298535397468,0.8579254198452396,0.9434412987344127,112.63499008805407,1.017346234818094,0.7664408838521048,Oval
0.8920308743169514,0.8409253588777451,0.8622028470214628,0.8850261473123083,110.2949038447156,1.007914711927908,0.7662817323526084,Oval
0.8427444366459999,0.8294125763109211,0.8752412212904446,0.8328212885033806,116.31941534569548,1.0119150990489827,0.7857419374734819,Oval
1.2002654125286918,0.8981306978374799,0.8437296379513443,1.165707588069373,91.06008648439818,1.02964536287917,0.7545104723952133,Oval
0.9897482837645303,0.8308419847005074,0.8582591265864551,0.9759231136870948,106.59580453064838,1.0141662492501107,0.7721278835423478,Oval
0.8037874260046104,0.8372418691074255,0.8727576767445914,0.7997568725001603,119.45840675591323,1.0050397234997805,0.7808019813672333,Oval
1.0111032377479756,0.8454034130348741,0.8879487148069695,1.005935430215073,108.99469089422873,1.0051373153561136,0.800783755429065,Oval
1.0369089886988363,0.8441488619809846,0.8580884723662133,1.0210215728323373,100.67086055499321,1.015560313600845,0.7615711013856469,Oval
0.8723388275210722,0.8297942926279083,0.8778974006728956,0.8723388275210722,120.65058608975134,0.9966349431444912,0.7840309520163623,Oval
1.1514899849929492,0.859293399246878,0.8813346630132659,1.1333047197896922,97.2605819924826,1.0160462273611917,0.790455383668429,Oval
0.8049302814919771,0.8534940056542357,0.870844795377377,0.7930325971006708,124.53039718751843,1.01500276840423,0.7860780521819156,Oval
0.809692172899542,0.8317062167749106,0.8971895141892294,0.8058641375290704,116.1505762561923,1.0047502242526998,0.8098445402635095,Oval
0.8653626990363767,0.8578063519722563,0.8700987339402029,0.8509778168983535,114.08378503433873,1.0169039449118114,0.7868749967973113,Oval
0.9096243858240817,0.8796741876211486,0.8587559538469666,0.8882958998723641,110.13823748122506,1.0240105644468045,0.7727832540567262,Oval
0.8794951500051584,0.8773495369209847,0.8451654342709227,0.8594868405290105,109.01754286480313,1.0232793668648061,0.7571568068389922,Oval
0.8743377099488313,0.8287584868436454,0.8830036009826352,0.8697029928291893,123.68085017803767,1.0053290803387545,0.7928351997972446,Oval
0.9403789469739444,0.8150123941246145,0.8899445056566151,0.9378352226700236,114.92670113035864,1.0027123360718728,0.7958725683255222,Oval
0.9437914142802318,0.8248028002798449,0.8979016857037241,0.9333538423709726,116.07961063639873,1.0111828670279484,0.8072779033698587,Oval
0.9288635963355864,0.8390940349769005,0.8679062643223251,0.9172166671524025,111.49092890682248,1.0126981220471527,0.7818328445155918,Oval
1.0320399342351503,0.8323371221986592,0.8844429477193505,1.0300509025947362,104.56393662305257,1.001931003249843,0.7941445064097827,Oval
1.384489486842248,0.8217362422225595,0.8975658633347564,1.3838886336203466,85.88931776221952,1.0004341774383458,0.8027651506652307,Oval
0.9381045860485472,0.8479266174938204,0.8651512219983972,0.9206102398591665,113.78429598464125,1.0190029889218448,0.7826174734118101,Oval
0.9673048052538409,0.8344333028997917,0.8792031972490391,0.9596957231011632,119.69507137151857,1.0079286402653642,0.7884442540331509,Oval
0.83011789581657,0.8311282091888066,0.8835411703063191,0.8234012639875083,121.10489437168505,1.0081571794006423,0.7899291276445829,Oval
1.106281900172358,0.8519475934302233,0.8630706348036206,1.0933114419748342,103.27214975671407,1.011863461498304,0.768956239522939,Oval
2.0273656712153696,0.853363063129488,0.8845459692432645,2.014105494360793,67.33644504130773,1.0065836555690373,0.7852712206998772,Oval
0.7172527010689956,0.8195229330338971,0.8654731245761971,0.7110553173413859,129.02201034865394,1.0087157547049665,0.7695141572920409,Oval
0.95723425685882,0.8562133648919845,0.8902251527678811,0.9474184905485691,111.73717897217469,1.0103605390945742,0.7958635231417196,Oval
0.9208269362543278,0.8354665883563567,0.888899500251363,0.9194772476002969,113.29913114959616,1.001467886951584,0.803625931449802,Oval
0.8143255900649552,0.8130481013882203,0.9013925983179581,0.8116893472898703,123.19225856657731,1.003247846955103,0.8127317636840374,Oval
0.9731730864676091,0.8134996548565391,0.8952605227037668,0.9671839701407943,121.61037782754944,1.006192323809857,0.8034022658690059,Oval
0.8550947171475742,0.8470772542716704,0.8712313230912699,0.8451587368308531,117.79681612036667,1.0117563481080238,0.7812827323170188,Oval
2.174609156910241,0.8544672897078883,0.9002715097080811,2.1503598485550466,63.97836307094719,1.011276860647993,0.8077283607027399,Oval
0.9036696385918325,0.8431372679522711,0.8909717867915641,0.8888829398434142,112.7892385684934,1.0166351474256252,0.7986252443273327,Oval
1.2914593104553758,0.9040672246585059,0.8611423390233355,1.263829362930701,95.18513617850651,1.021862087030961,0.7692788853342352,Oval
0.9890057249190889,0.8562760069610262,0.8825352451188013,0.9745028023613364,109.50965412320886,1.0148823815822903,0.7895644203710511,Oval
1.5975392103293762,0.8458094205093921,0.889902759607507,1.581209669914577,93.33926042246074,1.0103272454788879,0.8013563144341838,Oval
1.0316988994421152,0.8396193818590545,0.8925874980787843,1.0287555161348532,105.62944956595834,1.0028611105953733,0.79281049400587,Oval
1.1229499343929796,0.8498896119941842,0.8958942039730479,1.1117828576332995,98.85654914175488,1.0100442965845435,0.8052287160388896,Oval
0.9417224956600361,0.8362889796906863,0.9232068133542546,0.9417224956600361,120.43711779668138,0.9951366963746097,0.8295961055943328,Oval
1.0226041416762048,0.8316771896894819,0.8699539950548261,1.007105208449582,107.50539321869353,1.0153895870030136,0.7733664782333965,Oval
1.1986690207292163,0.8399051188740486,0.8906512838752426,1.1935215610531817,100.36707511979796,1.0043128334200284,0.8024299564368951,Oval
0.9713974834861433,0.8485989920032686,0.8706575948431555,0.9616527796326548,110.7521513548808,1.010133287252818,0.7753693256578383,Oval
0.9441209634221032,0.8242411537876269,0.8953968024360363,0.9441209634221032,120.4626392617733,0.998772860930747,0.8090071543031039,Oval
0.9253856360821746,0.839272775084679,0.8486065984861232,0.917249578494726,111.54530572304822,1.008870058682175,0.7488371968081988,Oval
0.9495840291821629,0.8220038003838969,0.8685257557951496,0.9425274392332748,115.59024416585854,1.0074868801216317,0.7796459146314755,Oval
0.949805004527716,0.8242626887230924,0.8595648165042744,0.9357301626769163,108.3424321065462,1.015041560497029,0.7632477525855055,Oval
1.333476315887241,0.8198838044315221,0.9079168681571265,1.3328829725126055,96.68047211973109,1.0004451578922318,0.8090503838019321,Oval
1.0125874401621175,0.8118494010210676,0.8653644678940161,1.004197163805446,105.3150357748243,1.0083552081793143,0.7758199064752708,Oval
0.9967241510521377,0.8007266015652488,0.9133659160208727,0.9967241510521377,114.01300546936992,0.9944047678735085,0.8137592868211294,Oval
0.9222138252763857,0.821088056337916,0.8774618704599332,0.9075212963565344,111.6529309856058,1.0161897345867672,0.7872207908323559,Oval
1.0107081706942027,0.8528073466253243,0.8694500501355017,0.9996316351054424,110.81971689141542,1.0110806172991833,0.7725843782329681,Oval
0.8394231591349348,0.8486061909485142,0.8801778061109412,0.8287628151265937,116.18271976251383,1.0128629612885234,0.7947956269520017,Oval
0.9865082698299033,0.8393726344617084,0.8824671132802007,0.9832525114233015,110.96427005712667,1.0033112129069357,0.7958957198053971,Oval
1.0550239602903047,0.798006926844618,0.8720164956876302,1.0465702095843474,109.91858647062354,1.0080775762854122,0.7771204570014736,Oval
1.0176647198056719,0.8213902403946204,0.9068262869276379,1.0176647198056719,106.95252837852794,0.9985771558800554,0.8106248709580635,Oval
0.9834432191340142,0.8372078619672989,0.8702268690669265,0.9715688740975374,109.51954133792833,1.0122218252900563,0.7822074497755376,Oval
0.9746703517592995,0.8089871527747421,0.8760523474224773,0.9628436332868756,114.2749744909682,1.0122831143745021,0.7922580368793247,Oval
0.995180727730835,0.8259753596345256,0.8863846414141632,0.9875494356288715,113.03243615623317,1.007727503886531,0.8008610292529764,Oval
0.9624593702458702,0.8235225889902513,0.8570184974363144,0.9472230410241632,112.64184224612124,1.016085260347165,0.7623410689547928,Oval
0.8814058420597181,0.858448920463732,0.8678353070174274,0.862312650076985,115.10806182180893,1.0221418437744458,0.7749328852275879,Oval
0.9506726939387757,0.8376833409815886,0.8893161261442638,0.9477877710952071,115.54888961196485,1.003043848983444,0.7904497683053586,Oval
1.101498413018903,0.8105960409481046,0.8892505946748015,1.096424041396026,111.41443682175147,1.004628110504049,0.7986940038444375,Oval
0.9686460487776286,0.815669981536961,0.875905625844246,0.9686460487776286,118.05584675055978,0.9967425591020933,0.7822301394300915,Oval
1.0136003778209002,0.8341183144054639,0.8728773392075067,1.002696787642221,106.51161516510349,1.0108742645962976,0.7840450289141399,Oval
1.0167520406539463,0.8490244828616388,0.8986139154616622,1.0165113390075466,107.86021884436491,1.0002367918951447,0.8048726328018787,Oval
0.9747764084495116,0.8264843068665205,0.8920422394072266,0.9707937078305102,112.6834768555317,1.0041025200172566,0.7901582185841988,Oval
1.0443016743256264,0.8118077589723616,0.9250387785551168,1.0443016743256264,110.0489276190703,0.9866981535866839,0.8381899706092635,Oval
1.15799594896201,0.8567544592832378,0.875727453485971,1.1457958024701647,98.53663971363986,1.0106477493332962,0.7825893249205284,Oval
1.0033169638518427,0.8148725684184338,0.8902748063785576,1.0016831089896725,108.86293347370535,1.0016311095270618,0.7873071790204812,Oval
0.8599084281310654,0.8993344284878901,0.8695649979584522,0.8431532704435661,116.43607955506133,1.0198720188545134,0.7779312363628305,Oval
0.9515971632649682,0.8481845213590516,0.868614766024823,0.9307761502732657,114.49713413430452,1.0223695170805458,0.7747811642334766,Oval
0.9651108185670895,0.8287025825167805,0.9184246875546723,0.9651108185670895,113.44108189700937,0.99128194512868,0.8208984918526772,Oval
1.120512807657036,0.8286295124343382,0.9009214353462603,1.120512807657036,108.28509961732928,0.9998514506047376,0.8039633332222957,Oval
0.9787473570743956,0.866553259900176,0.8544378366402718,0.9647354915551666,111.44729652941612,1.0145240489666671,0.7633914132042023,Oval
0.7579836582097952,0.8509427633406637,0.8629904561944752,0.7445149318320206,124.57678685234156,1.0180906061140134,0.7774802000819275,Oval
0.9985827916868396,0.8432005566711833,0.8538110359676542,0.9878761036816062,109.84570699532647,1.0108380878587222,0.7644849396410144,Oval
1.1832258335898207,0.8470711465060947,0.8781789240558481,1.1696325456002843,106.63280487648944,1.0116218448611654,0.7926590767799134,Oval
0.9617619691284468,0.8333064474544811,0.8849261050007395,0.959036360321806,120.58398166781453,1.0028420286439674,0.7978450058801662,Oval
0.9038537760137832,0.8173899874154865,0.8763368198443761,0.9012581699003032,114.44312020875554,1.0028799806760889,0.7752860907904741,Oval
0.8909036376766216,0.8438498399483899,0.8791303709943542,0.8796425102652119,107.51816870312699,1.012801936332084,0.78685375141655,Oval
1.1787176267015738,0.8321623589956284,0.857935249061204,1.1688157820110214,95.77120165911866,1.0084716897589419,0.7613192497066821,Oval
0.9813862141818439,0.8561079248501077,0.8550808287714453,0.9658204884331455,116.6908670967708,1.0161165826725738,0.7687971638285018,Oval
0.9786974638234616,0.8450117469157002,0.8993035437552633,0.9786650173981111,114.47013692879143,1.0000331537602487,0.8116954145581872,Oval
1.1271609805665772,0.8531882213468397,0.9006654643372759,1.1257942304471535,107.33003320193524,1.0012140319096152,0.814032202664449,Oval
0.9132405932365472,0.8390651860664158,0.8714023755051408,0.9041067471088337,123.75258263365994,1.0101026191397442,0.7885671577523186,Oval
0.9151075605160217,0.8448442322710078,0.8672842579613128,0.8973451463924652,112.54131131127234,1.01979440597073,0.7723290660869295,Oval
0.9342213644887608,0.8510325968291326,0.8740228552657117,0.9232904144123587,102.99241850039226,1.011839124403083,0.7782647793990282,Oval
1.0111031359305458,0.8373680470352634,0.8794693257126835,1.0066637659057334,116.04862048280869,1.0044099829309125,0.7913176287501617,Oval
0.9299511136618783,0.8480950912530992,0.876467470101516,0.9218189451195461,103.82458923032196,1.0088218717844617,0.7853476375702368,Oval
1.0534561032027265,0.8597953265389714,0.8904702746081866,1.0440674579451095,110.54775600102334,1.008992374186334,0.7964419263182642,Oval
0.8622210487244639,0.8260433583350886,0.8877094486826506,0.8549432534880084,120.72876475976344,1.0085126061955147,0.8055062165002327,Oval
0.8832687928134662,0.8213904463535082,0.8998550386773672,0.873267327091829,112.66119561117517,1.011452925594897,0.8092935241782484,Oval
0.8269987367565853,0.847128128423666,0.8871741642999117,0.8192153762652331,119.97461598690995,1.0095009941425126,0.7986542439211064,Oval
0.9184469517567815,0.8419130485354622,0.8674159966921283,0.9079368564469122,117.01491339691853,1.0115757998314983,0.7816478721120891,Oval
1.905880181382818,0.83873210157748,0.8660312743816844,1.8770487558051105,78.42126426725511,1.0153599769257675,0.7789713350166378,Oval
1.1351031919005172,0.821817461537625,0.9193530529799495,1.1351031919005172,112.49050972304344,0.9915337823559021,0.8424386940994012,Oval
0.9393203690964482,0.8558087566159374,0.8555977847847479,0.9290036717147631,118.97434049191638,1.0111051201365464,0.7662765380432357,Oval
1.044563930234673,0.8419026874913134,0.873673639430644,1.0378928858956604,110.37241852437488,1.0064274882597888,0.7733443450557235,Oval
1.256574114828566,0.8673326554276249,0.8915860920610212,1.2455627449745084,93.10668421234774,1.0088404778470499,0.7983583421102057,Oval
0.8254550032396446,0.8538118546105151,0.8942129824283181,0.8193977433623754,118.26435234328801,1.007392331656191,0.7994808131955651,Oval
0.9889140871042957,0.8480320819307484,0.8600850139722223,0.9673964610665815,114.90473713109878,1.0222428207086787,0.7737477302790121,Oval
0.9015150440412564,0.8442512636909894,0.8918164398500016,0.8987506055177167,113.86565535944702,1.0030758683293985,0.8066519097672611,Oval
0.9556325991113322,0.8419001221700466,0.8734816482943446,0.9390977510979429,110.76454776894023,1.0176071638911472,0.7779144247178786,Oval
0.7642710480184722,0.8578924603541357,0.8766331141748368,0.7495011689743538,121.35204529480463,1.0197062788632207,0.7888975723570743,Oval
0.9663575437257722,0.8523345524125411,0.8760564414270882,0.9583956848679615,111.59565738894594,1.0083074861286627,0.7857362955248315,Oval
0.9395985453521138,0.8534026696655225,0.8610010007465039,0.9221424231262412,117.02849723406179,1.018929963298612,0.7802796371561921,Oval
0.8019156440425347,0.8471024162228976,0.8604031780680493,0.7858484151454543,124.26161817618967,1.0204457101235058,0.7706467356808233,Oval
0.9270950967623056,0.8477625452345533,0.8713222673808503,0.913949002281379,114.97775410069256,1.0143838381004977,0.7860376642073981,Oval
0.7875147629906873,0.8338618341588387,0.8530984991111852,0.774802090035905,122.01214776496748,1.016407638954863,0.7614126569448953,Oval
0.7750698399160426,0.852034360302405,0.884201389246445,0.7653489818021392,127.13389942110005,1.012701209964393,0.7949152266362333,Oval
0.947763533637816,0.8424930524705903,0.8977821222922027,0.947763533637816,115.63432128482991,0.9986767016110408,0.8027180704182102,Oval
0.9241164424310326,0.8495763277634469,0.8822357148614428,0.90966138355773,108.60896022122593,1.015890593065266,0.7881145969901843,Oval
0.8096209240966218,0.8439085285277477,0.883392935803228,0.7999660155997441,121.1406624993787,1.0120691483245565,0.7887246562877747,Oval
1.4872711168537385,0.8275117394331012,0.8830152013666017,1.4702675263039706,87.95841177739374,1.0115649636855628,0.785994414928844,Oval
0.817034555210586,0.838048593987559,0.8668121121001598,0.7993665198760395,124.34793170583796,1.0221025460727158,0.7701866174503292,Oval
1.037263065436508,0.8266967735670684,0.8689916399792629,1.0160563111027205,107.32026907136799,1.0208716329026801,0.7693506327204598,Oval
0.762417231444613,0.847921959098249,0.864159546152144,0.7517171243283091,125.83922869459741,1.014234220253882,0.7698394705161179,Oval
0.7894889789894778,0.8508053224363297,0.9044409648222177,0.7894149090929568,123.11492377357115,1.0000938288543424,0.804146521716079,Oval
0.9444779060343556,0.8411361231734995,0.8591434287367514,0.9318089285505268,115.46115221554491,1.0135961108502534,0.765803666074698,Oval
0.8054600951072428,0.8396741475269927,0.854097096117321,0.7959608661236272,121.4963409444753,1.0119342914807827,0.7576773401776372,Oval
1.0526486079681332,0.8334551620282681,0.8998422710691276,1.0395295003763876,108.73852907783062,1.012620235969249,0.8213905919313118,Oval
0.9043997676217342,0.8627361146300556,0.8700703883544644,0.8866498476755235,122.41872848358976,1.0200190864440395,0.7956248552746379,Oval
0.9278482419140277,0.824062655552854,0.860506601096348,0.9124443227376297,115.90813413751728,1.0168820373939982,0.761745267006756,Oval
0.8658578597570068,0.832118193980979,0.8969025916183312,0.8630074485185384,125.25136789908709,1.0033028813869007,0.8068088193028975,Oval
0.8144023106830358,0.846719531764328,0.868356450392116,0.8022027799776791,119.66297915279767,1.0152075398014653,0.7770617404033788,Oval
0.8588188829579146,0.8422126226156966,0.871270260571938,0.8410166311734031,112.09998251057121,1.0211675383394898,0.7837542177376171,Oval
0.9003821819632728,0.8342537248313573,0.8806374270489622,0.9003821819632728,117.6730104349663,0.9976776230445756,0.7907191048645799,Oval
0.776848131894825,0.8546938512949899,0.8930680144882752,0.7662398896952525,121.2645574342952,1.0138445444334563,0.7991797295790678,Oval
0.8624190061692958,0.8370336395877636,0.8743612467253897,0.8519241166670171,121.94205533195063,1.012319042620061,0.7866343317499959,Oval
0.8789613476508359,0.8471730075803859,0.8939970582002142,0.869998446090273,112.9330607415404,1.0103022041025953,0.8028890149498634,Oval
0.8606345322123603,0.8549066498040138,0.8702393855700621,0.8469135802566498,120.03366641640301,1.0162011240291513,0.7822030229903594,Oval
1.168062425708867,0.8434624408161294,0.8930165196885321,1.1643005094275292,101.92508566404716,1.0032310526800228,0.8059885242542054,Oval
0.7867977186172512,0.8968952603918974,0.9029869003278481,0.7775517501439535,120.94147314441413,1.011891129396321,0.8146844619247887,Oval
1.1464505426228262,0.8297967317379927,0.8634216439320024,1.127672835748046,100.70294852843264,1.0166517329135838,0.7716886119022598,Oval
0.8518309853494632,0.8740273575882093,0.8643130457487613,0.8313937737793384,117.43387047875125,1.024581867479259,0.7809981140319622,Oval
0.9430812388481803,0.8658446071226168,0.855792785567242,0.9241663328011834,125.19572869306508,1.0204669931977126,0.7699334927974976,Oval
0.6814111255535265,0.8572977663145114,0.8682149616482145,0.6686328931032844,129.13453817268532,1.0191109838927237,0.7804525951799806,Oval
1.2331705390232337,0.8663306271611979,0.853116641806947,1.20355261810411,95.7487243796928,1.0246087462015405,0.7631144736011568,Oval
0.9662560316939564,0.8225919412680291,0.8634794714616001,0.953042632689358,115.29364713419042,1.0138644364390206,0.7720338148645699,Oval
0.9829549096282952,0.8565674234538783,0.88117635680756,0.9683596421418241,114.36986999725968,1.0150721558926075,0.80061779738686,Oval
0.7787132536358679,0.8593715022025524,0.9066368974885859,0.7754065003348225,131.41998456538516,1.0042645416302514,0.8222774875310672,Oval
0.816433851174724,0.8846289742441509,0.8711770153527055,0.8012504799334798,113.27716443053454,1.018949593942839,0.7836713572484151,Oval
0.8485641705965176,0.8299693558459464,0.870646917562002,0.8424970105461642,120.87780969480603,1.0072014024671971,0.7792424265768895,Oval
1.174470602294855,0.8668107127602641,0.8593363042921108,1.141159901192027,96.49172648409785,1.0291902134556536,0.768583118768609,Oval
0.9471349610963935,0.8456990903304443,0.8615528434923084,0.927327140288335,113.26706162769011,1.021360121954265,0.7715277733986207,Oval
0.8460876303269778,0.8556726818411209,0.8751853438721633,0.8299665684615958,119.69610077935619,1.0194237484712951,0.7888075238215486,Oval
0.7809629461771375,0.8566428986762253,0.8517699353144467,0.760869062497156,124.4008159904607,1.0264091217141011,0.7637825516305604,Oval
0.9005985027998377,0.8441193785457162,0.865172467813798,0.8909752385119353,120.437056307989,1.0108008212483826,0.7721384020346367,Oval
0.8993603080641049,0.8297025943211883,0.9097558895187782,0.8993603080641049,116.73838185948883,0.996494298561335,0.8251166949486517,Oval
0.9434583929622284,0.8422147499379945,0.8793493322164321,0.9372760658758139,119.8238093272563,1.0065960577800925,0.7933879574225611,Oval
0.9253289353214853,0.8439725276577876,0.8671372644951965,0.9176229081395029,108.80705484538264,1.0083978147380894,0.7715941043249137,Oval
0.899539725875387,0.8676875074136056,0.8577794120105796,0.8779394641320121,111.62272130626388,1.024603361194989,0.7717351061370188,Oval
0.9966034103312313,0.8341794331583052,0.8839741185862869,0.9876917001017771,115.64979226773207,1.009022765128568,0.8084887182599582,Oval
0.9024752008221656,0.8382041290348092,0.8698858225075152,0.8877155128443024,114.71481713589993,1.0166265968818908,0.7862008291961939,Oval
0.7955359023996879,0.8278017235545545,0.875879264574617,0.7890953392901757,118.65323895593824,1.0081619581168806,0.7929886716035783,Oval
0.9542802852775268,0.8158173943951378,0.8860964403235836,0.9466371476942436,118.67729180723434,1.0080739886469698,0.7955757288829391,Oval
0.9816371702836931,0.8505186016417872,0.8526110257499557,0.9695867780364444,115.11532275634006,1.0124283793057207,0.763171537997679,Oval
0.7713393152456397,0.8425865249183915,0.8738306132041883,0.7604696676721708,113.49970953594746,1.0142933348107641,0.7841892201640002,Oval
0.9926246005388965,0.8299134630624109,0.8770137748622499,0.9780294743082841,106.88320546022389,1.0149229922144574,0.7947573028510101,Oval
0.9404316275468741,0.8244310714905855,0.8850009494747837,0.9376313752185489,107.3248957507467,1.002986517305559,0.787362967925658,Oval
0.9725877764066214,0.8344980901701085,0.8995383385995546,0.9709934096412298,116.19729912938082,1.0016419954549234,0.810476337885356,Oval
0.9339577414526142,0.821294818750057,0.8766489507494551,0.9339577414526142,116.31224679063133,0.9997930455062649,0.7893228336228073,Oval
0.7752284070368191,0.8234371886277138,0.8841575646383552,0.7682658351509092,120.3404246027866,1.0090627118470552,0.7982456922333158,Oval
1.0063008662344113,0.8458325839616727,0.8859969648206406,0.9968606615264821,113.90673725125225,1.0094699340361906,0.7972663671644055,Oval
1.0518103201213718,0.861868602698311,0.8501250016055489,1.04234130253178,105.2662844484654,1.0090843733876727,0.7534102076204329,Oval
1.045064945225057,0.8337880427443495,0.8683931062004937,1.0312316837993543,113.90403903833572,1.0134143099392923,0.7838545498451152,Oval
0.8246704456890797,0.8612623128050365,0.8696180298772127,0.813966897480821,121.7436437810575,1.0131498568816317,0.7872970492620536,Oval
0.7991457707401436,0.8539392668607632,0.8865611857232905,0.7938555714508458,130.74426548837457,1.006663931676677,0.8093445922619484,Oval
0.8461410551508064,0.8270738851976265,0.8955221248777229,0.8461410551508064,115.28247243048551,0.9982335341155576,0.8052694788514618,Oval
0.701000156683042,0.8645819907142163,0.8568872540014777,0.6935109140120185,126.3230083210462,1.010799026402768,0.7717246922365866,Oval
1.0848146947551498,0.8374223746971736,0.8537589438208357,1.062624343199863,104.32872144604092,1.0208825928911673,0.7601169460264635,Oval
1.1716863001785784,0.8548617306446832,0.8597255992263846,1.152770340606453,95.77988170749775,1.0164091310348724,0.7806207893796596,Oval
1.0837905595262185,0.8685454971649141,0.859784626938905,1.0657657994116125,99.58529124621164,1.0169124962769092,0.7786208332865951,Oval
0.7262044929824616,0.8265662214522065,0.895101389356946,0.7219842099655681,131.19695908764135,1.0058453951743553,0.8124503280704592,Oval
0.8007543107312178,0.8524078084855541,0.8660872921833304,0.7973273423476318,115.8438510686835,1.0042980695651247,0.779830377000593,Oval
0.9226287546269704,0.8456533637566399,0.8807703502281956,0.9142923559499126,112.47006667402053,1.009117869817906,0.7998646095043259,Oval
1.2136254624917346,0.8510071148606883,0.8957560540911255,1.2136254624917346,90.38544302662427,0.9928711092756917,0.8119007225505038,Oval
1.2295567603239512,0.8778298923760549,0.8574449367214669,1.2158949675586568,92.1192844806218,1.0112359974585021,0.7692365499616943,Oval
1.0080095013327408,0.8362823311280799,0.9181254759635264,1.0080095013327408,111.66196432321891,0.9966349298508499,0.8332431891685979,Oval
0.9821151057153155,0.8393790520524951,0.9008572560430158,0.9821151057153155,108.47117752545992,0.9961313575088038,0.816308305202958,Oval
0.8184432286539509,0.8399014427292936,0.8483577741148279,0.8022560144405003,121.92255633636982,1.020177117930041,0.755255053463367,Oval
0.7964772446938619,0.8552629391160005,0.8358940244128238,0.7783049262301183,119.0680229247226,1.0233485846630384,0.742322176429854,Oval
0.969585975361235,0.8401744060668357,0.9054941305275506,0.9674748132877913,110.99561079262818,1.0021821364695473,0.8190393910489733,Oval
0.9965128546091119,0.8390562984177394,0.899074051652484,0.9896030305225839,110.92421003484088,1.0069824200951356,0.8109654688801828,Oval
0.9601587834606872,0.8287464431017869,0.8744811190646236,0.9510464651519366,115.1967193333269,1.0095813597365033,0.7849938132917996,Oval
0.9470550617548289,0.8428937822253516,0.8949386624292158,0.9450565796971743,111.44576663542212,1.00211466921726,0.805079921732096,Oval
0.8509257129759317,0.8857766306809901,0.8574871764696469,0.8363940529265014,116.21729753257907,1.017374179070959,0.7655343917031534,Oval
0.8029125721687567,0.8561943253560023,0.8805131931611462,0.7969449239949576,117.20548280255255,1.0074881563256395,0.7919255033467122,Oval
0.7692319268901234,0.8586957081073245,0.8760395563866931,0.7574620320050192,118.45226146103131,1.0155385938671395,0.7893960678912487,Oval
0.7830214030823445,0.8411102458536495,0.8735885705971891,0.7780059352166799,119.79226805109053,1.006446567614253,0.7845528333316627,Oval
0.8936416333378696,0.8439087475537085,0.8548903145930085,0.8804125087717743,116.47375253473096,1.0150260524859542,0.762995562438123,Oval
0.9999887975927879,0.8030776094841834,0.8994706663456986,0.9876513786861074,111.05870050274841,1.0124916738567136,0.8165898896332894,Oval
0.8755709740429317,0.8538675548636923,0.8799443447158223,0.8621580614156062,107.67484805843145,1.0155573707741041,0.7825846660460382,Oval
1.1789238903629538,0.8501782048773692,0.8910357692491425,1.1607592221531076,92.91077128932558,1.0156489544628837,0.7956122790180071,Oval
1.1079999449217854,0.8257158268901229,0.8940231216593667,1.1061119568604334,107.02510953630446,1.0017068688658886,0.790288078809898,Oval
0.9283844744570753,0.9060149657120944,0.8605538197618207,0.9055411410594552,106.83199682782696,1.0252261684884842,0.7718134231879447,Oval
0.949022987557408,0.8462042041964702,0.8741993280001,0.9355973068061444,117.82751349618466,1.0143498497201695,0.7830568499117903,Oval
0.9238503777872404,0.8593527989074237,0.8905127708605409,0.9148806812007181,118.52864956804466,1.0098042255901067,0.8051541333035993,Oval
0.917990792052268,0.8300407146860614,0.8708874714063028,0.9109305692771464,114.67343089759025,1.0077505608146666,0.7807515470528269,Oval
0.9649305553868643,0.8434082261670015,0.9126246177658806,0.9646035210511509,111.71253455357173,1.000339034980255,0.8238147033964414,Oval
0.7669241267498286,0.8571994116025715,0.8747497531684846,0.757161163018496,118.62519255028288,1.0128941686501873,0.7865836552877536,Oval
0.9520683350515312,0.8376125977986203,0.8556337465860575,0.9325447524057936,107.83511475641679,1.0209358131021278,0.7676052664878616,Oval
0.8822829188326117,0.8544455454980115,0.887563802067738,0.8770550596496747,123.21433950088002,1.005960696680805,0.8019425641579351,Oval
0.913890812660066,0.8296314239634335,0.8690368764518246,0.8985380203476911,116.0823340253633,1.017086413668321,0.7878182644072306,Oval
0.9568074677322705,0.8501748555956244,0.8872529426448557,0.9529080509553708,115.78290597800124,1.0040921228160369,0.7966682509052593,Oval
0.998153198974072,0.8165855324711795,0.8812425512823894,0.984322926919517,111.25167969327543,1.0140505434510578,0.7985077439924904,Oval
1.0217416381416253,0.8246337151575607,0.8919499614509133,1.0217416381416253,104.50554735142977,0.9957185351524334,0.7973220896530849,Oval
0.991929690236616,0.8614409490779601,0.8722327289598758,0.9714884054968655,112.18397114734626,1.021041202987179,0.7875974134513588,Oval
0.9238569599012686,0.8551033673959639,0.8685255657739055,0.9041618392290854,114.65704788275251,1.021782738241835,0.7831365650561135,Oval
0.9888644409943554,0.829580632365695,0.8931718937016216,0.9888644409943554,114.61666027477042,0.999378445783751,0.8041632061256957,Oval
0.8234330561911701,0.8582149790301588,0.8681001406370905,0.8087875691128139,116.70583194759105,1.0181079527402004,0.7849301273728,Oval
1.005081158306542,0.817480697763199,0.9040911835908777,1.005081158306542,114.13134187904663,0.9990888682493816,0.8097246649092332,Oval
0.9748840347084479,0.8211993703532053,0.9033765003329287,0.9748840347084479,119.29299413774818,0.9914578913774794,0.8143703847329277,Oval
0.8155705051716493,0.8289534884796801,0.8896225282954611,0.8096701058214498,114.01383531570231,1.0072874116356478,0.8011444467195623,Oval
1.4728114521241493,0.8254500157895359,0.8909362341519209,1.4582787186601105,82.27873966086082,1.009965676161956,0.804595115574432,Oval
1.4703420667944194,0.8492876313995764,0.8424768636037315,1.4334658788223156,84.79464591704158,1.025725194102562,0.7557983173003807,Oval
0.8879458773145846,0.8435170360925127,0.9048873888130944,0.8853318048963059,115.46142662260013,1.0029526471361603,0.8207103140261008,Oval
0.9209409460907557,0.8106436218642308,0.8838592639677405,0.9168652883668109,109.64219199155411,1.0044452088825444,0.7871031608865688,Oval
0.9641492276680158,0.8333386229369724,0.865815755965961,0.9410004219637045,105.77091302126604,1.024600207570581,0.7810148205663194,Oval
0.9013992508978748,0.82987286729052,0.9091626319357847,0.8990879302256916,115.10507195796265,1.0025707392953247,0.8113465169053588,Oval
0.9925238106878301,0.8151215205892639,0.8792247875451122,0.9848287134208159,111.53361649041146,1.0078136402423576,0.7903111364462326,Oval
0.9264950772403052,0.8630403547941846,0.8707663276075497,0.915307987287404,108.49994747679573,1.012222213843075,0.777288594739095,Oval
1.0265635441645211,0.8420867210947401,0.8732820120421593,1.0162675991672134,108.53879246730297,1.0101311357419491,0.788098604806648,Oval
1.054626519124426,0.863874452157541,0.8313089731450151,1.032555245378064,102.77165945125735,1.0213753925953672,0.7359565417134749,Oval
0.98372120033115,0.832837887979327,0.8667516960810129,0.9720440803616281,107.93805724855419,1.012012953121609,0.7765278440462733,Oval
1.172163230787829,0.8535868088633735,0.8568968632652085,1.1462264865286926,91.5892421456943,1.0226279400833642,0.7632485346027009,Oval
0.7836226426682664,0.8397607374811537,0.8626958077157264,0.7753564613675964,116.34447215087506,1.010661136796474,0.7707545059595186,Oval
1.1148294684054467,0.8387254572692211,0.8886637389584174,1.1135442160791995,113.08729462313144,1.001154199633646,0.7922138557298981,Oval
0.8745571459514236,0.8657838852855558,0.8696922041690808,0.8602827224926599,114.17669521757585,1.0165927120068199,0.7767848606148801,Oval
0.8908245252141748,0.8423572144968848,0.8891405765058955,0.8793743347741428,112.89427664251434,1.0130208376424503,0.8034298603987001,Oval
1.0144917828837592,0.841740897739585,0.8809703346830308,1.001459697233735,103.49084959218644,1.0130130904778514,0.796780915360861,Oval
0.9180098220709986,0.8217898553981084,0.9292578651728595,0.9180098220709986,118.8851841057788,0.9883397423936325,0.8419844976516893,Oval
0.9188601010870583,0.8340727884388616,0.8779365338420381,0.9117455745708003,114.77579965208169,1.007803192814626,0.7836014721076717,Oval
0.8164057794055901,0.8456212874722927,0.872993068070839,0.8085469296112484,118.85545962350913,1.0097197200391574,0.7813706504283848,Oval
0.9945991220891393,0.8633517667609817,0.8683011562842692,0.971888611840143,111.73644660390079,1.02336740030938,0.7725919139417791,Oval
0.9640156553339067,0.815484912092636,0.8947918954777708,0.9610033018521804,119.48247421135069,1.0031345922286847,0.8040707961976321,Oval
0.8167619631633651,0.8542837975212237,0.858168880442105,0.7977109542080348,120.47603739400473,1.0238820952060814,0.7688806122628651,Oval
0.902593364371235,0.8472255456628255,0.9017376439479609,0.8979218169223266,113.74154810019554,1.005202621610109,0.816006850253883,Oval
1.0190329787535335,0.8281407911999021,0.8752837704083524,1.0104847549133487,107.91202169011319,1.0084595277648873,0.78393889161727,Oval
1.1811789960959318,0.8589850907062894,0.8495017590741536,1.1634045308552217,98.92647747144757,1.015277974916983,0.7502510929924343,Oval
1.2005216746565968,0.8767520638955922,0.8628340835835268,1.1833253371120258,94.10177035506965,1.0145322144344002,0.7684758026678439,Oval
1.1122294164209523,0.9000639689828359,0.8828655820761007,1.0880969649885461,102.77416912257527,1.0221785853732808,0.7948456951837973,Oval
1.0004999017321778,0.8562750908085741,0.8558219440274581,0.9785128690066351,109.4742729479213,1.022469845233475,0.7665056626815487,Oval
0.9811581138533413,0.831710726806567,0.8925675379231166,0.9788000386016781,109.32881569446,1.0024091491200102,0.7979354469404768,Oval
1.1538065605960628,0.846913800937988,0.8789661311079708,1.144872018282018,108.20658684886267,1.0078039660078792,0.789852502242545,Oval
0.9240539071683982,0.8503002699465205,0.8550344884205704,0.9101859027042162,113.01297001970914,1.0152364527103523,0.7687819573429404,Oval
0.7733929988221212,0.8439876936511082,0.8632684540526727,0.7655418196274305,120.20115623302473,1.0102557156165703,0.777773596827353,Oval
1.0116852544855535,0.8577472667780781,0.8806277427465566,0.9974979754078859,111.21311386492867,1.0142228650357572,0.783383209896359,Oval
0.9178815007324722,0.8130027738521223,0.8890696034288385,0.9101070143860595,116.17477863159827,1.0085423870199013,0.8068799913239755,Oval
0.9382413259346564,0.828461017866989,0.8928866249003173,0.9373722313820319,119.1498880674841,1.0009271605489563,0.8063520097510386,Oval
1.0820908938754636,0.8105671478822676,0.8859229730916929,1.0804471609000768,102.54503023818557,1.001521345082732,0.7973108488245131,Oval
0.9263405418194862,0.8606293466555472,0.8655447871463593,0.9122228293921951,108.85537410654867,1.0154761665378376,0.7702195136712263,Oval
1.1241927018425528,0.8700122811193358,0.858906483240909,1.1071899134390812,98.40808714343596,1.015356704569913,0.7730332933066144,Oval
0.9410523311547327,0.8458071467858878,0.885210627804921,0.9334487780158472,113.73627346717099,1.0081456565351639,0.8002195838575787,Oval
0.9999231236084681,0.873838113822923,0.8928853536348589,0.9954214412962469,111.62288984628312,1.0045223883326835,0.7990925063929825,Oval
0.9278158043515109,0.8347460789627371,0.8963725397493386,0.9268469432477441,113.8387295350307,1.0010453302034659,0.8022782920293159,Oval
0.9326119846489942,0.8150571179754801,0.8936457925123706,0.9326119846489942,118.36642333885003,0.9996007869334307,0.8054518662735685,Oval
0.9204613640222749,0.8468026127755494,0.8832037477551893,0.9080163143627898,104.74167242462525,1.0137057555713835,0.7984375429272884,Oval
0.9921806403832998,0.8241230539599729,0.8523416952157511,0.978562073058852,107.86814122464197,1.013916917178159,0.7613226389578472,Oval
0.9478317165374787,0.8565346945508047,0.8794017930589185,0.9434508067311937,123.5369634367654,1.0046434957445884,0.7912822513103184,Oval
0.9592138905427968,0.8339829629128708,0.8851472172264113,0.9467572055682641,110.40105739561292,1.0131572116919414,0.7992166944688823,Oval
0.8449917703268992,0.860548956391057,0.8537723244451805,0.8252501037025595,115.48750379952297,1.0239220407677223,0.7698971633716671,Oval
0.8737263335721567,0.816462077444379,0.8890988210136725,0.8716473436133545,116.66380418649956,1.0023851273958846,0.8019239994211246,Oval
1.0101143889179733,0.8393942053198884,0.8614094415428327,0.9977693714011487,105.9979640575407,1.0123726162284261,0.7707676357169708,Oval
0.9457313030198513,0.8190878515099987,0.8710100447745444,0.9304801367518578,109.26829457170838,1.0163906414179165,0.7820009783250499,Oval
0.8574183216357264,0.8234144699498381,0.8932711219695212,0.8574183216357264,123.07610472038975,0.9983160307551863,0.7973586714880415,Oval
0.85535215686465,0.8157479242780261,0.8554187265225142,0.8435788996408604,120.95403749878473,1.0139563201839235,0.7728920813732688,Round
0.8171386751076545,0.8172041161524699,0.8662976222911728,0.8080298026844916,122.30391373808726,1.011272941162443,0.7831514614899284,Round
0.7954541649813295,0.8172156563292358,0.861615203278013,0.7842558547394478,124.95310250312305,1.01427889912993,0.7597408759008176,Round
0.8094878170594393,0.85955153240001,0.8681483274396403,0.797530143865336,123.48742821693646,1.0149933808597487,0.7628289224895045,Round
0.8772967705625168,0.8236325824273404,0.8539909084991337,0.8649794855408418,119.61312331339873,1.014239973580383,0.7598473186701581,Round
0.8905499123713411,0.8554031058384103,0.8462888853718792,0.868741369055322,116.04199613258375,1.0251036086145338,0.7561309186780547,Round
0.948109319471127,0.8117458102954547,0.8985818781673419,0.9420307186802195,117.5650329858936,1.0064526566600964,0.8077392602109994,Round
0.9250996949975798,0.8249739352339113,0.9290212581200065,0.9250996949975798,123.80017133145627,0.9898362470580876,0.8457811961332528,Round
0.8582123203212353,0.8641012305900898,0.8306566904077091,0.8339343394890736,116.64738400274496,1.0291125807902768,0.7412923328502452,Round
0.907016275988278,0.8406418206601725,0.8733059463757105,0.8962233606700607,118.57037373977536,1.0120426623449628,0.7806707631364274,Round
0.7811968657201477,0.8655431804589432,0.8716914895170516,0.7656466737751365,128.4614570772087,1.0203098798409695,0.7936636719117631,Round
0.8552174498515225,0.8189243030180176,0.8758179201466081,0.851267832665235,125.20211759998645,1.0046396880449735,0.7871745445447237,Round
1.0165081971886585,0.8346064348804745,0.8731351296229284,1.003942381583963,114.67643913423623,1.012516470900322,0.7812457467454959,Round
0.8412610539519016,0.8276276108509345,0.8928210672951847,0.8340094973826924,119.19737848471458,1.0086948129391409,0.8087989303293931,Round
0.9926469613009569,0.8326226092462727,0.8669253760865662,0.9849941165710433,112.96684056971264,1.0077694319196084,0.7750280690901359,Round
0.7321613916629129,0.8335334912212893,0.8604613095452581,0.7190951970788102,124.3569212383838,1.018170326595396,0.7726089929740534,Round
0.8160670071630811,0.8513152199271478,0.8843856970393543,0.8049907484758756,119.0052047667014,1.0137594856936887,0.7970833758431273,Round
0.869899469537665,0.8275744384862599,0.8502806352515385,0.8514900543734655,113.74713887658787,1.0216202351039148,0.7608233819574569,Round
0.8871442103539932,0.8232201004412305,0.8465654497829502,0.8824630408163483,121.64283041338184,1.0053046635622431,0.7532639722273394,Round
0.9058950361590664,0.8296921120792607,0.9354991762480067,0.9050855044691913,122.63903469790769,1.0008944256491543,0.8532441529077182,Round
0.9463583209742903,0.7916829280724392,0.8913389096657388,0.9463583209742903,112.91209676919549,0.9971815286888301,0.7950477749621883,Round
0.8774214528526976,0.8791884923956889,0.8537264378551539,0.858424979238989,109.99581854449774,1.0221294511147023,0.7654968701287292,Round
0.9208556728756839,0.8329688601699899,0.8862431714777413,0.9146578239252172,104.71284136949743,1.0067761394352577,0.7941479109735802,Round
0.9301099493671272,0.8367485763032629,0.846619560821771,0.9127667033396692,115.44550367571453,1.0190007435240591,0.7513860571936449,Round
0.8212024832622696,0.8210021248613611,0.9100978486722491,0.8212024832622696,128.62386743881027,0.9902976183285387,0.8204899161776593,Round
0.9342113451306804,0.8218852065256211,0.8829269958991879,0.9342113451306804,114.90156618290216,0.998185264041599,0.7888389488206567,Round
0.7581869179542989,0.8033220615097841,0.892919167919981,0.7500938340432861,121.17411460154655,1.0107894286603958,0.8006364224852659,Round
1.0207038368933676,0.8338147414672543,0.8452634066547546,1.0077266387304915,107.8156141891633,1.0128776968516229,0.7472021554995959,Round
0.8882607197322353,0.8312244165210392,0.8702187656034526,0.8826295896538817,112.37630862370415,1.0063799470858004,0.7778128974912846,Round
1.0188966958774082,0.8312734890383012,0.8686024369098808,1.0029450652686969,110.03002703698574,1.0159047899641818,0.7881585072892241,Round
0.9225785390863227,0.8418760423947694,0.8814120880162473,0.9120269805413281,114.9262500440803,1.0115693491202769,0.7987551412625781,Round
1.0232613085895592,0.8137660624489724,0.8742436287239577,1.0152674743666463,115.75464499916173,1.0078736238722703,0.7867234131171401,Round
0.8421743163577465,0.8256591462789211,0.8968499911099919,0.8401291647075162,119.3673055252524,1.0024343300246485,0.807971969284738,Round
0.8948282525986688,0.8181431978406548,0.8877044717008191,0.8927945458727174,116.761041890846,1.0022779112342846,0.7943620721149731,Round
0.9148844838863561,0.8313833931619806,0.871537519706404,0.9055883303207543,112.73611121548952,1.010265319521409,0.7837913743009488,Round
0.8224690855148727,0.8641717640089771,0.8533287903224835,0.8076452304280408,126.14809216830567,1.0183544142011158,0.7657387381930756,Round
1.0961337252614363,0.801775027125028,0.9139346476344958,1.0961337252614363,103.95773134986362,0.9909891321533365,0.8202441343029542,Round
0.7515892854900411,0.8300016320945364,0.8890645861078825,0.7467472776848898,127.0916911541999,1.0064841318473403,0.805009526239087,Round
0.8281478306279971,0.832842274799432,0.8920685544811635,0.8240157304081794,116.13928704217525,1.005014589002774,0.8084625279666297,Round
0.9346102125934619,0.8343956851276995,0.8504950314448476,0.9209536686285742,116.34742548858031,1.0148286981528878,0.7576408175616635,Round
0.8089247492568782,0.821013837456002,0.871055349961259,0.8074702453558963,120.94138381374573,1.0018013095954277,0.7806323288086193,Round
1.1428825411682468,0.8344994750899973,0.886248254242083,1.1331666094157968,113.76082645829467,1.0085741422944496,0.8054325045475149,Round
1.1978800998251204,0.8129110611598184,0.8919508916956289,1.1910095635041322,101.01012448546328,1.005768665954935,0.799296614102801,Round
1.141931930380875,0.8023358116451956,0.8815176460845597,1.1334369013781112,106.82385447160772,1.0074949289126152,0.7967958711340805,Round
1.0966850543157722,0.8407604913152595,0.8820254638308095,1.082561419292038,108.29191200530559,1.013046497660124,0.7992044002137825,Round
0.8679410944121602,0.8069720814616463,0.8562970327707836,0.8567088520143992,117.60432279489153,1.0131109213723548,0.7594831890607141,Round
0.8353226633252793,0.8460612186464143,0.8622199511978456,0.8189441789631093,117.63030561259953,1.0199995125222174,0.7776640207529,Round
0.7549113327267752,0.8440440986108484,0.8779684973264872,0.7439139959958087,120.37122298930124,1.0147830754497977,0.796362114143168,Round
0.8496043292060012,0.8300738260338022,0.873143058332499,0.8408591407273038,122.1747433792076,1.0104003013764387,0.7856945538313758,Round
0.8507064226331642,0.8075425315490639,0.8755310406941287,0.8399392609073242,126.31406840397882,1.012818976593866,0.7835591300133657,Round
0.856193014512224,0.816318616912525,0.8620078584079699,0.8543075049087484,122.06006311962739,1.002207061968485,0.7664514528685306,Round
1.033249874125458,0.8183809036402823,0.8537645792814493,1.0256200508401325,104.98427177364903,1.0074392298386479,0.7592263605434709,Round
0.8353472361953833,0.8628174031464106,0.833308162580066,0.8114783240931206,118.62629001507798,1.0294141092788125,0.7418814496754282,Round
1.084890236271996,0.825818928510333,0.9032464409581702,1.0783296040845165,105.13765032540671,1.006084069437238,0.8231481339421571,Round
0.9718537897166841,0.8098362899881981,0.8800181221003641,0.9680326919182752,114.680359838849,1.0039472817708635,0.7939759455212163,Round
0.8523973026541918,0.8865349940373686,0.8287092102515934,0.8275791170805369,115.68700947607157,1.0299888978122194,0.7404233123388027,Round
1.0036107896804813,0.8391886414734828,0.8846446609806938,1.000738574688942,117.49902751089073,1.0028700952118612,0.7945747694267216,Round
0.8826194184236971,0.8267029433325086,0.9273460721275908,0.8770351809693908,119.10558669335127,1.0063671761127462,0.8422859574355344,Round
0.9195231573148737,0.7998402891339514,0.901451811859293,0.9195231573148737,120.90995527366577,0.9978197539815011,0.8066548759764205,Round
0.9132180072115829,0.8344789437622109,0.9084925203632729,0.9124573870640622,123.33731098175821,1.0008335952542047,0.8209246056369153,Round
0.9596268422894544,0.8022320697927054,0.8685342294287454,0.9567087295431761,117.08801446107566,1.0030501579594362,0.7741721733803303,Round
0.8467765756772271,0.8393176072624468,0.9003524225566475,0.8388633624434577,113.38380703920514,1.0094332564611233,0.8140421203104843,Round
0.9616967923500314,0.8187352658300988,0.9177357519807298,0.9616967923500314,115.08762255004207,0.9998689964481704,0.8354515030534432,Round
0.8424351257707546,0.8222045587104009,0.9289127000966146,0.8424351257707546,129.3416202577102,0.9924527609200936,0.8396940170695004,Round
0.8296543887825526,0.814639571454563,0.8904007046467315,0.8260192678010493,123.45124965344837,1.0044007702037996,0.8075087813694697,Round
0.8410416876033386,0.8260848929452618,0.8833402851491828,0.8367563945733462,121.57222944133439,1.005121314946362,0.7983414898123166,Round
0.7856494366360558,0.8302406326022665,0.8796673290677917,0.7758049192548778,125.05801716383401,1.0126894237672959,0.790406879822203,Round
0.8024848914834314,0.807219860437384,0.8745863214887105,0.7943910327136305,120.60071630498982,1.0101887589820246,0.7884636226025403,Round
0.8915886002207568,0.8240205585892264,0.908643101362232,0.8890660809531182,119.35620131401436,1.00283726859193,0.820935716660839,Round
0.889102671972662,0.8033487720670606,0.8720723561634243,0.8839451752023495,125.53094258386288,1.0058346342227977,0.7834847167403448,Round
0.8465882843678151,0.8500887233780775,0.8931495705441578,0.8379844458393064,124.83917294550474,1.0102673009877783,0.8105455625835176,Round
0.8528630595397928,0.8318962373182501,0.9025192328355811,0.8528630595397928,120.725182797021,0.9995215386138052,0.811652914887946,Round
0.9532498465937002,0.820831193283282,0.8653151143558796,0.944229071421093,111.74904051527948,1.0095535876257555,0.7741440713787501,Round
0.7872807972282184,0.8132518402448569,0.9199967036092699,0.7872807972282184,128.5526996712909,0.9961610571042487,0.8350931986952806,Round
1.1719633046301288,0.8023730389047682,0.9081901881573631,1.170207393818108,108.06536351024215,1.0015005124914582,0.8192003289349853,Round
1.822236105082589,0.8191039252673821,0.8838064072226473,1.822236105082589,72.37276402211806,0.9956422024522249,0.7882383640245185,Round
2.055272325609755,0.8619089636583498,0.887551026170103,2.0334489913846587,69.08572225912492,1.0107321768667705,0.8011401466277381,Round
1.239581575039998,0.8419878564214703,0.893144820646958,1.2334500699256645,101.283237553321,1.0049710201197712,0.8014681515297742,Round
0.9428696303847005,0.8336233509296775,0.8895826790714149,0.9349411532654901,103.88356917389265,1.0084801883963697,0.7997254443574531,Round
0.8542630638608109,0.8271262047944572,0.8646321212071747,0.8399992863935761,121.42644957934583,1.0169807018866341,0.7794763466237065,Round
1.029073621400982,0.8240805208086881,0.8853511933308298,1.0173580153285815,108.79695376087756,1.0115157160958883,0.7998704928812732,Round
1.1187377721395944,0.8617814848367449,0.9088543258254745,1.1153491834896683,103.96178988603174,1.003038141507688,0.8278163540858883,Round
0.951565199043043,0.8219120691215929,0.8694170045991837,0.9343422171442799,117.22661033204395,1.0184332695052605,0.7898121349163615,Round
0.8478092814968418,0.8575002645473084,0.8472975133424526,0.8307070732287035,116.28422167550123,1.020587531777799,0.7526233223559253,Round
1.0466548567997946,0.8240814758889717,0.8915226226866979,1.041248050823947,116.36042675342243,1.0051926205014927,0.7972631317674189,Round
0.9468538322843029,0.8508385715722451,0.8911836096768214,0.9435559982725069,114.77330245899627,1.003495112126714,0.8012263781094304,Round
0.8029311190368208,0.8260439610150736,0.8459097308928217,0.7913368739700705,116.26080346007616,1.0146514657007994,0.7580805042974554,Round
0.7095381431275436,0.8234498062730627,0.8740395066984167,0.7028427624765561,129.92413837710382,1.009526142984521,0.7889508176213698,Round
0.9278681620236365,0.8471527954988772,0.8897280477944131,0.9178250744617062,115.86767707788233,1.0109422675860327,0.8038091343152279,Round
0.8646833163620927,0.8123694795569165,0.8502991274895636,0.8553424379528547,121.16081393585966,1.0109206301415303,0.7648070420355283,Round
0.9747643689029818,0.819506374757679,0.8770443903839592,0.9601347720249787,109.80634253111896,1.0152370243264375,0.7890580932764208,Round
0.9532632354925153,0.8398127299170333,0.9230440399466109,0.9532632354925153,121.0515632469833,0.9956232990000189,0.838574877809385,Round
0.8994828390234055,0.8281764664779302,0.8849478680020514,0.8934681511066915,114.24008596813697,1.006731843669261,0.789346043355896,Round
0.7650593807523047,0.8546148973418504,0.8704109725553685,0.7538863644824526,124.18765916103081,1.014820557575043,0.7880824273786787,Round
0.9062811529570082,0.8439474734146337,0.8772464751713197,0.8934004225595188,117.37038882808706,1.014417645293459,0.788349888568276,Round
0.8389254557173854,0.827339845495984,0.8796599093141482,0.8354165990714205,127.13787683130008,1.0042001279958586,0.7875510116105713,Round
0.9635041397517622,0.8214119529380441,0.9177902931571047,0.9635041397517622,116.9474426089069,0.9997740455525863,0.8335028470709116,Round
0.8922531288981892,0.8369805177802729,0.8852634631828664,0.885561633813013,117.72169112969969,1.0075562161115361,0.7962070915145498,Round
0.8770068069103962,0.8441837110317764,0.8837095729966559,0.8759779856905705,123.67635959713489,1.0011744829626221,0.7995042497963023,Round
0.7998129869138962,0.8401452369217276,0.8537176392625621,0.786081784478123,128.68089787873902,1.0174679056389653,0.7618115778749179,Round
0.8280381695424329,0.8619210984420055,0.8701960039445358,0.8161070916885986,119.74228865762736,1.0146195002780183,0.7855027551442025,Round
1.0094631726052898,0.7906719493364637,0.8898725416791877,1.0094631726052898,122.80556455281568,0.9940950180917436,0.8035099575040123,Round
0.845826806247613,0.8814708127017468,0.840747297153455,0.8249679539116942,119.67229055744252,1.0252844395191518,0.7504666435913141,Round
0.9936612915002462,0.8582711297361366,0.895992741411581,0.9853829965987326,106.56090346408179,1.0084010937169485,0.8009394800116237,Round
1.140830494381701,0.8479805430875436,0.9111653205101078,1.140830494381701,108.44080476689376,0.994844926620663,0.8217936575424687,Round
1.1807419679916724,0.8321274678512373,0.8757984069875713,1.1697292568894646,100.44179956091826,1.0094147522064145,0.7923184691448315,Round
0.8337772046664754,0.8380508781035448,0.8595155886788782,0.8191569397724551,115.87520142737739,1.017847941199255,0.7658949260265143,Round
0.8490621348042264,0.8533671598929464,0.8464883500840485,0.828204289251847,113.85074455636406,1.0251844210698562,0.762992929688428,Round
0.8580739485657862,0.8408611268282785,0.8566692015352472,0.8431327503262315,116.16185218735825,1.0177210507286945,0.7678115542802995,Round
0.9376731248511132,0.8657797898995424,0.886756486253217,0.9281092847291917,111.04131282761985,1.0103046486866167,0.8067511147308061,Round
0.9316034899117054,0.8431307380555105,0.8702743606219316,0.9170576335527459,115.24710123427586,1.0158614418840917,0.7817760064303227,Round
1.276746348095054,0.8415213126459141,0.9090676671231372,1.2747598729763416,101.64313358872526,1.0015583131857408,0.8127914369745077,Round
1.1928501151010003,0.8385259335394866,0.8863288635999985,1.179292738086687,102.41828364821143,1.0114961930795139,0.801707720962665,Round
0.9418000991341389,0.8386818744583893,0.8950799300985055,0.9318968238427906,117.34338071165175,1.0106270083103308,0.8140032559574348,Round
0.765807530199299,0.8417848437758445,0.8799911726349507,0.7512874676533627,124.13549361468338,1.0193269063721901,0.8027163694699079,Round
0.9134675307938417,0.8279439270184603,0.8513299877536704,0.9071043594961354,115.1938049244609,1.0070148172380526,0.7621355201051163,Round
0.9093573163053174,0.8428761481777415,0.8765870613982668,0.894159334404797,116.6718490113869,1.0169969504491467,0.787834231725644,Round
0.8799313140065415,0.8076243920159725,0.8929577482477182,0.8726610857161755,121.75610181087679,1.0083311017408314,0.8017370301588059,Round
0.9112344599433405,0.8053652346247325,0.889536682865028,0.9112344599433405,117.43538081622349,0.9988917720206452,0.8006233610304188,Round
0.9297336545484809,0.8308738708028997,0.8974210832584303,0.9250349994077277,117.29506296326701,1.0050794349876075,0.81512519878002,Round
0.8725283927655216,0.857711714682936,0.9012920698828517,0.8698245290232243,119.1638007625401,1.0031085163180367,0.8207622739456362,Round
0.8973499249975776,0.8010893058261507,0.9026470484896105,0.8973499249975776,115.48126437156283,0.9992052482867757,0.8113925257903861,Round
0.8992269265009953,0.8543295159445264,0.8581759781715589,0.8868312352392737,118.59786167101439,1.013977508650084,0.7731497701714939,Round
0.7950953193254291,0.8361423778907338,0.8921490561307898,0.7879219472260076,121.95959443958483,1.009104165869064,0.8083494803897098,Round
0.9454171942150981,0.8224484219555749,0.9036565603035784,0.9426842766325988,111.1728997252439,1.0028990804771472,0.8140336038220849,Round
0.8066082892376659,0.853128818865565,0.8573553611712149,0.7990756568620777,130.823915422561,1.0094266823308926,0.7652946337004498,Round
1.1439092332617486,0.8410949014250894,0.8864770746727965,1.1330555563343863,111.14046569757937,1.0095791215767704,0.795803128882093,Round
1.158230551339178,0.8337015449823904,0.8870521110572334,1.1406805239042208,105.51714889929767,1.0153855764757764,0.8004499283966857,Round
1.2013456370759792,0.8506056777785748,0.9012020229363982,1.1989327604614668,103.31141413560643,1.0020125203798615,0.7983868588830707,Round
1.113768805041824,0.8629479662228899,0.8761831887141166,1.093133032443282,97.33636319409307,1.0188776406769253,0.7916824723930862,Round
1.0572012458697493,0.8532572959272884,0.8668271001543005,1.0388021896992274,105.62658439274918,1.0177117995639275,0.7784704470531084,Round
0.9024785576968575,0.8374081701726211,0.8950465832087211,0.9024785576968575,121.75743734745451,0.9979604599667313,0.8065473081746698,Round
0.9338526324357411,0.854370150264497,0.8923915318722528,0.9323947881832639,113.57197853910108,1.0015635482640544,0.8110007513541312,Round
0.97261272312328,0.8062459697043739,0.8976094204353573,0.97261272312328,117.18881282602997,0.993669488942438,0.8042786834892941,Round
0.752053054996475,0.8358215278169252,0.8899162515013261,0.7460261648923876,129.91606829562224,1.0080786578108247,0.8086305193250143,Round
1.1539235584805354,0.8355085118070389,0.9034263368243601,1.1529823021988987,99.97127915654286,1.000816366634459,0.812143993311199,Round
0.9448792210276048,0.831281780686232,0.8584830178903516,0.9428462888688521,115.54316205090866,1.0021561649897266,0.7677116015875058,Round
0.8802012094069539,0.8289300853011421,0.8977729401076352,0.8802012094069539,123.66712658026907,0.9974606985251132,0.8147379071267444,Round
0.9374455894351136,0.814256192065608,0.9108749470095301,0.9374455894351136,120.1431225242015,0.9946351122978585,0.8163007724885715,Round
0.847612910103681,0.8487520477890873,0.8979919791594873,0.8428863455998653,120.57564625603541,1.0056075941062397,0.8226744586252188,Round
0.9194291271486502,0.8144881783887802,0.9259001805313237,0.9194291271486502,120.92090827091867,0.993157642005566,0.8296186980657322,Round
0.8693131758306446,0.8280269930329209,0.894450990144421,0.8600740408158087,120.76415590228534,1.0107422554063743,0.8123697650681443,Round
0.8988027528283079,0.8358089738051723,0.8645214770466368,0.884018704236492,123.80871267424558,1.0167236830182056,0.7799463255111708,Round
0.7353406986454966,0.8362542994468243,0.8928652684028272,0.7283979370615287,127.8996497891392,1.0095315503116002,0.8085511831422293,Round
0.7986213345103935,0.8104480191648468,0.9080697338212332,0.7986213345103935,128.1667771008669,0.99894356357964,0.8226080820080649,Round
0.8938407235611453,0.819355249881021,0.9102131739603561,0.8925246818212528,118.24928533578817,1.001474515794014,0.8189955775667287,Round
0.8351262057318888,0.8584913340412279,0.8980392309180028,0.8276758065211762,123.60192416849169,1.0090015911447594,0.8136257975197908,Round
0.8029567727197536,0.8536223345678107,0.8824921565882947,0.7926176671040346,125.62255374937457,1.0130442532949016,0.8001431113742096,Round
0.8400786360658398,0.8320533448979113,0.9051733048944126,0.8342639611603683,121.59101307223676,1.00696982630939,0.8223417170330747,Round
0.8777352542451489,0.8424002807589893,0.9086851399310526,0.8749114619844333,124.22490626834892,1.0032275177356926,0.8245380676906777,Round
0.8236688955500915,0.8213275856705367,0.8963414266726071,0.8154513491494247,124.20198391793716,1.010077298184911,0.8136805962536222,Round
0.9679306739728594,0.8739138219261959,0.8690079165582036,0.958471054548822,114.44616383854598,1.0098694888897717,0.788133480450502,Round
0.8078524960076673,0.8527104240012396,0.8797266863865204,0.7981074315407769,124.17193671193773,1.012210216421713,0.7949117082763,Round
0.8770297252954797,0.8298919418291512,0.8977513168469847,0.8709144088030708,118.9555130952273,1.007021719276425,0.8193424556020625,Round
0.8438720872270674,0.8175527633773086,0.883502305508863,0.8341105384456428,119.94130892635167,1.0117029438323788,0.7955647943136837,Round
0.9234561965380678,0.8174816190380801,0.8619813984016909,0.9105381825321254,111.88673047811567,1.0141872293263072,0.7687589631264901,Round
0.8804661130653687,0.8209477007453815,0.9188636896175442,0.8767793647045903,123.61265093957284,1.0042048758321547,0.8389104389173203,Round
0.8829320931715093,0.8096498787850952,0.9071907417121253,0.88200274684751,118.31369024969497,1.001053677357946,0.8150128669942018,Round
0.7907807330565023,0.8028193899216016,0.9128869064648704,0.7907807330565023,126.86465209853922,0.9987984891617833,0.8287273565916179,Round
0.9740267989425789,0.8590505997701884,0.8908387391504438,0.9594266124534945,113.14706835609796,1.0152176167510594,0.8110012795322136,Round
0.81193691197007,0.7915776787114462,0.8986459759539742,0.81193691197007,126.52726534156429,0.9935223986315949,0.8077207951775563,Round
1.2095383255310281,0.8137922785823618,0.8691314377730966,1.2087646220919301,103.19311487621657,1.0006400778323237,0.7735644820925378,Round
0.7904524224213595,0.8198201354717398,0.8709112499594216,0.7852932118624042,123.9469859856065,1.0065697888139384,0.78510080979062,Round
0.9806110023757098,0.8315754058453854,0.894162461406799,0.9741303331012904,115.79246590701602,1.0066527743302964,0.80635709582498,Round
0.9610289636732975,0.8407087076496529,0.8883573591333763,0.958622093124925,119.86045479036135,1.0025107605652261,0.8000056657750205,Round
1.2857946015899722,0.8314003679762015,0.8931734970841125,1.2752554134560972,105.06028448777134,1.0082643743540853,0.8131212569045079,Round
0.8665553739956031,0.8210627068223102,0.8883701685390137,0.8605602009552011,119.57726030078207,1.0069665934280339,0.7996192702279261,Round
1.0834340124619293,0.8412812332426252,0.8637898682863827,1.066600994173371,101.77783439743496,1.01578192630657,0.7731897096158906,Round
0.8840652040290548,0.7919641473023777,0.8831914992233828,0.8807985819423131,116.44725204751839,1.0037087049794495,0.7991028614516698,Round
0.8770726773767547,0.8602460920553938,0.8687349761785018,0.8625068192585372,111.65566205695627,1.0168878179197922,0.7798224744415376,Round
0.8837582698754906,0.8536465812521394,0.8696397616862451,0.869099667050171,117.34683862164603,1.0168664232435765,0.7851027924937058,Round
0.8771457392724115,0.8447006143796755,0.8782377324165004,0.8652306816558805,121.19545554636868,1.013770960587907,0.7967655725905878,Round
0.787613691609973,0.8396853413543189,0.8815881043776849,0.7773812308234568,127.88140732701802,1.0131627319785907,0.8020219313784397,Round
0.8813997756412962,0.831054120375318,0.8857624303942028,0.8753708531941182,120.83591452250096,1.0068872780321383,0.7969139746509878,Round
0.7349098901983233,0.8529338104562567,0.8601528331152248,0.7172403303114226,114.94799341952132,1.0246354801036195,0.7716724830987762,Round
0.8519530790435734,0.8346486601832903,0.8860202079162763,0.8458062327768288,122.6473504384791,1.0072674402582305,0.798030069329459,Round
0.7924993788155736,0.8365619612772736,0.865208483764979,0.7795319420388586,119.68643729094862,1.0166349011213047,0.769993506752245,Round
0.8327664447065283,0.8118250790069957,0.876148415643657,0.8242206606027614,116.50046333898517,1.010368320660049,0.7813163009358421,Round
0.8219521752054091,0.8176709469379649,0.8882321611472783,0.8175279659933727,115.88304531761574,1.0054116915825142,0.8055473101849973,Round
0.8486824002074974,0.8433417831682051,0.8804346129527193,0.8368385692393436,120.68278718536723,1.0141530653623188,0.7941815506751039,Round
0.8627498639605751,0.8273611492576378,0.8762366341925769,0.8531198769037638,115.62995678007535,1.0112879647017035,0.7893944397238764,Round
0.8415339998952791,0.8284736071300837,0.9147457215707341,0.8385103655751818,118.05553037520043,1.0036059593825333,0.8328417119604442,Round
0.9118448960320481,0.8209659860889904,0.8917438699371366,0.909116710881118,119.84815070613412,1.0030009184940467,0.801240084601587,Round
0.883455578544511,0.8419350210185227,0.8818753278233985,0.8704536008935398,116.97431625433244,1.014937014032252,0.7895566260974903,Round
1.0457131072429826,0.8348914368055219,0.8932338364187673,1.0430285780158262,113.18252653187433,1.0025737830043577,0.7971824584994701,Round
1.0264124430043235,0.8261768207033505,0.8695631775360084,1.0203568958995017,114.01650465207761,1.0059347343357574,0.7741877517154394,Round
0.8737412562435003,0.8328617829190486,0.8856121730737379,0.8626132713365774,119.39541222342764,1.0129003172994089,0.8034714403026566,Round
0.8566869822656616,0.8372499791423842,0.8852305460320954,0.8494006987475883,118.6522341242474,1.0085781463669818,0.800134465650012,Round
0.9475860918523248,0.8550253046652635,0.8827958368644435,0.9415352549459315,110.44578833578267,1.0064265643528567,0.8023337434465052,Round
0.9821676650476406,0.834625151062407,0.8744993418781913,0.9711300382356445,112.11295475809727,1.0113657557458005,0.7899963248808956,Round
0.893277588403101,0.8424766154316969,0.8767860354677246,0.8845632960094825,119.28394170001299,1.0098515193123332,0.7981934396230854,Round
0.8036918839234827,0.8474804067377596,0.8701740548575779,0.7935800442815436,125.63941647065705,1.0127420538291052,0.7875108730850038,Round
0.7823074070245649,0.831764587378182,0.8887393427947599,0.7786181660887026,125.45626816737935,1.0047381901637291,0.8088691041635077,Round
0.828884300869542,0.8447244660593964,0.8776600547741942,0.8207701649369046,119.05647534989511,1.0098860025367287,0.7927843987115732,Round
0.7890711456714019,0.8287986443743257,0.8544346887121111,0.7800785929783912,126.45653090858643,1.011527752170043,0.7686869433631845,Round
0.8623249004389906,0.8526506257671326,0.870135274808166,0.8442219606823874,121.62946904338936,1.021443341443014,0.7833831176580729,Round
0.9231854210673702,0.8539273093005438,0.8707599082964834,0.9088794177423549,118.10005917329808,1.0157402654804872,0.7918354973016452,Round
0.7213007540926996,0.8353200758477016,0.8836529640358205,0.7166739692066028,131.0590738734047,1.006455913127721,0.7978499248390587,Round
0.8852261700181885,0.8215126728194616,0.8830989593115363,0.8799282068074851,119.3399410278642,1.0060209039438857,0.7991065054027506,Round
0.7919495346910328,0.8251120517212797,0.8680964570033209,0.7823716592308692,125.88679486337773,1.012242104308302,0.7848176221591797,Round
0.7859233734451005,0.8298272112836811,0.886561048207947,0.7804539558118861,127.55198945346739,1.0070079952731161,0.7968690759823905,Round
0.9268303248996385,0.8386183280124628,0.893676581961872,0.9240954714915011,119.77796777682188,1.0029594922738052,0.8069435625237579,Round
0.9254335697608898,0.8372612615614818,0.873685147979269,0.9139795958037396,121.86395695335159,1.0125319799366832,0.7883555022783633,Round
1.7177738582760491,0.8403521318441008,0.899693552930588,1.7104924899642184,88.55659660993244,1.0042568841164472,0.8184236137255779,Round
0.7684977421648115,0.83244027734043,0.8748014060283933,0.7608761714724462,127.1926055366042,1.010016834510162,0.7931135361545267,Round
0.8861944585157766,0.8485130569941157,0.8767632649367911,0.8743130690013163,114.86528825974628,1.0135893994219163,0.798454925822026,Round
0.8172244976349627,0.857669880756175,0.862892582053358,0.8035570365811608,121.88931795109417,1.0170087006044424,0.7674565300619324,Round
0.9046538412884056,0.83505174830191,0.8838014573287256,0.8946432715157377,120.80543241656834,1.0111894540443003,0.8095245891441027,Round
0.7750318732169716,0.8416437746466965,0.8838722961505483,0.7650241570460381,127.55298265859905,1.013081568835128,0.8046162269082209,Round
0.935423927317494,0.868328827015296,0.8987668533384879,0.9269984280114694,117.56141014611578,1.0090890114280975,0.8153371550691008,Round
0.9066516157815873,0.8280166904552939,0.8720604435441462,0.9009925362770196,119.60066712789286,1.0062809393826406,0.773952902245637,Round
0.8697895847335577,0.8424592851810011,0.8776201026558059,0.8594934250936056,121.16800732025608,1.011979334965629,0.7922145302256288,Round
0.8631615000771051,0.8516973622220448,0.8617424344976179,0.8511445071339645,123.52667171894366,1.0141186283203603,0.7792796272977915,Round
0.8870271969071313,0.8206774186633972,0.8897251636693224,0.8870271969071313,121.30314935953898,0.9988960020183729,0.8087704530943485,Round
0.8437274530209692,0.8276721135456527,0.8752002699647485,0.8366250580942343,122.16657287446778,1.0084893404255828,0.7936938748405729,Round
0.7592576626041788,0.8346575897109446,0.8786330734749029,0.7530451948989442,127.68701709739742,1.008249793966308,0.796419300713254,Round
0.7861929975562983,0.8372408899176683,0.8748453841339523,0.7807107629354805,118.8646520870224,1.0070221071376098,0.7887370720728845,Round
0.7734211316712719,0.8205621167884684,0.8960505587192626,0.7732627473551336,129.9037616264616,1.0002048260008387,0.8059278487282091,Round
0.8797830906235559,0.8454221287191759,0.8730658555458488,0.8707979514795603,117.70305461814006,1.0103182823624344,0.7929446938955307,Round
0.8173003203789636,0.8515422181176425,0.8726465788729054,0.8053591603046306,121.27626675254746,1.0148271239254498,0.793154053405478,Round
0.9285415756093,0.8404349846919101,0.8683328618095306,0.9182478086204444,118.35887698721318,1.0112102276664516,0.7887249481418732,Round
0.8413547194973044,0.8478979753079583,0.8773767839008109,0.834092846992898,122.20366360050235,1.0087063119298856,0.7956554241162814,Round
0.8341220812886813,0.8373570418416916,0.8915282726067075,0.8326494953171623,125.46979264401678,1.001768554451544,0.817897752347734,Round
0.7626598727322561,0.8527499953876586,0.8730397303097178,0.7519550872481731,124.98991599453319,1.0142359373127694,0.7861988370399017,Round
0.9012334013685454,0.84125978035868,0.8902191256380205,0.8849742428353298,114.20174459565219,1.0183724652608235,0.8083841544616138,Round
0.9871672688870037,0.850925282684983,0.8681540007638375,0.9748917839208606,112.14397786678416,1.0125916385475862,0.7912589328507063,Round
0.8972756084585131,0.8614874462371338,0.8494448038877327,0.8749795190873227,117.3675857024744,1.0254818414429254,0.7612878645182044,Round
1.0076315380044245,0.8264943804253996,0.8643183293967822,0.9957615633928883,105.64010580078627,1.0119204988904082,0.7720164207498194,Round
0.7856230742659154,0.8267559671096166,0.8757757616647597,0.7856230742659154,125.57132963051562,0.9970697358940149,0.7830666548627431,Round
0.9223859251688115,0.8443076988469969,0.8930939368794056,0.9223859251688115,116.8204572141466,0.9983423228242878,0.8020555954648736,Round
0.8110281551568241,0.8237087817434112,0.8821514387991457,0.8108267493372356,120.54418742814899,1.0002483956279848,0.7863824736239209,Round
0.9074164483564616,0.8127107818145,0.9113666220015467,0.9074164483564616,119.27464973493723,0.9913228730679521,0.8210152380923277,Round
1.036608461373662,0.8278287631018589,0.8973874043549177,1.036608461373662,113.13861907022212,0.9997055959172317,0.8087519059313343,Round
1.1211363861702512,0.8154233952996174,0.8766529543302422,1.1189057561670739,103.09464242615147,1.00199358166752,0.7822823691323185,Round
0.9424879258698681,0.8454012736336165,0.8779609560879762,0.9297575688351398,111.8957675903279,1.0136921251963322,0.7943348960931188,Round
0.8619551444111574,0.855224964032536,0.8777313533399698,0.8513294455410304,114.14238583776212,1.012481300777015,0.790705445215349,Round
0.9503029330121638,0.8240237725251292,0.8858597784502947,0.9402538998419884,114.22321163407321,1.0106875740391656,0.8012121235027834,Round
1.0707700364755053,0.8253674137344965,0.8896603346386526,1.0664719407960632,109.58353744607042,1.0040302004347472,0.7998340648509316,Round
0.8344443656086065,0.8333966360994525,0.9095369157674257,0.8331284116130558,127.26092819883237,1.001579533211456,0.821106421470366,Round
1.0183714630555583,0.8191821057499612,0.895761004625612,1.0174260870501606,115.56066754697676,1.0009291839647425,0.815912775772309,Round
0.8370381367312394,0.8405003756336569,0.8559386788516057,0.817969816632899,112.9460703927261,1.0233117649460874,0.7771274676190609,Round
1.2333280605502641,0.831402186472777,0.9077174763688381,1.2333280605502641,100.55153821676852,0.9934033911008834,0.8223653545060569,Round
0.9978379170359161,0.8119566643673193,0.873922269426819,0.9847322085794049,113.37719087678278,1.0133089060582448,0.7779019688311825,Round
0.8437460810207174,0.8344905905603922,0.8807764615616909,0.8424086095952178,122.44149252938038,1.0015876753991655,0.7895412184708723,Round
0.9340693743454291,0.8253809871339179,0.919924664169786,0.9340693743454291,118.8738636323202,0.9939392912346651,0.8341216344733348,Round
0.824838370806015,0.8441887813458508,0.8933769740634192,0.8161355728960498,121.53588061253714,1.0106634218614972,0.8156382555054664,Round
1.0235524944213397,0.8518427649353263,0.8840664221333662,1.0233451959492215,111.12108146308655,1.0002025694486463,0.7938101183731177,Round
0.8966748544769204,0.8421614996373619,0.9033974697263232,0.8966748544769204,118.98678053210173,0.9970078153036114,0.8135220672176887,Round
0.8399701077571325,0.8255365585023949,0.8563747631573685,0.826579094185053,120.88448223428558,1.0162005229339632,0.7699161049977078,Round
0.7411758729202695,0.8398077860018248,0.8706850178763824,0.7270132969171149,126.33481107009463,1.0194804910215682,0.7847204562089514,Round
0.8700743712479012,0.8494948192021473,0.8663166624647797,0.8549573285865238,125.28735599071096,1.0176816341072483,0.7804878480998235,Round
0.8519412257828023,0.838109139489476,0.8851093480912162,0.8458286239375099,122.80296264386375,1.0072267616303134,0.8072203448604415,Round
0.908507541923875,0.8180920225185139,0.8832629072873385,0.8982278951880608,118.30534768111318,1.011444363719813,0.7859997471869609,Round
0.8897957733202526,0.8475246755332122,0.8601073215071848,0.8739489975257794,116.49675395730216,1.0181323805386089,0.7738167132621365,Round
0.9067732249828375,0.8383653578067471,0.8964134844073257,0.8978691949360568,121.54936278264452,1.0099168454569987,0.8141947662731517,Round
0.7308813984622242,0.858854554527364,0.8662282205183924,0.7168678469704236,124.78482156007632,1.019548305243461,0.7766058728236517,Round
0.9740147488443678,0.830681944743532,0.852539854619522,0.9579290234274238,106.41957464954203,1.0167921892160547,0.7706414597419645,Round
0.9075014664990624,0.8163186999676897,0.8998406586244279,0.9075014664990624,114.10539331996333,0.9977489678715364,0.8127964574999076,Round
0.8538973521716091,0.8013418490203725,0.8782641684584246,0.8486812699926799,122.30200071078532,1.0061461026222178,0.7922580619719739,Round
0.8081316222916632,0.8299143336216662,0.8591807500432441,0.7954953365686265,117.4518501907351,1.015884801760804,0.7739464333523584,Round
0.8952862971856193,0.8258386858664485,0.8906198381762809,0.8848037368853685,116.34263428440313,1.0118473282415723,0.7987163077666338,Round
0.8485840842780915,0.8068539512872558,0.8802281134960741,0.8384343636167779,121.93972922484305,1.0121055637766687,0.786955797347232,Round
0.858402134162347,0.8271823165419254,0.8638465078528682,0.8437635060861853,122.30622562651149,1.0173492074148398,0.7786316465180433,Round
0.9022993536295011,0.8481448919998145,0.901044548878944,0.8943750731509004,114.2990502365639,1.0088601311871128,0.811752881923966,Round
0.7607523787061647,0.8397541868447687,0.8745603514767418,0.75417103343418,132.4366978783976,1.0087265951358753,0.7935228467996128,Round
0.8764415395470262,0.823694479534639,0.9017597552344677,0.868089663757977,120.74827546688715,1.0096209828750797,0.8297589301311951,Round
0.8243213464765983,0.8328458595741032,0.8802230752293507,0.8225024752728595,122.05342462318686,1.0022113869057176,0.7938869834892601,Round
0.8552149126247558,0.8258639654494092,0.8977886459922371,0.8464992063801278,120.46822058960575,1.010296177691529,0.8212091344059919,Round
1.0791877503061067,0.8366101959792953,0.867418275575092,1.0660337336481196,101.9034285925519,1.0123392123933754,0.7839098397369659,Round
0.7810354667476913,0.8383153771562574,0.8746954970673992,0.7669056570340254,132.06769488689986,1.0184244431946328,0.7915643371713442,Round
1.0438582518981512,0.8546638833999123,0.8518235886331871,1.0214065722812895,98.75615081835902,1.021981138780727,0.7661601180532023,Round
0.8606674538176347,0.8124355213238315,0.8949776489894105,0.8510442981385749,121.07449128088311,1.0113074674257354,0.8132372465947801,Round
0.8830099202530336,0.8376166066457585,0.8555555512717196,0.8641262662517464,118.9284727234912,1.021852887406371,0.7696527627714264,Round
0.867925214888118,0.8379746136357449,0.8715712466642742,0.8488118205132155,116.59223032163139,1.0225178230474523,0.7762257101467142,Round
0.8716924931853507,0.8242082847125,0.877301255369292,0.8596439626488909,116.48961914957187,1.014015721694053,0.790223324675513,Round
1.012750165695467,0.7976599687138258,0.8965367625977342,1.012750165695467,111.56282894540557,0.9990203803668631,0.8026653045228369,Round
0.9123681913394572,0.8495679107609923,0.8584587305366009,0.8923238729193843,120.66878717076789,1.0224630529658414,0.7768442546722005,Round
0.7544677378925133,0.8500656677191226,0.8603267107346627,0.7372059440033555,119.51094327178383,1.0234151583144036,0.7758323748382996,Round
1.0494298086192169,0.8503156625681626,0.87922936614417,1.028983880583405,100.11922476263285,1.0198700178123485,0.7947584781525296,Round
0.7748111795439327,0.8156286382925504,0.8565860789536692,0.7683015359283727,126.29723165532553,1.0084727718365083,0.7565687047518789,Round
0.8242695089833811,0.8267876743764379,0.8588446675626811,0.8113475256683613,115.75720473423615,1.0159265701887426,0.7722990883325233,Round
1.1068961070060492,0.8206444979975935,0.8682423036181897,1.092434682193958,115.95246415023631,1.0132377935704568,0.7873027119784846,Round
0.9089687652628932,0.8350962926384101,0.8925664609414483,0.9035367294937456,118.62485904398575,1.0060119700636754,0.8004005603421391,Round
0.811358724280496,0.8244268029238875,0.8634137842211422,0.7965312631904652,117.61994868562992,1.01861503970433,0.7843032239469813,Round
0.7732000681630762,0.8417146892817758,0.8367816262415684,0.7544341031109201,116.43592220692224,1.0248742268871123,0.7429847760978098,Round
0.9354152983655476,0.8246901964273242,0.920273650838522,0.9345185081257666,120.68877771168162,1.0009596281207735,0.8352799854697652,Round
0.8681044789804941,0.8539269134664962,0.872172839898369,0.8608832829782308,119.95739920553498,1.0083881243195727,0.7869167570581196,Round
1.0164535129595782,0.8443640423536843,0.8458303219870676,1.004626193091008,108.57753957481644,1.0117728563618078,0.7456924596602374,Round
0.7847014013890259,0.8681081410700056,0.8553999139412659,0.7699141078655071,121.46888206064705,1.0192064197453332,0.7634447757326772,Round
1.087247186205977,0.8170735027678824,0.9104506270266287,1.087247186205977,113.37842621656556,0.9976409709395695,0.8181962401413682,Round
1.0190257102589395,0.8346507570716066,0.8434294396194658,0.9993118951762522,104.84346017078911,1.0197273895946273,0.7563590444024334,Round
0.9365888380042315,0.8589780141344817,0.8951175203394475,0.9303350808191632,119.3397580390971,1.0067220481243833,0.8124130646251859,Round
0.8582255073353396,0.843595722642673,0.8510059187807135,0.8412991846220073,114.93112522477514,1.0201192667516221,0.7625958412559248,Round
0.88303645011102,0.8336509669531618,0.8823304704275365,0.87029596997859,114.24777462110384,1.0146392498321501,0.78996497088145,Round
0.785153975913517,0.8332865218988555,0.9029955801239377,0.7803209657818884,123.83723591267359,1.0061936181950282,0.8207677002163464,Round
0.8896381826916105,0.8386735376927531,0.9134740288509857,0.8886409586836119,119.72977363479208,1.0011221900118985,0.8321691334558178,Round
0.9972013832146513,0.8455181030925113,0.8820340996466767,0.9970653916044119,112.01232989477064,1.0001363918669572,0.7971934836265505,Round
0.9256244458207392,0.8064831190660187,0.8868169788739532,0.9229459121628795,121.77577064305831,1.0029021566947327,0.8009483275277712,Round
0.8444773295336728,0.8088793696003407,0.9118372398329746,0.8440324731646127,126.27917032793033,1.0005270607271688,0.8272764973641349,Round
0.874037269816475,0.8396318633852493,0.89530002152732,0.866652146059129,117.98730593253876,1.00852143941595,0.8170716561164431,Round
1.0177967477866259,0.8213212076724029,0.9075209907746151,1.0177967477866259,114.0576181722479,0.994427705481707,0.8134898165475871,Round
0.851951359530815,0.8461836425650032,0.8767274013775244,0.8418980631881142,117.72192940278758,1.0119412275455664,0.7802843087626953,Round
0.8496292357392289,0.8277989568862225,0.8933024299404054,0.8412486551107338,120.37870864856235,1.0099620731368564,0.8122483612457675,Round
0.9045286472867665,0.8197260237353672,0.9043484611833894,0.9045286472867665,123.12078920067678,0.9998982284975624,0.8035658311555216,Round
0.8913244298605203,0.8533984247356745,0.9061903585426074,0.8868706694069546,122.88868434812365,1.0050218826794033,0.8263092114871305,Round
0.9296835950758705,0.8549119558554081,0.9101118229745133,0.9296835950758705,116.3079981083066,0.9981855568340352,0.8290256605947832,Round
0.9062556616805247,0.8264201700653225,0.9281277123857129,0.9062556616805247,119.17689954097887,0.9849087265788364,0.8435646969712121,Round
0.8902662552349404,0.842857345773546,0.9056751585959633,0.8902662552349404,116.92091297219096,0.997926586487971,0.8202413087636988,Round
0.8612605660367137,0.8268242376129228,0.9071924378523658,0.8570628650687758,120.49622942937866,1.0048977748762935,0.8098452728426778,Round
1.2031556314079042,0.8537764042945983,0.9136872553148667,1.1838711609341326,101.91789235188172,1.0162893320744084,0.8482715911157237,Round
0.8715153186020553,0.8378473686258779,0.8483413043793463,0.8555812799556947,111.33553968957516,1.0186236410492593,0.7576229040190849,Round
0.9665712296688383,0.8290224590379993,0.870469830967639,0.9641505681948499,119.42432296540338,1.0025106674764717,0.7799696959063083,Round
0.9101187184018819,0.8564913041349267,0.8896990157988686,0.9088271538225317,109.26539698311963,1.0014211333518348,0.7998521691594372,Round
0.8485842669810645,0.8267030847562662,0.8942538742497589,0.8456139523180557,125.2848229698309,1.003512613119576,0.7994526686701633,Round
0.7015976311463767,0.8302912624252987,0.8877385036598178,0.6939602410327341,133.40579815979584,1.0110055153913096,0.8065377090148658,Round
0.8163743610376716,0.8448656865679881,0.8549532735448626,0.8007085520174834,126.258485593679,1.0195649328094678,0.7659809918002464,Round
0.9237480431679883,0.8198133592906249,0.8955393839793698,0.9237480431679883,117.54904250451568,0.9982989008302442,0.8042823439193288,Round
0.9049680459242067,0.8621125905318331,0.8785276939194085,0.8912410332986141,115.90796039704708,1.0154021326585323,0.7832056120937377,Round
0.917926421540837,0.8256362904974233,0.9002304729812359,0.9134972657219739,117.36523525453792,1.0048485704172991,0.8146543828510076,Round
0.8246827998312172,0.8427791782121694,0.8891685154658723,0.8165518588191681,118.34983497780671,1.0099576541578232,0.8078281873455831,Round
0.9402803654032339,0.8639124369165584,0.8695444254192998,0.9289332540235458,110.25640139250685,1.0122152063461392,0.773437746922504,Round
0.7493198129617771,0.7953485473379435,0.9075938284731105,0.7476143051786971,126.45023899991489,1.002281266919675,0.8127120308230948,Round
0.9078110321637951,0.808891911103457,0.8666124988231715,0.8942805816075073,117.44686752896263,1.0151299836254593,0.7764401131935886,Round
1.0365209105901494,0.8347804460475484,0.9079455533171207,1.0335190033941246,111.14670332361717,1.0029045495885092,0.8225413673933883,Round
0.9098775241294114,0.8589439839301448,0.8721668422132949,0.9031516463400194,112.20559441106465,1.0074471190044865,0.7805668579503295,Round
0.9503899528234517,0.8044115489762157,0.9198326701490789,0.9503899528234517,113.88114998775178,0.9877458294465913,0.8235866519923715,Round
0.8871684703457274,0.8398208579020915,0.9084015235875053,0.8839090563167559,119.33660058543121,1.0036874993028735,0.8178347233170398,Round
1.0241867742085184,0.845311803910541,0.870685843528182,1.0128454609811186,104.16605311838616,1.0111974764801865,0.7759170389752761,Round
0.8380030268758282,0.8364443028392549,0.8518489602976741,0.820608689032553,120.71152245354565,1.0211968726090166,0.7719160818518942,Round
0.9695725952274297,0.8288425991717043,0.8840841876282737,0.9663145728933519,119.44695439994587,1.0033715959848588,0.7961848179676837,Round
0.8942717328232859,0.9014023887541294,0.8434442044180931,0.8693359739812649,110.64984504949211,1.0286836845458305,0.7513124970443086,Round
0.8477457580285634,0.8070492910701963,0.8929701549730328,0.8477457580285634,121.56648652759038,0.9963087880360427,0.8035851776540249,Round
0.8691603421825779,0.8470523536875874,0.8979059033441688,0.8574898276470135,118.75759687977346,1.013610090941357,0.8258502604195289,Round
0.8898850359971705,0.8276523880295071,0.8868156211508296,0.8881323341770522,126.01385558369336,1.0019734692147453,0.7965638603710901,Round
0.8511888068982377,0.8269674578430377,0.8666951717770245,0.8378155769825555,122.84133209974499,1.0159620210975866,0.7799928856185065,Round
0.8215392492336322,0.8683612295372124,0.8550247314329464,0.8039962554864248,117.91310089971917,1.0218197455864935,0.7623721158997981,Round
0.9199313967790665,0.81112839438447,0.9248633547610097,0.9199313967790665,120.09685072321811,0.9892593507595675,0.8326368549501486,Round
0.9075552952596047,0.8327639266901686,0.8996779910310487,0.9075552952596047,117.80576526962709,0.9969037185398182,0.8160962162466325,Round
0.8738298273838582,0.8493161318903873,0.8885121041682164,0.8573022728921222,125.50690285959978,1.0192785613829998,0.8083066738051249,Round
1.1303952399470978,0.8127156185079799,0.8925701750802546,1.1303952399470978,110.41551438263001,0.9994234001011137,0.7948151138718902,Round
0.9485673155387796,0.8513477845534387,0.8983028263711164,0.9428724824189124,114.079331568651,1.006039876256922,0.8060974835950365,Round
1.0065139197233808,0.837286369144057,0.8784599429308617,0.9960025638385319,110.51703377358066,1.0105535429992658,0.7980716102451636,Round
0.9817798993026713,0.8531530528020734,0.8757326461597754,0.9655001102719244,107.05532196593633,1.016861509240182,0.789661158125138,Round
0.8163585450461383,0.8193650462405548,0.863156080936487,0.8041431842341097,116.84790392148126,1.0151905295618004,0.7761794497563133,Round
1.0581551964197475,0.8150530508466851,0.8744787842479291,1.0488229251209664,106.97156110855758,1.0088978521304777,0.7850077346820189,Round
0.6866945290135634,0.8497925151107455,0.8843259262268524,0.673853467355697,129.63760177810713,1.0190561632163988,0.7982278841887374,Round
0.9091888209332848,0.8371666674878555,0.9105482805177902,0.9091888209332848,119.93664807456217,0.9943998587293253,0.8225681130611624,Round
0.939442286167083,0.825156915578662,0.8599038679626763,0.930207324826578,113.72203709245458,1.0099278527421043,0.7751917247760908,Round
0.8804330042315348,0.8229004689098045,0.89247609981968,0.8774038660962807,127.7942641120688,1.0034523874948618,0.8137032282798317,Round
0.8176707370751923,0.8583541576097226,0.8840815216204047,0.8050677947902743,119.05251370209253,1.015654510547402,0.7976743384339468,Round
0.9356399035887005,0.8350490513736111,0.8501641297084195,0.9213859707816775,114.59760492174563,1.015470099674874,0.7586710157193368,Round
0.8331267885265343,0.8368356339998833,0.9005473948320588,0.8236770117608365,116.27648546248157,1.0114726726990915,0.812625754877513,Round
0.9394108168058538,0.8424182104619854,0.8896489470903524,0.9298463269194357,116.97460445425433,1.0102860974007448,0.8101887131607014,Round
1.1092298015787363,0.8436066739336957,0.882856559845089,1.0969103646649139,106.24353967291462,1.0112310333739856,0.7964258357119257,Round
0.9798970287784006,0.8272125164164492,0.8931188484862268,0.9798970287784006,111.93684445463165,0.996721216673559,0.8001403724051108,Round
0.9129844823833114,0.8314067386947804,0.9143890777587603,0.9129844823833114,115.38240201071585,0.9904756187974678,0.8240136952689481,Round
0.8608543331802404,0.8038337185521512,0.8951587892687809,0.8608543331802404,129.09021035195096,0.9925214082587621,0.8060422816859466,Round
0.8403109714889948,0.852817830294917,0.8455895541471428,0.8230620841163777,114.19815605193621,1.0209569699606988,0.7541965500185348,Round
0.9474688394215858,0.8396968468940167,0.8745399510949401,0.9370248711399541,118.58846816568558,1.0111458816124335,0.7918151769721286,Round
1.0119863710833965,0.8216782429548553,0.9071614917596035,1.0119863710833965,112.26656411461843,0.9986698394727129,0.8130157979742463,Round
1.0710539584460317,0.8133566959879489,0.8735757691552916,1.062025090236947,107.23775539203214,1.0085015582890517,0.7830159400040438,Round
0.9182284259990863,0.8241685213521897,0.8887327682509982,0.9137115098940662,120.16986183019615,1.0049434816745864,0.793659627091802,Round
0.9310824936004515,0.8111556233065756,0.8882159713287014,0.9310824936004515,118.16969967422853,0.9971448891322219,0.7928642765700044,Round
1.0615443293135767,0.8795574364313394,0.8271423001260209,1.0328876284763941,104.21274724791276,1.027744257988116,0.7314857874553272,Round
0.9293146643777439,0.8662115989951404,0.8800772701113072,0.9136094929198099,117.29048699302143,1.0171902454819528,0.7964022552956097,Round
0.8088780840669964,0.8175096466208929,0.8596124713294978,0.8009326141060101,122.73099619231584,1.009920272718392,0.7534649705463319,Round
0.9224724714921829,0.8859412986777941,0.8462464761122277,0.8994508573808416,113.77168259249072,1.0255951883556809,0.7600016913302612,Round
0.8318976165150835,0.8502085002105694,0.8919456909334197,0.8208410008241492,109.01998025675333,1.0134698628355956,0.8076676179368526,Round
0.6129581460928779,0.8447187057695819,0.9090897626342831,0.6090679337602635,131.93236477702615,1.0063871566979352,0.8198720671145802,Round
0.8849262549534554,0.8460286380762054,0.896110362813841,0.878136432763565,123.07830725829369,1.0077320811852917,0.8109015951422796,Round
1.1523349961294018,0.81584636274787,0.8977397444408408,1.15142685949004,105.108555505867,1.0007887054500046,0.8066116594070569,Round
0.8983080402895706,0.8116175508699041,0.8867299410471001,0.8912227405318479,115.80337256289292,1.0079500886091557,0.798567524283775,Round
0.9020573258721721,0.8705668863334698,0.8657915220444969,0.8857115074753458,115.35276557050962,1.0184550141427189,0.775448926603534,Round
0.8903183744721359,0.8330266487962869,0.8969774036902006,0.8848066065537464,118.24738694088681,1.006229347608352,0.8094612352834485,Round
1.0282671980033682,0.8601911475947832,0.8569736545788189,1.0168353015955012,111.00633171731893,1.0112426234513392,0.7644810480407757,Round
0.9001222880225819,0.7956345920633476,0.8982931951832838,0.8960650688901772,124.99456734047558,1.0045278175360968,0.8010053052465242,Round
0.8706129911899052,0.8166968696765141,0.8747936897336568,0.867845248901114,119.54799971283413,1.0031892117774404,0.783627610573665,Round
0.8309857909872891,0.8523125319739845,0.9001490906708174,0.8218543831511729,125.57791214632314,1.0111107369180226,0.8193032251694963,Round
0.8942441837904688,0.8382185493164293,0.869955473342373,0.8788597843745384,119.82250551298452,1.0175049532239993,0.7865556132081548,Round
0.9039055929860333,0.8143526613051756,0.8927863807786816,0.8986527752994408,117.14895941416063,1.0058452138923648,0.8080553536133324,Round
0.8000929594277958,0.8183684733045216,0.9058963163865479,0.7973682071369776,128.14713888817735,1.0034171820075466,0.8121854318266477,Round
0.9954082210588201,0.7880027771845718,0.8773583956368239,0.9925966849138584,116.9818999332667,1.002832506079955,0.7821612995404094,Round
0.9563622038052613,0.8385890288194279,0.8903182707668736,0.9498096108107396,112.96797786149978,1.0068988489060755,0.8013290241198507,Round
0.9728394529931945,0.8285296596890787,0.8952063708880378,0.9674639365624915,113.07077448386664,1.0055562964442921,0.8085931672420634,Round
1.1407415701027042,0.8504324267195784,0.8867453160153894,1.1318377484899609,104.63665807586214,1.0078666943425614,0.7972269029014325,Round
0.8555932692149925,0.84165650762021,0.8962606516517803,0.8478022644117443,122.73770411896257,1.009189648495046,0.8089053338991405,Round
0.8617073900787647,0.8653177515108814,0.8667034089684755,0.8508575326646515,117.16767417576972,1.0127516734559951,0.7786599202470806,Round
0.8465223434391186,0.8442468446172582,0.8922118800935298,0.8376661627626341,127.5017575687653,1.0105724464830677,0.8124416813046905,Round
0.9291957876716909,0.7937590142704672,0.9110375343651897,0.9291957876716909,116.73521310693792,0.9918629503914611,0.8232083427445458,Round
0.8195683691265366,0.8425070955781071,0.8778694726850004,0.8063505367312543,120.15755112698898,1.0163921666733975,0.8029655509569149,Round
0.939761713957632,0.8358654371184907,0.894881946806394,0.9342764286572514,121.47157478215249,1.0058711588263702,0.8108638824503486,Round
0.8727382339715557,0.8374448048090852,0.8857493606538812,0.8654494207315567,112.06340688304893,1.0084219979416449,0.806346082462244,Round
0.866086489969803,0.8536449691292727,0.8808348390272425,0.8511461416686101,112.94001760648707,1.0175532115694061,0.7947857185243837,Round
0.8460729864411485,0.8587042817063526,0.8501186306210721,0.8310700030665454,120.37683244374578,1.0180526108742272,0.7590915016429749,Round
0.8745553567752271,0.8301938195548186,0.9052039952320249,0.8741450124054948,125.56029538266841,1.0004694236813216,0.8230882214257269,Round
0.862412070761777,0.8378100418922197,0.8580728314122674,0.8500148667996568,115.8245327540366,1.0145846907464056,0.7730748196602972,Round
0.9714536513623504,0.8490227631293894,0.8820931729838593,0.9590505603205233,115.79110880065292,1.0129326769150544,0.8082124671585369,Round
0.7584057303311299,0.8371374758767757,0.8763921123174474,0.748300077078689,127.28814785188455,1.013504813860093,0.7880201644028586,Round
0.8293649274649343,0.8497042442963995,0.8461928489013427,0.8110110961001826,120.9084629642298,1.0226308017892822,0.757983139268929,Round
0.8757882617207219,0.8195592007414213,0.8842068955573539,0.8718024748133514,131.05846274035218,1.0045718921688354,0.7950982573196971,Round
1.0142848503072979,0.8132922192137068,0.89183815134861,1.0056069570290547,110.48114758891916,1.0086295079977181,0.7967656701842659,Round
1.1322411506324015,0.8326727503025226,0.9110324020364277,1.1262425801929854,101.76407799832648,1.0053261797635,0.8332823798482366,Round
0.8861677903008761,0.8512418906708179,0.8834405143193143,0.8755309785258854,119.79521608149443,1.0121489839147664,0.7988487123689709,Round
0.8432137581798733,0.8465969123161283,0.8577508383208955,0.8276881393539458,114.31652354404244,1.01875781237852,0.7734787023219694,Round
0.9010539998216133,0.8226852934608389,0.8817091868218135,0.8972138293734067,117.4510569134873,1.0042801061714446,0.7916016261857193,Round
0.867641955037004,0.8591403117541797,0.8648042320595578,0.8527316142022779,121.15619110570123,1.0174853853034105,0.7800020016515705,Round
1.1435971193820154,0.8451377901005984,0.8782313604419231,1.127478168568787,97.35511080251968,1.0142964637920129,0.7868653679140263,Round
0.878555255692605,0.8301532688452675,0.8938009129977588,0.870719819256207,115.65495880488376,1.0089988033614432,0.8129879665949811,Round
0.8704508964255621,0.8558886600202533,0.9007881114868406,0.862807101286284,116.01809089168256,1.0088592167680153,0.813248176016631,Round
0.9323936814094917,0.8362894424338694,0.8812856688808925,0.9248336749618481,109.22825022348127,1.008174449798182,0.7983067485915186,Round
0.8519906574386353,0.8111651732281887,0.8717645385260834,0.8454324092152274,117.48862972221775,1.0077572708970262,0.781462913904156,Round
0.9463449744655236,0.8309398074272615,0.893079914680787,0.9425432501051103,123.81569737493918,1.0040334747079132,0.815304523308314,Round
0.894938055654735,0.815518190842141,0.9150857248306776,0.8875587628024904,119.64789386165256,1.0083141456785851,0.8327732158326616,Round
0.720288539621753,0.8284649235806186,0.8639392481568378,0.710370084282674,123.49548733423161,1.013962377581109,0.7701492019597542,Round
1.0070395177494107,0.8600557181673779,0.8720172914668088,0.9876732905127474,104.86866364579086,1.0196079284746167,0.7906271203495974,Round
1.032290179139517,0.8142068887332454,0.8939604274033705,1.028501705413547,119.65513925913321,1.003683488035099,0.812744305401376,Round
0.9437503477378432,0.839624342010123,0.8485404846154111,0.9292837158269542,113.72881814633043,1.0155675082480222,0.7532135087092248,Round
1.1534411011343686,0.8589035359958938,0.9013956954697924,1.1409648137836819,105.75488759065531,1.010934857236581,0.835083630236135,Round
1.006359445149636,0.8217066885989605,0.8922043776249095,1.0010917785251916,109.4330123065492,1.0052619217712533,0.8124722915464627,Round
1.0861973605422193,0.8411344351685925,0.8464318489735176,1.0664285237590319,101.74323926964409,1.0185374231303423,0.7602163559078297,Round
0.9199380698242121,0.8366351108452019,0.8810224591652558,0.9124707359566904,116.14170637822534,1.0081836420317551,0.7938671411503763,Round
1.0125329889268162,0.805396625712971,0.9032791248044172,1.0125329889268162,113.67136718458104,0.9927741426176944,0.8033218299015628,Round
0.8601970488369917,0.8514419904244186,0.8859143020075865,0.8478330250799861,117.20855568136463,1.0145830881686155,0.7996432081521087,Round
0.822926910045702,0.8291014563502658,0.9197292863986454,0.822926910045702,122.66091497252508,0.9993214113952184,0.8363034067629671,Round
0.8730672523925617,0.8242924029363139,0.891653642357164,0.8730672523925617,117.78455069253813,0.9996954469811071,0.7976515452539342,Round
0.9780104231049691,0.8347504901198955,0.8621041932744908,0.9677348738244257,108.73138048618537,1.01061814507101,0.7704540486287049,Round
0.7711722502524817,0.8463621780446852,0.8710400596913012,0.7637278962927486,125.07593355999936,1.009747390393711,0.7820820977791679,Round
0.9769268658567862,0.8465111372546307,0.8882788795356914,0.9655158330540669,115.21510682675748,1.0118185869273884,0.8101957931892251,Round
1.303163195501436,0.8178538488745776,0.8818050096432793,1.2937856956962221,95.8566405100815,1.0072481090465044,0.7954670006861235,Round
1.3698342506343786,0.871761427943012,0.8631486741524733,1.3502751285358447,83.56712221161766,1.014485286505827,0.7711956763840002,Round
0.8863698895052008,0.8355055849683626,0.8788121452903112,0.8805195731394756,118.88703792086775,1.0066441639052566,0.787701669431793,Round
0.7837141973552678,0.8114642483609537,0.8907392140526876,0.7837141973552678,129.9288592589585,0.9985347298549152,0.80018933927321,Round
0.9401658907813455,0.8537003861766784,0.8896237612686032,0.9309892761543227,115.26780073422482,1.0098568424600216,0.7963393277874533,Round
0.8963306519640513,0.8182635692200896,0.8858402726947893,0.8916152399624364,116.89594731980175,1.0052886175451796,0.7998893939073844,Round
0.8993819721541189,0.8369921756043457,0.9071489369532121,0.8993819721541189,119.26431462874869,0.9999060027543449,0.8197703382039009,Round
1.105914657768418,0.8465894810368428,0.890425927592263,1.1017789278742995,102.24442967354913,1.0037536839646204,0.8013674000668445,Round
1.1310092022656653,0.8253696023916474,0.8889491674065729,1.1189286479301435,102.12419093292849,1.01079653681034,0.8051073620941664,Round
1.183377532714054,0.8248007947426343,0.8872574345298402,1.1738358018161577,100.0993119319794,1.0081286759895494,0.8052184948534682,Round
1.0491197307324325,0.8423222812663529,0.8440474522231355,1.0280355506421266,105.0845881486956,1.0205091935557447,0.7488068603590208,Round
0.7850210325606908,0.8330401461818228,0.8696253384051954,0.7742707447462961,121.59522533259563,1.0138844039857364,0.7795027572374025,Round
0.6701667135865553,0.8566390900473766,0.8763787564487225,0.6639641307259553,132.72244234673113,1.0093417438888126,0.790310503761854,Round
0.871148716871374,0.8345948972685593,0.8730921063370488,0.8578524948060152,118.1666234195147,1.0154994269362887,0.7897664126943381,Round
0.89727312446582,0.8516691903564011,0.8531557593829191,0.8824021249784264,114.8790172469243,1.016852860012953,0.7613377734952779,Round
0.878673087004313,0.8273378645726355,0.9142101649950679,0.878673087004313,121.69775857757703,0.9950312119076924,0.8304275744763657,Round
0.9447477839570413,0.8393728108397787,0.8635950960382285,0.9322855093548867,109.69543070193255,1.0133674442830052,0.7746665239044093,Round
0.849805878365619,0.847926476530237,0.8711434254092392,0.838852888462673,120.4601678529254,1.0130571045931773,0.7809576981912781,Round
0.8541387917477431,0.8495181744636622,0.8385756921833348,0.8354003657361059,113.61874690619446,1.022430473794593,0.7450154506029644,Round
1.2782603024027832,0.8576030556200926,0.8551939679555198,1.255599049395196,96.9890259702941,1.0180481603729334,0.7641797870868495,Round
0.8023331615213223,0.8378014502345551,0.8509078569616387,0.7887367136659957,118.62011018221963,1.017238259129756,0.7585344060304088,Round
1.2294233681891567,0.8059150818787987,0.8882209827897334,1.2172211740550107,97.73850908393284,1.0100246318370356,0.797175983615137,Round
0.8676920855163531,0.8267873072330042,0.8805022820740732,0.8582117599341598,115.37651600734313,1.0110466041422232,0.7946890112927053,Round
1.0520538686219758,0.852543648529568,0.9302637412148271,1.0520538686219758,113.48306495224166,0.9962495507443243,0.8493284612666108,Round
1.0709483286579828,0.8207217076993752,0.9078927143180453,1.0667387927657346,111.4505356308336,1.0039461730657926,0.8168906705984024,Round
1.111366136264339,0.8376902341566909,0.8657825651388076,1.0978811538514255,102.96605930195784,1.0122827342154543,0.7728047987244349,Round
0.7613981246755299,0.8407558902362999,0.8507538870989739,0.7498063426582596,122.0808258437765,1.0154597012025457,0.7608249912910212,Round
0.7504850235540244,0.8366574009088571,0.898677668923612,0.7437280469629307,126.89129818600766,1.0090852787099887,0.8165833210578115,Round
0.7705820099191147,0.8275857137293736,0.8838764724968974,0.7653039362237422,120.11941831874644,1.006896702663541,0.7896214865045803,Round
1.0779834910722312,0.8055059963672155,0.8606083275810419,1.0699190230837685,107.10138527041128,1.0075374564004096,0.7650679125383878,Round
0.8764295560360335,0.8047338079631268,0.8869258770252647,0.8668988399359018,114.79522940053522,1.0109940348989697,0.7958316490631759,Round
0.9061245455624298,0.8272919562447012,0.8739957544560029,0.8959455398709651,116.61748025404765,1.0113611879723523,0.7760693229594533,Round
0.9434322180805947,0.8258165759080979,0.8827425590759961,0.9394721150862153,116.55585909986966,1.004215242720659,0.7886740803289973,Round
0.7677817700888176,0.8332542962056383,0.8572255246372987,0.7576964067852222,122.87972193697847,1.013310559761509,0.7683815104451203,Round
0.79356066477778,0.8161934743910737,0.9112938249834005,0.79356066477778,129.8556895774801,0.9941029804244416,0.8282889825552807,Round
0.9512706469473087,0.8361121320930924,0.8704544799641643,0.9391242298462781,112.13397912127367,1.0129337703309165,0.7770964111858276,Round
1.1383610429853266,0.8097378567271329,0.9056369227820454,1.126212196497476,104.0114478268496,1.0107873511986762,0.8234951005016552,Round
0.7314158141735038,0.8324741916683489,0.8759061815725164,0.7220588562248348,125.77992476412044,1.012958719179196,0.7912367112211797,Round
1.0189191447635613,0.868752756927181,0.8398302366643761,0.9953129946409665,104.83624845308833,1.0237173132971202,0.7504864307475327,Round
1.0145876230652058,0.825424917539537,0.9073556384723342,1.0081390173685942,105.9019933372568,1.0063965441129772,0.8283709643820064,Round
0.7792516078735819,0.8500590080204501,0.8478820711609393,0.7676373070557211,119.12044412429427,1.0151299327313932,0.7532380907455278,Round
0.9608580906765851,0.8054586319205999,0.8682571920946083,0.9550551384808529,115.48619911194375,1.0060760389237449,0.7755513036041807,Round
0.7947656965460348,0.828410394443011,0.8879701527137638,0.7947656965460348,128.45386962969386,0.9998467885297719,0.8042431974754624,Round
0.8292575762274077,0.8179015310753124,0.8982633226047909,0.8228312341055938,118.96168340739251,1.0078100366824303,0.8199596742494352,Round
1.5690834268768754,0.8065254404904675,0.9003088406577223,1.5690834268768754,84.95369484009345,0.9981547115558583,0.8117104128109944,Round
0.7741646343184155,0.8323504988739655,0.9120712528474457,0.7706507189344749,119.8293367367058,1.0045596731406403,0.8229788711314568,Round
0.8484029684857308,0.8248021587662165,0.8654943780621761,0.8359806909673895,115.06015851746379,1.0148595268438154,0.7653782035631559,Round
0.8089035632563036,0.849347061591949,0.8555065213870543,0.7937313788660524,116.30373407649351,1.0191150114437035,0.7704538551247927,Round
0.8671662554710919,0.8638445382568671,0.8485806276348833,0.8434059939193436,115.25906078507622,1.028171795935826,0.7559716619851528,Round
0.8218258790627049,0.824569651015033,0.8689593712523301,0.8125909378928928,124.1070318707201,1.0113648094498309,0.7714375634490727,Round
0.8309879669007296,0.8511670766150842,0.8391760877349977,0.8122915442378054,113.85825890200762,1.0230168869730973,0.7470939132876326,Round
0.8120423178666252,0.8272641233196171,0.8884047596037477,0.8028085790461771,119.2074995816098,1.0115017939038702,0.7937413036215691,Round
0.732728733701329,0.8559848110891437,0.8478951818693327,0.7185007340302166,123.91103059640635,1.0198023453522513,0.7537825351587315,Round
1.008085148834007,0.8343804359709984,0.8850541690627776,0.9992736645656075,109.60640376857195,1.0088178890136466,0.7947966104842663,Round
0.7853488637596717,0.8197205779264742,0.8947406309744463,0.7809315735174848,121.51945706311207,1.005656436993949,0.8072268902432816,Round
0.7324544483249776,0.8247027381244575,0.8899386959579411,0.7258183885776206,129.39519655435555,1.00914286528392,0.7995741664403284,Round
0.9318948534117957,0.8338393114094019,0.8843674109138943,0.9227809463665728,111.39582307536092,1.009876566135342,0.7919817288435185,Round
0.8618822608825283,0.8442739701981719,0.8518817060305179,0.8432964662953859,114.16836590758479,1.0220394550789356,0.7607754545064953,Round
0.8629544725490261,0.8573078943793503,0.8588988991825174,0.8482433157035311,120.24535517564222,1.0173430860852628,0.7788873860692593,Round
0.8624793067013519,0.8327011946273063,0.871041146568561,0.8528536152755871,112.67897864395432,1.0112864520397846,0.7764083107401567,Round
0.9981968025139352,0.8266221466819326,0.8876498787027378,0.9925238857785259,107.64519401800204,1.0057156475694884,0.7895010730329152,Round
0.9021829850314859,0.8366680974946592,0.873616287213788,0.8910926703863924,114.09193602423295,1.012445747803407,0.7849470097557383,Round
1.3836597317377992,0.8845711159428955,0.867534422996369,1.3504684319268148,85.6365672206634,1.0245776199030643,0.7746681379822234,Round
0.8503446722600883,0.8517817684408265,0.8741899387852105,0.8402369568575271,120.32305876966912,1.0120296010786813,0.7907185187064577,Round
0.9476748521342128,0.8073279150226225,0.8725625985410915,0.9379486131287068,110.62908433719981,1.0103696928268406,0.7779793762134627,Round
0.764943046190001,0.8228193715306495,0.8704097941364507,0.7560458079070741,120.26115849184632,1.0117681206480817,0.769216807311718,Round
0.8797352794943387,0.8411797475267035,0.8969904361561066,0.8698830462016033,118.19003786557955,1.0113259286242626,0.8085124498718416,Round
1.0395675456631441,0.8492840626660203,0.8807274316358135,1.030581748069378,108.66489184710419,1.0087191507229771,0.7983844474802085,Round
0.7784028837942766,0.7913487228561553,0.9035007541782238,0.7737104418870027,128.97315534927122,1.0060648553428198,0.813245774740822,Round
0.9315332140421577,0.8459311124127289,0.9012973585493391,0.9221034842653659,118.92211477950029,1.0102263248514936,0.8263611656221976,Round
0.8929370181450895,0.8456284975191444,0.8645108927331882,0.87793763373122,112.85692696014391,1.017084794907495,0.7843057610073102,Round
0.8581295878163393,0.8403867097486035,0.8652951321647224,0.8452506855051223,115.81446811557915,1.0152367842251682,0.7783752936828674,Round
0.8614761665253716,0.8242534918227444,0.9207443634580333,0.8613754952976522,121.87317110088487,1.0001168726394807,0.8399856126098912,Round
1.1962068208030072,0.8338082313921077,0.877575966040587,1.1802220916803365,97.39934267092644,1.0135438314833716,0.7888260471352404,Round
0.9610850943571234,0.829751581879167,0.8781996060078472,0.9522563104499956,101.35578145779321,1.0092714364927187,0.7851802905478119,Round
0.8744883868974793,0.8353682368010047,0.8753143947896022,0.8666046088732048,117.68239716550148,1.0090973183658987,0.7817945986203402,Round
1.5036899486960196,0.8099429911432943,0.8971681628976292,1.5032588948583685,85.95873501108177,1.0002867462412,0.8108130920319961,Round
0.8022528732942465,0.7897677599879239,0.9032341707808887,0.7960427156571367,123.90512240732977,1.0078012869346884,0.8138848412981822,Round
1.207921025117316,0.8305340408801976,0.8807155404755557,1.194631784035198,100.20897034029954,1.0111241315187764,0.7936532918979121,Round
0.8436114073235295,0.8317697138170185,0.8946878553795745,0.8397432894452695,120.78294935315752,1.0046063099602918,0.8035006055794233,Round
0.9646079070372908,0.8283262339992757,0.8345288574709067,0.9469801918888985,108.27141718522577,1.018614660897216,0.7340871722302768,Round
0.7346846712528027,0.8575134514666423,0.8503332437231241,0.7211900504539109,123.57053925671984,1.0187116014570616,0.7552556866008854,Round
0.9089471553403488,0.830430141341526,0.8399443857251174,0.8927275158618092,112.62589001329907,1.018168633978848,0.739753410849804,Round
1.295387481624181,0.825925646189313,0.8948571180061445,1.2919083979639525,99.27207912474108,1.0026929801414028,0.8068684227385339,Round
0.8910579142887733,0.8309552393719932,0.8840583732689254,0.8839702547151798,116.74818940873955,1.0080179842430073,0.7924668942423597,Round
0.841188130287753,0.8452395172956289,0.8400387210239242,0.8245118432119208,113.70227178296012,1.0202256489256345,0.7465439745353774,Round
0.8951747192249433,0.8377851026694422,0.847775428255215,0.8807140794138147,110.6625786618422,1.0164192217986945,0.7573250298627677,Round
0.7450412099655651,0.861636576290782,0.8525656541691194,0.7304612006997635,126.30216933431755,1.0199600050650663,0.7562238317797597,Round
0.8676421752304485,0.8565956082473274,0.8696595803570312,0.855069116767386,116.49907146576992,1.0147041428774732,0.7833837949424374,Round
1.4238408804193052,0.8250547882201374,0.8782886403410389,1.4120013873098771,89.69109520220073,1.0083849018958717,0.7959981662087683,Round
1.0233986294244344,0.8280861160583665,0.8837860548000666,1.0165217229045929,108.53705500768098,1.006765134836658,0.7965038062990859,Round
1.1642944342422037,0.8191830682844751,0.909537517089746,1.1642944342422037,99.81001548879628,0.9972819043458571,0.8208093978369693,Round
1.0836999796391713,0.8352724684492656,0.8751604593826676,1.0690825727787352,109.55908972113927,1.0136728511273387,0.7790596737499992,Round
1.633173148735279,0.8118223116593232,0.9044242557452291,1.6251092635757238,82.85366553912768,1.00496205722304,0.8124616309133613,Round
0.7859533205104617,0.8032770442038492,0.8799429753162927,0.7838742543134283,126.8595167098009,1.0026522955507124,0.7810423699534544,Round
1.1179118388863218,0.8609093454547648,0.882163255009744,1.1025478818110377,101.97943154126214,1.0139349567748905,0.799200299834282,Round
1.0318757936309224,0.8249157343423931,0.8699473423446871,1.0112454540824374,105.88601119650946,1.020400921917819,0.7839372434243058,Round
0.9647895646827034,0.8519256868923893,0.8574659165416157,0.9467963217496556,108.35650406804831,1.019004343933019,0.7706184822190065,Round
0.9046818388452347,0.8068568990729936,0.8804502037497214,0.8985543278556574,121.37734818132202,1.00681929940085,0.7825653628330932,Round
0.8989523642383838,0.8268001362792178,0.8483259930089575,0.8883549769757929,120.33593026087094,1.011929225970757,0.7540483139478904,Round
0.7806859510149555,0.8229318229989451,0.8891144128599963,0.7740961830929096,127.19922116373706,1.0085128541723543,0.7981282948799184,Round
0.7928677367678755,0.8151944802098189,0.9198244642116566,0.7910699269850741,124.84726909868654,1.0022726306758407,0.8240110479843519,Round
0.927152667804492,0.8229215829137104,0.8785953849642635,0.9200632074605194,118.47263133064304,1.0077054057661325,0.7863007695841726,Round
1.0868794424507828,0.837372610054804,0.8763179886103575,1.0692438143663023,99.68206098235864,1.016493551655412,0.7919054394969011,Round
0.8878001540792028,0.8315665196019069,0.9144550511479669,0.8840265459083936,112.96298429198593,1.0042686593386532,0.8253908588036056,Round
0.9472997426748039,0.8369557881908969,0.8828522518716679,0.9407222136280327,116.90565420722211,1.0069919992868077,0.7911877994845433,Round
0.9132370456987788,0.8301633984659377,0.8746415213348778,0.9095211956742643,112.9761259576002,1.0040855012969323,0.7862010358926197,Round
0.9994292497016785,0.840297936807681,0.8912571581134049,0.9994292497016785,111.51153601218806,0.9995619176990058,0.7999009095644679,Round
0.9919067387772649,0.8520715582171531,0.8940147810003408,0.9803490650775961,112.87810341743955,1.0117893453580782,0.8117056290242521,Round
0.9034936933358726,0.8463734732553028,0.9108491678558229,0.9034936933358726,117.76855036178165,0.9975287841340973,0.8259473152067339,Round
0.9389525096603795,0.8410522732936501,0.8831360655722732,0.9267161296890912,117.34823214412133,1.0132040217918656,0.8010450418211478,Round
0.8512937327291294,0.8463944788689948,0.8899474319410541,0.8408779938470108,122.116586697915,1.01238674214135,0.8085412147255578,Round
0.9730344918335405,0.8261143510497474,0.9037898359124166,0.9717950276207391,115.19590618802678,1.001275437903645,0.8173976562774494,Round
0.8901015951850744,0.8481296672023416,0.8486552483885784,0.8715833509581867,111.88595842063084,1.02124667044928,0.7602861626924897,Round
0.8748542407487873,0.8532846876259012,0.8555371453237481,0.8645155569276449,120.01212078189022,1.0119589332294776,0.7664628966243968,Round
0.976560943682759,0.815769267174391,0.9111457034317973,0.976560943682759,117.60334938335232,0.9999166922718862,0.8228248370916829,Round
0.8324096595648761,0.8482519434827814,0.880910781620032,0.8230820522012553,125.62051070137872,1.0113325364569365,0.7982462131988844,Round
0.9343076057611351,0.8165293267898414,0.8846646137957741,0.9309372399437099,114.8832960038378,1.0036204006809621,0.7947870560025927,Round
0.9531741242308214,0.8242557914269387,0.8793899375961355,0.9412537111029977,117.40772661591572,1.0126643996057714,0.7890506852393391,Round
0.9527916355149617,0.8516284458333858,0.8733253547956422,0.9443086304419367,116.17788711797824,1.0089832971970774,0.7876627944223399,Round
0.8741475885161603,0.8238886976773312,0.8726691790466884,0.8656607111300267,122.38027844745434,1.0098039304279558,0.7755550029621504,Round
0.8574812270525909,0.824494193094244,0.8949001897965354,0.8534207359612317,121.67811071995541,1.0047579006699265,0.8134448495324175,Round
0.9293176925439441,0.8367474674320189,0.8850215044232264,0.9293176925439441,118.95032157582187,0.9994086685576721,0.7969999782559133,Round
1.0264416072165317,0.8209943990204744,0.8637071455916652,1.0140348187818768,105.75814499578216,1.0122350714244297,0.7679339883311429,Round
1.0966056650251648,0.8009880153847648,0.8824302059569843,1.0966056650251648,109.9815750166026,0.9991101073514154,0.7893954799841414,Round
1.0615873454774154,0.8095681640926642,0.8751719529843072,1.0533049420899525,113.56420036560714,1.0078632531344902,0.7863785089174717,Round
0.9747467158389572,0.8155989370479798,0.8751791481281656,0.9642610444657863,116.06578662390525,1.0108743077752147,0.7873326698980312,Round
1.0487684054135449,0.8556274979890715,0.8558248504287491,1.0302157293588783,114.44432602201206,1.0180085350339314,0.7634921352251303,Round
0.9259292460076383,0.8714874349093102,0.8745228002166883,0.9133060003259936,119.63719142835754,1.013821485544975,0.7893576868459469,Round
0.9205936191951363,0.859112370125309,0.8537010435897971,0.9040776161882456,114.01667907428708,1.0182683463357107,0.7688583736127043,Round
1.1999022535479946,0.8676386948288058,0.8970571500590322,1.1914268560591141,99.96392903048157,1.0071136532182214,0.8167219507289478,Round
0.8559388153504416,0.8628954256266342,0.8758068137006801,0.8397107262424222,118.13072587567355,1.0193258089969122,0.7959949725993598,Round
0.7867973249884179,0.8579270878129586,0.9051998916153696,0.7847390058237187,121.17521127783739,1.0026229346947506,0.8229989089353821,Round
0.7747699162188024,0.834800550206387,0.9160680958826903,0.7747699162188024,125.7070231982584,0.9957610126083168,0.8334625392607148,Round
0.9189350378559689,0.8600982520061149,0.9060133249853182,0.9161706913519666,115.4394926684725,1.0030172832749353,0.8270826114048258,Round
1.006770225797717,0.8343418483436141,0.914792990708729,1.006770225797717,118.02484869857359,0.9974329527175035,0.8237791368436179,Round
0.916179073519148,0.8408546896969354,0.8767088284001396,0.9115295461737,118.99183283296034,1.0051007971875021,0.7929154611798211,Round
1.1252982830375662,0.836548177823481,0.9045191529057178,1.1249512288459071,110.72281711913486,1.000308505989202,0.8206746370916194,Round
0.849239849760857,0.8420252621421367,0.8897499173700173,0.8398511334509344,121.88677527355813,1.011179024396079,0.8123712748687376,Round
0.8446561770147915,0.8461758104316522,0.8914600150514507,0.8357237903650965,121.16843225305914,1.0106882043477459,0.8106412324528511,Round
0.9275512383841094,0.8134847346406675,0.8982783762602969,0.9203613868049053,124.01774949794698,1.0078119874239444,0.8090320000815948,Round
0.7829527160811274,0.824370283621615,0.9098097178863441,0.7829527160811274,127.8658769392023,0.994115711862589,0.8231603827166648,Round
0.9078156246380477,0.8432837294085116,0.8942439032347803,0.9023229031356452,118.53556967046751,1.006087312516744,0.8093259117097616,Round
0.7845072700146378,0.8481295537716625,0.8841022326982599,0.7798685542141608,121.72222161933915,1.0059480739099056,0.8004500186729657,Round
1.136401582582702,0.8342872377351925,0.8952390035157389,1.1331791573853376,107.58685202691626,1.0028437032011777,0.8135469492519122,Round
0.9226597241517263,0.8219876049636746,0.9082278006742478,0.9150136251127684,121.49504137733025,1.0083562679605076,0.8236072603888833,Round
1.1596314918527422,0.8514996594936513,0.9014007271800011,1.1596314918527422,103.37297537116166,0.9981844359392421,0.8104659849613289,Round
0.9366579404765089,0.828219219102354,0.8976250766707413,0.9309249741523898,113.89775795483301,1.006158354844158,0.813324534573868,Round
1.0692388426736117,0.841976175777211,0.9107993352302741,1.0669352417457572,108.81034541413067,1.0021590822364113,0.8275437498152987,Round
0.9113999501881439,0.84267549821915,0.9020596122493626,0.9028160320411068,119.04569841472659,1.0095079372124467,0.8224615557173868,Round
0.9339947917130882,0.8427837123378041,0.8971124322584263,0.9277714640692438,116.43065886858638,1.0067078239468032,0.812500709677826,Round
1.0317676271710992,0.8301425276427065,0.8565046994468504,1.0161807818550035,102.8161963583184,1.0153386539033364,0.7592692675631894,Round
0.9065415140536148,0.8135824057854674,0.8965375547967803,0.900463006724814,119.18822117432954,1.0067504242633016,0.8050759774723247,Round
1.0329831275222692,0.8178005538785076,0.8541228483255225,1.018671579799595,110.61944994914327,1.0140492264695258,0.7475310032979865,Round
0.9518303505042094,0.8371131248197338,0.8372213683990443,0.9292278654344442,109.82547145112106,1.0243239423940411,0.7465369952534618,Round
0.9450463534543382,0.841398184253888,0.8746325980682077,0.9304588736136696,111.99921961564213,1.0156777266081782,0.7900078305002802,Round
0.9852554117607895,0.8343089700970784,0.8305784293409187,0.9570806334100258,107.78030473417358,1.0294382493671181,0.7407485059538802,Round
0.9485277542872537,0.8324546733611535,0.8780086847183612,0.9423780130266266,111.41474176454851,1.0065257690391947,0.7844168308780788,Round
0.9776891573663448,0.8417213535187783,0.8530734359097253,0.9552175966977952,107.91658323049045,1.023525069833548,0.7618042607790178,Round
0.9630572275421685,0.832992826732562,0.8775492804851538,0.9630572275421685,116.18867619751138,0.9978835206945774,0.7863950971961374,Round
0.985698212312539,0.8345455756873332,0.8775655534256607,0.9804673358180079,109.83523326075625,1.0053350849165892,0.7927712947930128,Round
0.9012187133272174,0.8754555869790097,0.8519904435904638,0.8859608269628485,107.95396462910463,1.0172218521406575,0.7605852340078046,Round
0.8582041602822168,0.8287192308092066,0.8641073844650577,0.8496891538566956,120.20152410792592,1.0100213194282543,0.7812270249044733,Round
0.9241033689472029,0.8118136660171646,0.865712460384513,0.9220055688076654,113.83504187690485,1.0022752575586396,0.7741511967505083,Round
0.9169035189120931,0.8237929291355995,0.8793831052782282,0.9106752673598936,115.6432911813497,1.0068391574641702,0.7895456902802184,Round
0.8251146510019584,0.7889249224196919,0.8741719544270197,0.8222710116770696,124.79475650817234,1.0034582750510552,0.7808393606862492,Round
0.8364724816352335,0.8356214972073119,0.8890265208812469,0.8328908817066842,121.0110254335791,1.0043002030724724,0.8072709475110217,Round
0.9958700573106185,0.8125635324576755,0.8667912090444936,0.9873975106167798,111.86116874642005,1.0085806846814371,0.7769834892033566,Round
0.9873135125526747,0.8232019511923468,0.8661934538167343,0.9695513377981322,108.56952409933056,1.0183199940653795,0.7817121570619882,Round
0.9817195121663046,0.8243292924427817,0.8716362083034873,0.9660562602420417,107.68089885076196,1.0162136022185069,0.7844175259575241,Round
1.1490046350992,0.831070138096005,0.8584619623426077,1.1365742810464987,108.97202704640793,1.0109366842625156,0.7698677766224193,Round
0.9018919763621722,0.8142792326097594,0.9250886635811822,0.9018919763621722,118.88844585382667,0.9926065356642836,0.8376037626432935,Round
0.792090396215381,0.8408855647890909,0.880905334321882,0.7815301315176675,126.22136203408674,1.013512293732305,0.7983577486101036,Round
0.8112704877670986,0.8328039754566317,0.8757429504312263,0.8078792273308392,130.61676244059723,1.0041977319400375,0.7927619664316145,Round
0.9461879755508232,0.8541840561455747,0.9102677467428116,0.9461879755508232,117.21375626286866,0.9986034260200848,0.8278634005225929,Round
0.9091631086427479,0.8428885220080548,0.8996522679991628,0.9091631086427479,121.79184678379954,0.9982147949716739,0.8119156223730986,Round
0.8517358205486467,0.7952666968690333,0.9193443448222085,0.8517358205486467,128.28070771140588,0.9885167008773544,0.8297094389860177,Round
1.0388649552252343,0.8481303613985167,0.9186859131748889,1.0388649552252343,112.82930420636605,0.9993663648207816,0.8359622254540359,Round
0.8252780145795204,0.836923067276716,0.9071007416395545,0.8252780145795204,126.2092117330643,0.9982124453748402,0.8186393842341416,Round
0.8684033260590689,0.8350194854381844,0.9156387351162096,0.8684033260590689,123.62714027877428,0.9965215654640804,0.8341081163814984,Round
0.9541283128617186,0.8478935809294259,0.9242180543985505,0.9541283128617186,125.31150869532398,0.9965554007304935,0.8470058986593042,Round
0.9487672576801726,0.8094642883133084,0.8905060911251644,0.9487672576801726,114.9251897533935,0.9998208740449498,0.7984928217949452,Round
0.941862509237776,0.8578921290998287,0.8924502319168631,0.931253684366301,109.84410022939294,1.0113919816367698,0.8099504848947844,Round
0.8768875515898905,0.8190889623504466,0.9308275583014867,0.8768875515898905,122.31033241387563,0.9922905036755497,0.8419265574560253,Round
0.9493125013787065,0.8538769543341689,0.8710714602590706,0.9340309152413504,110.61050263819236,1.016360899717551,0.7906091609960073,Round
0.9228338732880491,0.8338047978712901,0.9099213069812097,0.9189880000192091,122.06172489320653,1.0041849004217245,0.8292485729379528,Round
0.9072317126768261,0.8379348400001031,0.9031935478070207,0.9072317126768261,124.57297139073725,0.9963266307806553,0.8239877977024406,Round
0.8279366233408182,0.839335518967954,0.8719415984441221,0.8257877037265978,128.384154146743,1.0026022664233467,0.7832119477693525,Round
0.9015410087040429,0.8468316673132293,0.8999545915540138,0.9010918640559442,118.43671169409147,1.0004984449044707,0.8059250785272342,Round
0.9255352518476198,0.8349240412475812,0.8843291005425725,0.9182204087664187,113.37623886128725,1.0079663259620075,0.7938452604026924,Round
0.8883540279973196,0.8313683021242843,0.9175717841524419,0.8883540279973196,123.82548465109284,0.9940971018853844,0.8381024747763449,Round
0.8770089896903636,0.8320085324921698,0.9232995530172161,0.8770089896903636,120.96043914542113,0.9963481689708881,0.8381787278058861,Round
0.8226023849853681,0.8371805372558433,0.8942198382526976,0.8130478098386789,120.50759005704472,1.0117515538828952,0.8117656367370154,Round
0.8780602495783115,0.827892251020097,0.8867786632111,0.8710141527538435,120.34610521415304,1.00808953195788,0.7994437148371277,Round
0.7514009019883228,0.8192017316127137,0.9184855977189863,0.7514009019883228,129.06597951437448,0.9970992775926496,0.8385421447021957,Round
0.9357605622252732,0.851394993086248,0.9234747941944229,0.9351146171992717,117.84284943017518,1.00069076561752,0.844298974811847,Round
0.9522189193843665,0.8280035135673304,0.8719619020212352,0.9401032418767736,110.43885520803485,1.0128876031566552,0.7860402168865478,Round
0.7403029882621529,0.8202170547549712,0.9196583996593602,0.7403029882621529,126.55638074628678,0.9933819049674726,0.8332162746479375,Round
0.9137554539010918,0.8347882896747565,0.8763353638024295,0.9057697052364322,114.81335809401213,1.0088165331855243,0.7849082543424087,Round
1.1275848802732389,0.8797602759217545,0.8514158316393057,1.1078577419996112,105.44129251802015,1.0178065626350377,0.760217445069267,Round
0.9651976188572091,0.8249726183360154,0.8795372859325924,0.9636287268428764,116.24867020642526,1.001628108389289,0.7865885929564824,Round
0.8707200905949041,0.859869354494718,0.8526508122992447,0.8504100839799718,112.17083876404043,1.0238826032258228,0.7678411336981218,Round
0.9313051061519073,0.8350980282528537,0.8637752960794808,0.9163016717514205,118.55474711875868,1.0163739026818637,0.7721947974654896,Round
0.8158361846502772,0.8640970572341284,0.8340163874790169,0.7920350240767091,119.9925475289762,1.0300506415121145,0.7431210669991297,Round
0.9064928384949085,0.8592426009055333,0.8789280714124823,0.8952046595624612,113.38511208766144,1.0126096069897184,0.7903169843330757,Round
1.026848687298474,0.8363382075483391,0.8640977243855874,1.0092378826578148,110.75985866216062,1.0174496072167656,0.7748125422380044,Round
0.8482625808212749,0.8682636834262732,0.8235583775608971,0.8239378326949616,118.72906798536762,1.0295225527473975,0.7322670940159574,Round
0.9522722922059896,0.8577999423903377,0.8367582066919363,0.927032562562803,112.49223418482748,1.0272263679426867,0.7386846973476905,Round
0.9231849649079638,0.8544931767439606,0.8712888478754182,0.9113642887331935,111.12406774462968,1.012970308712887,0.7805855540321961,Round
0.8982428473335596,0.8421938278198592,0.8851578449505972,0.8897968321255431,115.31664751950163,1.009492071564068,0.7923604038947196,Round
1.0652344754539396,0.8199570818428289,0.8630964752205322,1.0514420572919543,105.12098954008522,1.013117620763153,0.7683017569898908,Round
1.0303131311327305,0.8212612299647466,0.8579736453450765,1.0113556685475364,106.73366894882767,1.0187446050630438,0.7686448143844901,Round
0.9801238646710253,0.8269850557380193,0.8554778378931117,0.974392660954569,112.29761518306492,1.0058818215141745,0.7626200327331699,Round
1.0030861530578001,0.8337213193250251,0.8848396081023614,0.9946608510509412,110.13037189040504,1.0084705274144015,0.7936914591471799,Round
0.7726127802136133,0.8444476562807572,0.9187408880865146,0.7726127802136133,127.46337648067767,0.9958513516983228,0.8407511456808034,Round
1.2078045500541654,0.8417175222788622,0.8679472965008593,1.196432707763614,101.26692337484461,1.009504790546731,0.7794235099028308,Round
0.9645153072466813,0.8197293251905172,0.9178547682456664,0.9605340251144489,108.687353404097,1.0041448631991543,0.8259541160312183,Round
1.0467283768814641,0.8489003409002018,0.8666753430275768,1.0308715956791414,104.7154434061256,1.0153819168835245,0.7846807536586546,Round
0.74340548586786,0.8236248990830576,0.8982999861104642,0.7351489661696042,126.1133173659285,1.0112310838730758,0.8173482750462288,Round
0.7578442588318636,0.8296161658039914,0.9035754944014196,0.7559726541242286,124.16073105287367,1.002475757155268,0.8217138373369045,Round
1.1149305066456623,0.8581767797049391,0.8927579600952597,1.1022508282226777,99.92704107094261,1.011503441955612,0.8096382999732916,Round
0.8266086868047285,0.8302770421248467,0.8696423608971577,0.820939021836124,126.04090425215492,1.0069063168125736,0.7834220321843628,Round
0.9892700120172984,0.8053787855429569,0.9101840870211385,0.9859680769335472,109.48581446810252,1.00334892696934,0.8246719600746274,Round
0.9161710688829184,0.839778606759888,0.8914998103513434,0.9085553477778309,116.95021265250614,1.0083822313342983,0.8112753650493844,Round
0.7501462837766332,0.8578681547063335,0.8969618538946952,0.7436680293689156,122.57864407678593,1.008711218113296,0.8176970865122746,Round
0.8129156772551709,0.8309613470015945,0.9078797672353204,0.8034990773132692,122.67012997068552,1.0117194906724583,0.8274192225626167,Round
0.8823048351278783,0.8116342818576594,0.8837370443927157,0.8717962882013309,115.37078511851614,1.012053901890576,0.7935622326259367,Round
0.8463874898742505,0.825331948017855,0.8966492257481188,0.8448861150657399,123.52406069059677,1.0017770144185574,0.8091944991923371,Round
1.1305980035243128,0.8279951176635574,0.8875633621333437,1.119416122717147,101.71287256883595,1.0099890296202132,0.8051477545879491,Round
0.8607279490905279,0.8464221090275869,0.8895341273514986,0.8533913641179961,119.10668309301032,1.008596975878839,0.8121250638394162,Round
0.7378884230676787,0.8253736111465644,0.8877928527629703,0.7335906348274283,128.52521331140562,1.005858564758343,0.8052282297651561,Round
1.029847299533923,0.828317859551523,0.8929954421813658,1.0268013028568972,113.42333056732198,1.0029664908571412,0.8131400682335573,Round
0.9112416559531145,0.8331968365429833,0.8875069340460018,0.9038156081937666,120.75179723835339,1.0082163305125793,0.8072533393636571,Round
0.9141744367374582,0.8454520131764891,0.8928916327883585,0.9007667584612916,114.50731641875807,1.0148847391960487,0.8104987813608896,Round
0.8799204235758649,0.8384534990356869,0.8822816630575381,0.8699790020336505,119.36136068090927,1.0114271971150746,0.8040646698467934,Round
0.7495138435356699,0.8451971646930738,0.8646399981071531,0.7340249357408037,118.44246214624046,1.0211013373533886,0.7793617196289206,Round
0.9733734176177897,0.8482514725813364,0.8886766140419411,0.9598445624479671,116.03292147471942,1.0140948396220726,0.8187742592449948,Round
1.16534974848224,0.8481338015780544,0.8914896434677556,1.1518496593478122,98.16911089087056,1.011720356927545,0.8100078294405636,Round
0.8371826610237272,0.8440682437492366,0.8793871621992891,0.8295600977960939,121.10647302045109,1.009188681143035,0.796161367305946,Round
0.8383719441597212,0.8122829080332931,0.9027001488251479,0.8344375680456237,118.60281404399464,1.0047150035721812,0.8231073452035899,Round
1.085365271223457,0.849107453754813,0.8934218354207109,1.074780898484712,108.5976585495851,1.0098479352895715,0.8146112564836793,Round
0.9126239355977503,0.836949698587596,0.8970787269432634,0.9078339390384726,118.33084855691936,1.0052762915697457,0.8237583803080445,Round
1.107980548689214,0.8474760828331052,0.9183278560255427,1.107980548689214,110.0686451697894,0.9956803555975975,0.8364868822898736,Round
1.1641090428350236,0.8335476165565854,0.9041339544829197,1.1601758382579164,106.3832590093453,1.0033901797015643,0.8147057659928805,Round
0.9019737543741637,0.855740247085973,0.8841733172201326,0.8943442522970328,118.59734486180201,1.0085308336890804,0.7992079062272809,Round
0.8814186049580153,0.8342631877681856,0.8794317167784207,0.876060053066432,125.54794869053863,1.006116649050287,0.7912460447125254,Round
0.8763799507601409,0.8381531416942614,0.8910177970518454,0.8660665662490712,117.22586097192296,1.0119083046419133,0.8082143463176057,Round
1.171427556829473,0.7917223068130688,0.9043840600409151,1.171427556829473,97.78776777252027,0.9868091228411492,0.8157919849780716,Round
0.9836245706494973,0.8258112742304152,0.8787357458513111,0.9788578076269228,110.42642029801982,1.0048697195705378,0.7917047209741525,Round
0.8986847133885235,0.7939993535069052,0.8993496302207422,0.8986847133885235,119.67225422382425,0.9992575295512109,0.8086373953906455,Round
0.7985219444178573,0.8347734186311688,0.8855746146510185,0.7926764325707737,126.5532460459795,1.0073743984391281,0.8045554131606678,Round
0.9186188855870037,0.8419584310727516,0.888246389273647,0.9112177974625857,115.20968694723034,1.0081221944358718,0.8032362745353101,Round
0.7493291667767806,0.8901889768703181,0.8642313639717759,0.7348251979942136,122.14603992826447,1.0197379850638726,0.7748007363869914,Round
0.8850044039489807,0.8284238942739203,0.8622592028991405,0.8699515935337473,113.57428366113476,1.017303043671762,0.771090783226593,Round
0.8127984430139633,0.8476842049188694,0.9002247276977968,0.8059662998758685,124.41000298993997,1.0084769588246394,0.8152750500922639,Round
0.7893415515304715,0.8337015240523654,0.8577434576034655,0.7775569299110573,133.36931068517583,1.0151559598610513,0.7664020193893535,Round
0.9963671371562278,0.8462341318962886,0.8718597261578042,0.9799723182199622,104.963810039294,1.0167298796419528,0.78530088104885,Round
0.7942757011188339,0.8319417985456404,0.9051196213750696,0.7868567012954623,122.61593672624899,1.0094286543040902,0.8185395337911295,Round
0.8252146691935637,0.8438287913090183,0.8445899072851252,0.8132384526727967,112.96169396585228,1.0147265743293443,0.7518111530628662,Round
0.8460313800200436,0.8581439641953157,0.8684759603652688,0.8303242808771076,120.25128043154263,1.0189168250341227,0.7808155525811844,Round
1.0219539268512512,0.8275338470068343,0.8929782325717284,1.016295207665693,114.3237438771644,1.0055679876701924,0.7981976602805773,Round
0.9892096222885323,0.8345534211475648,0.8794681735142258,0.9866610848628017,115.73190020014307,1.0025829917332607,0.7874137986331192,Round
0.931533898625774,0.810412655544387,0.8922189965040235,0.931533898625774,117.07209829220506,0.9951672103665983,0.8037603797386501,Round
0.8171221045935573,0.8266875278465994,0.929963642528331,0.8171221045935573,127.50736029392874,0.9977494258966323,0.84529751165125,Round
0.9324490623369948,0.8498587671334685,0.8593850765484023,0.9164986677308997,116.1442870232808,1.0174036200680854,0.768000159196299,Round
0.9639606167498813,0.8246990086804553,0.8958706237107733,0.9585088031677188,109.53400274861968,1.0056878075236713,0.8107287011393853,Round
0.9580240929215212,0.8190075756752249,0.9134424964395625,0.9551563103998622,117.11856798985663,1.0030024222113536,0.8237846001097162,Round
1.0868673173298646,0.8146607409179921,0.8742148068040189,1.0779241613088426,112.09897016003002,1.008296646779086,0.7856914854538488,Round
0.8578956175100972,0.8091465534614013,0.9006955682699459,0.8540632882715862,133.07873533358827,1.0044871724275455,0.8126002485218925,Round
0.9358135017448973,0.8261955613195348,0.9094023402388094,0.9336110941375823,117.10702880822149,1.0023590203899082,0.8161139917774128,Round
0.8086645919843775,0.819686486912868,0.9081526092327521,0.8058421693729976,127.65359741658155,1.003502450875183,0.8147841076556562,Round
1.01772822000311,0.834011965253613,0.9252226095671815,1.01772822000311,112.16321200072888,0.9942329592397803,0.8425900092028998,Round
1.4249019691405478,0.8590873829721049,0.9058640280121717,1.4140113422619016,93.48326346183323,1.0077019374266298,0.8199613578707978,Round
1.1692971056727024,0.830943744885119,0.9220984494616677,1.1692971056727024,106.59259254493135,0.9961724819608354,0.8345589858962073,Round
0.9518791712763771,0.8531281474056657,0.8838447988752062,0.9441037640907374,115.56703808100535,1.0082357548834986,0.7974645268676327,Round
0.9214416699366403,0.8161996616303949,0.887050633146342,0.9214416699366403,119.97933744520256,0.9994933517092294,0.797187482670114,Round
0.8356990293271465,0.8600940246131612,0.8809554869196089,0.8216725835009047,116.27517608914428,1.0170706022178313,0.79373545276058,Round
1.1094814417165781,0.8265037745273992,0.9116158305896032,1.1076782706184045,112.10544526849027,1.0016278834260846,0.8183268868745226,Round
0.7630584466016158,0.81930157762296,0.8996305239760225,0.7562561587402274,127.76296341874531,1.0089946875576123,0.8191677580933828,Round
0.9169835805817167,0.8333168866711314,0.9064332491130809,0.9169835805817167,117.88300651120755,0.9980232394468653,0.8199009627511327,Round
0.918654944918979,0.8712940897754391,0.8798920478057259,0.9069306109174187,117.39461520767503,1.0129274873517615,0.7928146880753432,Round
0.9939699054532103,0.8103604439801365,0.8867112726750884,0.9933254195275713,115.20285364784527,1.0006488165036043,0.7946775125747877,Round
0.9311691718775952,0.8430693143745601,0.9057695180346588,0.9282770430165214,121.92403988890678,1.0031155880486666,0.8101964844016165,Round
0.8846367748674119,0.8364849310793828,0.8756849431781599,0.8782443119663182,121.25521637087807,1.007278684090514,0.7706569919810425,Round
0.8750909724146076,0.8173521826386646,0.8639999237673767,0.8678265721082852,114.2908544766004,1.0083707972765508,0.772567166730188,Round
0.9468231304513879,0.8197085132932629,0.8978492889700601,0.942813576997027,118.84635806600703,1.0042527531976488,0.8119735816114637,Round
0.8864691522677999,0.8313918579589469,0.8580534709727757,0.8772102278815684,124.68376197845696,1.010554966291936,0.7695918081323442,Round
0.837229079367618,0.8069948673097147,0.8801476009096985,0.837229079367618,127.37263066155312,0.9981575992667833,0.7790141619599165,Round
1.0879553515328366,0.8333571107482506,0.8456455582471057,1.071524501486625,107.04472903345847,1.0153340871099221,0.7519031941172045,Round
0.9147868378008784,0.8252605897166106,0.8583541188560109,0.9084732594350171,123.93200431842328,1.0069496579016401,0.7684692140217712,Round
0.8588353022074258,0.8281582982122652,0.8597475037006458,0.8451998778556563,121.81035982044314,1.0161327807883311,0.7577312285554005,Round
0.7983975900460393,0.8433040783719029,0.8758977316847413,0.7926120635069369,133.5518749630592,1.0072993167849404,0.7872690789330076,Round
1.0035387376454417,0.8170821569722125,0.8856427378146499,0.9966316905247682,113.33344622821873,1.0069303908217455,0.7967264869905972,Round
0.9707052593359077,0.7917271400103587,0.8918442023805542,0.9639355781455606,124.25684061061159,1.0070229601892802,0.8018427719937531,Round
0.9401051792502106,0.7824396344576686,0.8883454188751994,0.933948313685432,121.20766669826033,1.0065922979618467,0.7979427422866379,Round
1.3048753045210946,0.803098699752201,0.8856468965394657,1.2924255917596745,101.17706602707021,1.0096328274840713,0.7901245041777514,Round
0.8681434318100555,0.8173524602385169,0.8590431673767979,0.8538229738807327,117.58549418889025,1.0167721628105584,0.7709975219520525,Round
0.9435812695150678,0.8329261411431236,0.9003372201136203,0.9435812695150678,124.26548590169422,0.9993050932316863,0.8112773569873206,Round
0.9612458093453519,0.8064955957845495,0.8788903325786085,0.9544915927847337,123.08075335330774,1.0070762452091513,0.7861571391871304,Round
0.9193865317114243,0.8593331181177524,0.9020306330770105,0.9138757004542696,113.78952957969068,1.0060301759357595,0.8213011694990969,Round
0.8265615000446238,0.8375678203154263,0.8538584011419714,0.8150884551236001,117.96577454726501,1.0140758280268907,0.763175672366867,Round
0.8248461276326634,0.811750008066561,0.8959193709474105,0.8245332782036806,124.86449317734804,1.0003794260792778,0.8075345293179742,Round
0.9813821050428071,0.8443574437197311,0.8850211608668069,0.9747815650814122,113.19830121235948,1.0067713015898527,0.7983561905156477,Round
1.0486757473461688,0.840977024089803,0.9078638679549634,1.0443850064631317,112.64751124960179,1.0041083899677647,0.8230344695053724,Round
0.8888858429613801,0.8560732419792025,0.8670678399040179,0.8787268490847099,119.16390035305133,1.0115610372975992,0.77445034137169,Round
0.8388440799759195,0.8316164578341153,0.9295177349307319,0.8363654762001955,123.90762396042761,1.0029635414735012,0.8477546330649856,Round
0.8218921836093298,0.8183098652149655,0.8904260302148322,0.8209884005179211,120.61199433742777,1.0011008475769434,0.793696396940766,Round
0.8906061345585197,0.8394566114167732,0.8770808648245538,0.8760853793786214,115.5642547455448,1.0165745891002054,0.7951930868923005,Round
0.8362020526132008,0.8219850308074106,0.8923333197868286,0.8347693552668234,120.29845457340748,1.0017162792780283,0.8030315648395949,Round
1.702322097776216,0.8601748381810318,0.9105884474783443,1.6962148477806291,81.75560969879449,1.0036005167644757,0.8236717799108478,Round
0.8788070545939131,0.8437946565815405,0.8900557260138441,0.8730672086970475,119.24200842694684,1.0065743459835488,0.8058571188027156,Round
0.748392077300262,0.84935068535111,0.8547950559529405,0.7387750773118914,122.94777467019705,1.0130174937998222,0.754804345675808,Round
0.7733173084879607,0.8474787941629194,0.8660176730906389,0.7624239624517,127.48529648949562,1.0142877802544812,0.7819782046643279,Round
1.1495496862452093,0.8418432545912957,0.9000649912355829,1.1479398047395248,108.95353640491425,1.001402409341533,0.827269809892514,Round
0.8653647961294887,0.8438386047685081,0.8899016570169539,0.8542158410103035,126.3236018773358,1.0130516838765236,0.8119932705630641,Round
0.9338173814105092,0.8304119283302287,0.8333915230135401,0.9137760353646983,111.64906466456448,1.0219324487294221,0.7386265911319556,Round
0.9222321887698635,0.8070825557405288,0.8877712743070767,0.9171013862916007,119.12118368466513,1.005594585893071,0.7936129128686262,Round
0.7618139608138321,0.8797751800731042,0.8549791771652285,0.7450715602644087,124.25616267166994,1.0224708624544492,0.7607267550638099,Round
1.0306732369409235,0.8311073305526155,0.8876022535209204,1.0220195170637227,111.81119263133345,1.008467274580101,0.8048113283926452,Round
0.9294696908947222,0.846433545190035,0.8940963786879987,0.9236574076027919,117.15387063863011,1.006292683027374,0.8062399757544026,Round
0.8351117135235478,0.8440526901369463,0.8541583206448068,0.8205310798294945,126.58661641346431,1.0177697518747044,0.7632765096426408,Round
0.8604645175232313,0.8254959703465082,0.8985632980262206,0.8578782505199165,125.41672941624003,1.0030147249936077,0.8081592715276732,Round
0.8640803418866096,0.833797435029194,0.9193198402884063,0.8640803418866096,125.15030251104685,0.9973307599399577,0.8274063678044878,Round
0.8576855195922315,0.8532097760354739,0.8777372896143941,0.8434424455874854,120.7044808771436,1.0168868357043916,0.7866762149069202,Round
0.9672767460410092,0.8405083999096189,0.9213775298953102,0.9672767460410092,118.538745115983,0.9923344800787051,0.8345827653467786,Round
0.8402515930669301,0.8471373170683683,0.8753282873468841,0.829358065998858,127.19735734186371,1.0131348901212556,0.7890955570536,Round
0.8768293331828559,0.8308079695979909,0.8873370920283937,0.8727701439763762,122.59755881152623,1.0046509258302374,0.8028317489644397,Round
1.3550493688348937,0.8592564936821778,0.8633400212692275,1.3314215121785253,96.7011524636559,1.0177463383611007,0.7730860117102583,Round
1.0250362627830685,0.8186573389018549,0.89098444902528,1.0170828135971401,110.95612694352589,1.0078198639084257,0.799636155068762,Round
1.4767019679627411,0.8289613461632396,0.8679942654757108,1.45926224788608,93.09526622443899,1.0119510527336157,0.7752627756065046,Round
0.9656231112220058,0.8527485741318278,0.8599854240618258,0.9458457837923895,116.8480840738472,1.02090967446122,0.7730066256285658,Round
0.8293741059245862,0.821414291937512,0.8991425894986362,0.8283147611979003,127.4238881293692,1.001278915668669,0.8059190526619446,Round
0.9705387419304486,0.8298992723811284,0.9189172642979435,0.9705387419304486,120.80755178425136,0.9891726030411583,0.8252216224360727,Round
0.8627257232548343,0.8467770193309572,0.9048521281902758,0.8616804746879334,118.34699510426084,1.00121303499105,0.818595452778151,Round
0.8905050759726417,0.8521349186290129,0.867108332951023,0.8753490882759143,122.091965029991,1.017314221148706,0.776896742098194,Round
0.8754775204521532,0.8598226228967961,0.8851911178670085,0.862731630605967,119.98967638964267,1.014773875668884,0.803483520766366,Round
1.5499621431326742,0.8393129052040156,0.9010902615282349,1.5317873334996515,91.74069307034257,1.0118650998317757,0.8138296670661984,Round
1.5228387346894807,0.8444969013091023,0.879994305161238,1.500774684832705,85.63142319127861,1.0147017737437618,0.794562550833153,Round
0.7899432931303244,0.8362746969258654,0.885230313111612,0.7786858498298922,134.25853021097987,1.0144569768448874,0.7987138594945153,Round
1.6104079252727104,0.8618189111903444,0.859162167945123,1.5770404317507163,82.28511524581313,1.021158299337292,0.7697325726679298,Round
0.9775761334116697,0.8372940832844133,0.8921619812217495,0.9671886367328663,120.227508974974,1.0107398870130362,0.8082160811456639,Round
0.9007845923410213,0.8845112792602089,0.8488545810192797,0.878749353772164,119.77662381131488,1.0250756811077786,0.7667938079948937,Round
1.1482559953283447,0.8164210211709604,0.8772814135416079,1.1390200598236702,100.74085658453092,1.0081086679949292,0.7804630923181349,Round
0.7992776256753487,0.8208858285982509,0.8810417380519002,0.7866312181307571,115.22172203277317,1.0160766662358542,0.7935707686233093,Round
0.8494781897564511,0.7938885949209193,0.9065636107259321,0.8494781897564511,129.46837643543353,0.9952620038460305,0.8066276345918173,Round
0.7996328272165361,0.8238249924872192,0.8831318021170157,0.7919015676197856,128.50852962157336,1.0097629047761432,0.8023615017493827,Round
0.9368709650370259,0.8073668347277839,0.9339120895329757,0.9368709650370259,113.76384638653658,0.9996747766674775,0.8633309377005662,Round
0.8300688013555529,0.8474957230992968,0.8578840087913648,0.8166806708659345,124.45182574426265,1.0163933480578435,0.7728225026440585,Round
0.9845738350848317,0.8015105089482617,0.8825953323426455,0.9813456284669522,119.86214966646422,1.0032895715069547,0.7937645932425496,Round
0.9601756156142129,0.8462510839817786,0.8940584487322079,0.9572306617459901,116.31740113660359,1.0030765352447562,0.803995459128873,Round
0.8986806486465695,0.8426485172624255,0.8703350217714032,0.8891340990397655,120.61578038761637,1.010736906409409,0.7908686913466647,Round
0.8560824946134646,0.8181672024689286,0.8847846547639381,0.8522859846191135,119.9470527819813,1.004454502435644,0.8045951237878394,Round
0.9577432520113676,0.8270345624098597,0.873235684277342,0.9409948273894537,112.32627867661354,1.0177986362245774,0.7883608848873356,Round
0.9239685499148417,0.8454161456229705,0.9142809493905234,0.9239685499148417,125.69004215827293,0.9924241457752152,0.8253450896756667,Round
0.8610348848492663,0.8452155262383392,0.9113045189003504,0.8544332042013714,119.51430578190877,1.0077263858841552,0.8272349816077775,Round
0.8096202277940238,0.8293132411137731,0.9176723949978403,0.8096202277940238,128.34192847387163,0.9970207197595314,0.8348287857290392,Round
0.9710315835686639,0.8456772861958664,0.886191151698949,0.9595311497241724,113.88744139889702,1.0119854721212516,0.808220292316705,Round
0.8634449246388258,0.8439889896806735,0.8770041946300263,0.857656607053291,128.52359321629962,1.006748992006745,0.7904831167230383,Round
0.9963192089878892,0.7777048598313226,0.9052782334667279,0.9963192089878892,122.0710265307633,0.9922325877344763,0.8124849675957837,Round
1.162431656333698,0.8937652549597563,0.8684880525034057,1.1429328449382936,99.93184743541659,1.0170603299063097,0.7788939498215426,Round
1.17272755921627,0.8353869165773653,0.8999571840266095,1.1699370365063417,106.62794936716291,1.0023851905041499,0.802012975167174,Round
0.9245684818949442,0.8435877083346751,0.8920665580416234,0.922682721848811,119.15253924605423,1.0020437795154056,0.8088803969878701,Round
1.0352577825912896,0.8487831412266313,0.8984595602535647,1.0262318257374772,111.00805083298648,1.0087952416086163,0.8065243376153445,Round
0.8808068875861593,0.8196656226702322,0.8884417412053288,0.8783730929431833,115.52834665346248,1.0027707982661684,0.7972600187317246,Round
0.7799240615658046,0.82990013942135,0.8900085607861759,0.7742621213330422,121.09348976331967,1.00731269175743,0.8001670128700051,Round
1.0562310094927605,0.8112175127288545,0.8915804245664589,1.0498403481336975,111.58792291058012,1.0060872697171754,0.8028182816342819,Round
0.8186653185899797,0.8383150829457289,0.9075491545851602,0.8131786194794414,123.16783360858845,1.0067472249996572,0.8215647668005441,Round
0.8901434746516775,0.8357278038364407,0.8876984403610728,0.8867181339107697,118.70439887343895,1.003862942021723,0.7991883919630749,Round
0.8848897284439333,0.8624883994792301,0.9113669984283472,0.8839928198046876,118.81572476336132,1.0010146107741507,0.8338684771584438,Round
1.168304051359438,0.8584824449393198,0.8996426903052424,1.1541720785522653,104.02710857456877,1.012244251156118,0.8303010295987302,Round
0.9972062048383239,0.8660709099878497,0.8756225531091185,0.983235750881931,109.38790641279985,1.0142086513268682,0.7869808975357394,Round
0.9064836132351337,0.8253051989211093,0.8540193998402714,0.8938402452356118,123.72579864579038,1.0141449974611394,0.7579248262293368,Round
0.8633587141293186,0.8281465271595935,0.9164990730485991,0.8633587141293186,123.60650020093253,0.9962147880469348,0.8247747030079374,Square
0.8521936732922372,0.8179868222009142,0.9157589689502895,0.8499966071409953,130.59797226131192,1.0025847940248043,0.8300119623175961,Square
0.9000198010202374,0.8470510921487571,0.8920053489694302,0.8921935147310972,118.48694548870942,1.0087719605219265,0.8072744478658807,Square
0.8608787557401173,0.8426621954897011,0.8939625559462896,0.852461296556499,124.26818032928955,1.0098743007073991,0.8038483036612699,Square
0.875867690876087,0.8356013777894461,0.9178870010403228,0.8725381544634853,131.48419943709968,1.0038159207085322,0.8404825255609581,Square
0.8462350880434691,0.8794462825859076,0.8718572354029963,0.8243398431149553,119.6811611749665,1.0265609446290713,0.7987487943466607,Square
0.8268740748147679,0.8559682985417609,0.9007871830820727,0.8219351125734621,123.88218727115768,1.0060089442168276,0.829772198120946,Square
0.8740857350287948,0.8466882002350042,0.8823474902700146,0.8633808914937476,123.14399037337509,1.0123987496602185,0.8031371734586296,Square
0.9570113261168829,0.8248806452572565,0.9201783348887678,0.9516380920946423,116.77976385343143,1.0056462998558766,0.8466691229427319,Square
0.8960945351531034,0.8448760838870817,0.8852853776108268,0.8954745851567707,117.14780800118274,1.0006923144515867,0.8018776715815957,Square
0.8681403774471563,0.8390541178590561,0.9161074728072406,0.8681403774471563,126.32908948044452,0.9943859664805524,0.845360068112287,Square
1.0013620656527469,0.8535370355443415,0.8620649056149886,0.9928653958357316,111.86165216736008,1.0085577258031673,0.7765774065684246,Square
0.9796292359233721,0.8605118991315754,0.879795674697258,0.970060077916993,111.75707137480148,1.0098645003791178,0.8004605675676271,Square
0.8419819488418174,0.8373020630967188,0.9011300103442417,0.8383213786543471,128.88404172437214,1.0043665475802923,0.8206685505664054,Square
0.8926815834384535,0.8584505414918981,0.8951320819154128,0.8817843321033894,120.72288365311502,1.0123581820841272,0.8185840038784548,Square
0.8743765357566533,0.8384851559576241,0.882747235633934,0.8626766794582936,116.92035988550413,1.01356227260682,0.7949026476873408,Square
0.9517136881120528,0.8212019368611733,0.894283670745642,0.9438537225213828,119.38471822508542,1.0083275251271702,0.81478006627507,Square
0.9261141624233697,0.8301558481114997,0.8770408704219754,0.9233754436326094,121.49886810950159,1.0029659861648326,0.7840181057955442,Square
0.9487793909697171,0.8512563337166281,0.887056144715283,0.9349046451496426,114.00276820801162,1.0148408138648768,0.7992081768203205,Square
0.8458494384081248,0.8303399355783027,0.8916040734787095,0.8413494735678553,120.04169774169823,1.0053485085349692,0.8092194241799878,Square
0.9151736478935567,0.8327956227054839,0.9249465298955085,0.9102595319685406,123.37178148140943,1.0053985877130984,0.8511883906135381,Square
1.7169802387425876,0.8360733839454126,0.8836082739705897,1.710170891452947,83.5327802333534,1.0039816765234821,0.8039506199848496,Square
0.8637116423434296,0.842908945740689,0.8876016355589686,0.8526055905355819,119.82330604420375,1.0130260133538078,0.8078571433671011,Square
0.8056579044004397,0.8069571791559456,0.9310259228214495,0.8056579044004397,124.55052803226506,0.9895666344293275,0.8467373819746443,Square
0.890158478303189,0.8146194007541722,0.9160809472128034,0.8858548662759101,114.76150456614441,1.0048581457201573,0.8311927599654261,Square
0.8589010244404737,0.8190389551093953,0.9219253771834296,0.854328186697177,128.4593524103828,1.0053525539886203,0.8441422655022537,Square
0.9099269990840544,0.8179613158556368,0.888939847862541,0.897799268610218,114.98000808080734,1.0135082873175092,0.80822424667836,Square
0.909434076632926,0.8205853139214012,0.8985361257596526,0.9036570031120116,126.50979393552363,1.0063929936923184,0.8127506761782903,Square
0.8404213356613927,0.8294361122219326,0.8942092981532461,0.8318805794672113,121.88020329515763,1.0102668056028563,0.8194981944086437,Square
0.8421342918579119,0.8532835424781079,0.8720129450425257,0.828934858702798,117.31515517055405,1.0159233660118596,0.7882519792743967,Square
0.8173229985800052,0.8281783406225549,0.8997732262966106,0.8126002164954967,121.09510252707666,1.0058119380091683,0.8087019626060156,Square
0.8649066443616785,0.8577726895453405,0.896377973795577,0.8558470005316772,117.97748834114121,1.0105855881067214,0.8115408989608379,Square
0.9529206619453638,0.8496971691340238,0.9210881762656401,0.9529206619453638,127.02824013112969,0.9984264205693142,0.8499712601584326,Square
0.8691125095503921,0.8468474847676627,0.871298809842207,0.8582345157301706,115.9100957577924,1.012674850079837,0.7935691644072981,Square
0.9624914024319186,0.8070793624326792,0.9151192915790336,0.9624914024319186,122.06680699073335,0.9992418591528629,0.8298826665349187,Square
0.9219878022279667,0.8046154325713616,0.919567242787544,0.9219878022279667,124.65770363701407,0.9908879926792986,0.8276358755764514,Square
0.8928311502239652,0.8718242713043084,0.877110008537177,0.8781724859225026,117.9894181025085,1.0166922381837822,0.8044923962869234,Square
0.9291518500901842,0.8597215729618989,0.8796630684437773,0.9228211100046926,116.7342788037981,1.0068602029330034,0.7987127981332011,Square
0.9992955899903325,0.8683010775152563,0.8717413288559537,0.9819855828501539,114.9450190686354,1.0176275573109101,0.7958447138779312,Square
0.861711110689508,0.8488999318770721,0.9094509321239674,0.8596915240295735,125.91986772472069,1.00234919922261,0.8143887168588047,Square
0.7923203043097231,0.8511335024844766,0.9008088724516236,0.7885601618811793,119.96443191333425,1.0047683646858012,0.8247954602330501,Square
0.8474930260770098,0.8521962163281117,0.8910260106819011,0.838759734622279,123.36707326765196,1.0104121491462197,0.8154235551341136,Square
0.903016496456646,0.852379963235252,0.9078304748159752,0.8989089106687752,116.54326734946906,1.0045695239407681,0.829879949368164,Square
0.8192023855581086,0.8189573473087629,0.9014379493009773,0.8104546581309982,130.94018883172663,1.0107936049714166,0.8159328742129566,Square
0.882802571810505,0.8349801908426987,0.9302734917067459,0.882802571810505,116.9644655402022,0.9964014042069649,0.8537793572525579,Square
0.8528327389227346,0.830817952109762,0.8901503131019562,0.8452518732517516,125.68568106341134,1.0089687653004766,0.8056064037493934,Square
0.9128415636476539,0.8486967880682522,0.8709243656710245,0.8983511262883257,122.71478166110359,1.0161300375045976,0.7845931931765531,Square
0.98005070837943,0.8091469184382707,0.9615347582967045,0.98005070837943,120.63069716129414,0.9830146765910978,0.8885061711502966,Square
0.8696430973732918,0.8190287127409982,0.9141375291878858,0.8673496316421729,122.03497857492549,1.0026442228686678,0.8383360754161524,Square
2.0093922923122087,0.8191317360437299,0.9243230649851172,2.0093922923122087,72.00422728878715,0.9949913118821453,0.8337994904048287,Square
0.9049056410367275,0.8415230416038663,0.9324615077474805,0.9049056410367275,116.98974618012434,0.9929241397590138,0.8589163935982753,Square
0.8776638165360819,0.8205171335182854,0.9197024869191025,0.8776638165360819,133.1618961642623,0.9979478207776359,0.8376748535720817,Square
0.7775585230138107,0.8311723162318019,0.8960718341727434,0.7721291167167885,127.19855486143719,1.0070317336562944,0.8138190550071221,Square
0.7795833235591538,0.8198634008037476,0.8902740266472086,0.7763029118854834,134.48802513467714,1.0042256851332723,0.8109753356676102,Square
0.8228571821350674,0.8446564947262583,0.8905644416342369,0.8211846074193867,135.8901230579367,1.0020367828385592,0.8202367785997405,Square
0.8588404365835384,0.8145772605337257,0.9096895935473323,0.8545575445961615,127.97424675900834,1.0050118239719021,0.8275807161286002,Square
0.8626681622675615,0.8177595178810155,0.9300257479861103,0.8626681622675615,136.16500015855084,0.9961211049347514,0.8498720897270765,Square
0.8213180523545939,0.8359197784747366,0.881830845605343,0.817163425241532,124.50757948425358,1.0050842059063447,0.8018407217968845,Square
0.940832615766956,0.8629625219687996,0.8931221264707396,0.9306079541177732,116.93938633429504,1.0109870774303407,0.8108622733550666,Square
0.8667369620678151,0.8337666137395814,0.9331873102727779,0.8667369620678151,120.3850088625762,0.9934779351851314,0.8453394526303513,Square
0.8806284411882712,0.8386406515042649,0.9130632290774344,0.8806284411882712,121.0825621977143,0.9961890507542517,0.8290825110161746,Square
1.1465926813826053,0.8411927979080992,0.8907432506305767,1.1364748401738927,106.00809408672609,1.0089028290385773,0.8073681543193528,Square
0.9639920609589828,0.8552479696903881,0.8886187154005172,0.9612770482554291,115.40805723218887,1.0028243810756545,0.8100876752488089,Square
0.936701269777393,0.8384737767923017,0.9088703312124886,0.9286202804794198,118.38782838881255,1.0087021460416534,0.8278512326259373,Square
0.8538478336519963,0.8206878515812446,0.8930688892524016,0.8503908444345085,123.9587056143551,1.004065176900848,0.8000335660439707,Square
0.8670801833162481,0.8519372824960414,0.912645737787605,0.8648214808537139,121.9176682623466,1.002611755735189,0.8287665128757441,Square
0.865098549349343,0.8447425254875683,0.9326196803186401,0.8635680035641945,118.1467025923494,1.0017723511973944,0.8524680168427937,Square
0.9152922398716545,0.8284798226611076,0.8997967400819569,0.9100197888188712,112.98026507726921,1.005793776264609,0.8195678544723402,Square
0.9876441871423334,0.8368979605656373,0.8915246504339952,0.9792374095838974,113.34673385987385,1.0085850249144466,0.8052596986097608,Square
0.8463621365204929,0.8575030255919893,0.8690817553145994,0.832976214935367,129.79428768496328,1.0160699925701533,0.7910921744592609,Square
0.8804224598825746,0.851058087145528,0.8800408270684734,0.8686065638134993,130.39248487755486,1.0136032774346067,0.8006660122199561,Square
0.8607395964276676,0.851062741606016,0.894925458549398,0.8549905142826454,130.2841852761304,1.0067241472846584,0.8144737622128364,Square
0.9292323787504089,0.8420035556811388,0.9012040479715735,0.9180191860542993,123.46653958195884,1.0122145515763177,0.8290209648793682,Square
0.8949850413111126,0.8287661445147746,0.9034331339012037,0.8897019728576971,122.11054518690523,1.0059380203872612,0.8134101001298211,Square
0.9979522111765787,0.8334709013774647,0.8962672035648586,0.9938759092367639,106.71532880712206,1.0041014194045061,0.8079921905363657,Square
0.9804269388431864,0.8306907289515966,0.8825327252049479,0.9733953791044975,112.78108256186731,1.0072237447286403,0.8002619918885309,Square
0.8483946104769619,0.8048698366580448,0.9082313229314727,0.8417441816186632,133.93894431893335,1.0079007719964397,0.8245764451577573,Square
0.8826390578735157,0.8512728382393079,0.898867886855728,0.8753013123686637,124.60403725755572,1.0083831080807992,0.8184222036721049,Square
0.8907742368514964,0.8286774042664103,0.8938074120632802,0.8900115843826265,125.44497227790217,1.0008569017328004,0.8140740415690588,Square
1.1580384670644026,0.8004162964956877,0.9029252761766472,1.1580384670644026,115.6804737297375,0.9971770201464264,0.8187800588628233,Square
0.8206284836865533,0.8338041696906366,0.9071026933547152,0.8206284836865533,119.99164693413849,0.9973463027327626,0.8121608554652493,Square
0.9855089573434176,0.8356905590109424,0.918137331498242,0.9855089573434176,107.52670924966776,0.998759670222986,0.8335315370400742,Square
0.9533078728887416,0.8237456938341372,0.9001935901358983,0.9493705981972325,113.47346177514075,1.0041472473436461,0.8242147354188001,Square
0.8494919818857047,0.8744584073978809,0.8786839848378017,0.8337504523306347,123.58279892318507,1.0188803850253594,0.7913385323034333,Square
0.7809785056323989,0.8141173284183277,0.8961584939895411,0.7790512009487651,122.4534947740891,1.0024739127303657,0.8092773008017117,Square
0.966430923070623,0.8739634851209842,0.8930914974523388,0.9546051617371453,115.89942508445615,1.0123881179439234,0.8143282920941145,Square
0.9789428958914528,0.8194932258381024,0.921330348569805,0.9732166098486679,126.68768871941941,1.0058838761945044,0.8439307030426592,Square
0.9228986012253116,0.8456728613104304,0.8760401702148289,0.9065341295736788,120.1667819235475,1.0180516884227278,0.7940090868415545,Square
0.979102183712708,0.8474579794699383,0.9016653744111718,0.9727895287953544,111.81242841527981,1.0064892299212664,0.8219588242510704,Square
0.9350019117018056,0.8443381480689323,0.9036749101495242,0.924728585131294,126.00912746027252,1.011109558778323,0.8316395984356564,Square
0.8795411466814755,0.832748454977702,0.9080732838283684,0.8795411466814755,119.06062149206389,0.9948672681919508,0.8252005840835743,Square
0.9797827739640487,0.7980311829866051,0.9271163226795982,0.9797827739640487,120.83167729042785,0.9963772215906912,0.8400602013695716,Square
0.840414212984235,0.8265060558224075,0.9283557047764904,0.8373459762017755,122.29009299826295,1.003664240194211,0.835375393321073,Square
0.9235083952035384,0.7972338316447048,0.9222342795626813,0.9235083952035384,124.5169159099526,0.9952950264329163,0.8315983735378268,Square
1.1326444746745306,0.815531578874065,0.9171759409052482,1.128651033359944,103.25235765814409,1.0035382427309691,0.8298687491871264,Square
0.9614156346706066,0.8253185298218524,0.9254351142980938,0.9614156346706066,115.63650021676382,0.9994348802412772,0.8319007191386759,Square
1.1739084450723107,0.8207851711020876,0.9302281962262333,1.1685977272697992,106.60305438848073,1.0045445217619233,0.8372021799441236,Square
0.844563885239446,0.847181267415693,0.8747557222972836,0.8359122124397412,116.4747588447491,1.0103499777500002,0.7934809748782048,Square
0.9323913445617767,0.8455196435086704,0.8759322840686693,0.9220919520615711,117.83224359901945,1.0111695937451561,0.7914501579385383,Square
0.9666111027102612,0.8466639784673445,0.8901449705096985,0.9533758745779916,121.93583588546899,1.0138824869447511,0.8162954256663364,Square
1.1020151127802695,0.8467064917838972,0.8941314596376735,1.0890070111683283,103.79043540334192,1.0119449199853963,0.8101386990872,Square
0.9243987018654661,0.8445418792108408,0.8975145905978612,0.9213006828572521,119.78717819313331,1.003362657887766,0.8168703232234417,Square
0.8667008232470792,0.8393205363987024,0.9089499042186312,0.8643884321123266,127.733363098224,1.0026751759380927,0.8321560693835295,Square
0.9296039485631722,0.8555164139469099,0.8705157166343263,0.9173316481361447,114.40612170243122,1.013378259053814,0.7843656076382947,Square
0.9056245446587994,0.8546532180289733,0.9126626386208911,0.9056245446587994,122.91602359994361,0.9993581345303598,0.8266983861241167,Square
0.9128017787385767,0.8466306426819425,0.8907072613025567,0.9063473283419613,119.19141944777279,1.007121387347633,0.8118740803114128,Square
0.8045426099540917,0.8429170527086817,0.8875100992320799,0.7999726058087119,125.86744324437377,1.0057127008002478,0.8016891030831949,Square
0.7725614671200994,0.8403794347405232,0.896125146620472,0.767978712683945,134.65222970777765,1.0059672935726804,0.8228020374322814,Square
0.9072853971212813,0.8447028952059075,0.9154325750018641,0.9072853971212813,117.83317592937078,0.9966042943651311,0.8321811716531313,Square
0.9059575689173437,0.8404280620048996,0.9179318145690623,0.9058217511818449,121.12353679722088,1.000149938699663,0.8459183037692917,Square
1.0201096287404472,0.8451769981853566,0.9033771979104743,1.0184430019510085,110.81006897533982,1.0016364458160605,0.8259686762934156,Square
0.9519950970778859,0.8266684892377131,0.9277934747308964,0.9519950970778859,117.51889434125721,0.9976247361748158,0.8458956918824141,Square
1.1131443710164663,0.8464904492339044,0.8770277371887244,1.0971904611232772,108.04046820561598,1.014540693214609,0.7914951521502637,Square
0.8765698830684543,0.8534801674196685,0.8644341116818486,0.8632668055375201,116.37099187130259,1.015410157607822,0.7782187268676531,Square
1.340217938881703,0.8449634262271682,0.8903069686298276,1.3262942699589133,96.28603131652903,1.0104981746797574,0.8140867493835868,Square
0.8656893417914584,0.8278564150182355,0.8817544762826403,0.8621307524473257,121.54394233633194,1.0041276677975248,0.8006999661579287,Square
0.8983660464023796,0.8258147001180716,0.8925373322581751,0.8937253380646359,125.69816814993595,1.0051925442192262,0.8061900327333504,Square
0.9036627633458346,0.84612025003568,0.9094497351093773,0.897524501979356,119.61774066243314,1.006839101721392,0.8245373847640624,Square
1.1000813879476101,0.8390391735073682,0.9162454335185847,1.0991637162107943,123.03262575904263,1.000834881758997,0.8406921456868897,Square
0.8500923430417423,0.8241571195297795,0.9201846110701006,0.8486423706653838,135.0339262663056,1.0017085788153868,0.8437414087158728,Square
0.910539369396517,0.8426314370480231,0.9059594613418265,0.9084446018989604,119.56821014869911,1.0023058835873733,0.8320731594972618,Square
0.8525224371975625,0.8244675775678486,0.9057118663145715,0.8509626982024863,129.4233705850514,1.0018329111233324,0.8258086608591372,Square
0.8456866295472409,0.8586499697263316,0.8891732603257073,0.8347729257431437,123.43159227546325,1.0130738593305257,0.8049799595260881,Square
0.8577377452094602,0.8446639298298567,0.8826329187692432,0.8486040888488167,123.79168712274678,1.0107631538436657,0.7961639098123192,Square
0.8628725551656515,0.8772163053833296,0.879835221204014,0.8472930408946103,121.02761757657468,1.0183873978884466,0.7888971714356271,Square
0.8778716177220933,0.849995066400734,0.909357937598414,0.8678394942129156,120.23228665732721,1.0115598835684199,0.8361227505608553,Square
0.9069648834087347,0.8584038317722408,0.883990750810923,0.8946106489022259,116.46776192849234,1.0138096215618142,0.7931721740996834,Square
0.9501846907407693,0.8530977124644141,0.8825023687192695,0.9361117407345361,115.72317440126947,1.0150334082928931,0.803150928764052,Square
0.8033202516348888,0.8585687246233439,0.9063426846514773,0.7955649040749179,132.9910526405353,1.009748227354233,0.8319186293036176,Square
0.8682812746896847,0.8462751132673992,0.8894324112978197,0.8592362093019167,121.5369812592081,1.0105268671057481,0.8121061498401536,Square
0.8980871704063328,0.8589562565562925,0.8756651895098211,0.882552466952323,120.93673704367151,1.0176020169176514,0.7869517423797231,Square
0.8318456095410923,0.832774964715142,0.9016703612157757,0.8259377997442002,124.1106756850416,1.0071528507337015,0.8158959705243656,Square
0.8357829479011895,0.8513191892881133,0.9032233944251989,0.8224653293796335,120.02186622359545,1.016192316011182,0.8225163950264608,Square
0.8698488294941277,0.8589807049889173,0.8938466265256484,0.8602395713990902,120.66246740578228,1.011170444158258,0.8113836439842261,Square
0.9397336459348811,0.8668024970462639,0.8998188957306564,0.9343921537382908,120.38987686228961,1.005716542219688,0.8102670824969459,Square
0.8380726910379797,0.8581581488376264,0.8904511562861647,0.8259649544060149,124.50167032338148,1.0146588987430731,0.8132520989999196,Square
0.9129194648803258,0.8752181112963588,0.8927485977705639,0.8980147319577599,118.87859831561923,1.0165974258463133,0.8115331742247377,Square
0.8263294179546192,0.8436211914693309,0.8903507954459494,0.8135535202311215,126.48969342378004,1.0157038196084116,0.8143657107682989,Square
0.9708572445491639,0.8133349954229766,0.8924144677378888,0.9609718972182327,111.65102990432975,1.0102868224966273,0.808196960636625,Square
0.8374515114101763,0.829448584834021,0.8910855084806022,0.8318315122353255,119.35105910667893,1.0067561748890093,0.806371468342595,Square
0.891171447943001,0.8727613455004412,0.8745473154216231,0.872056550694681,124.73987551105037,1.0219193322188715,0.7963518229900771,Square
0.7742749245602865,0.8543560208598165,0.8939293701215024,0.7668251019153719,134.25108445434236,1.0097151522900156,0.8114163688685505,Square
0.8630972852508392,0.8415812411765693,0.8901447271607598,0.855425720653713,125.30275867366329,1.0089681247733158,0.8172948967528857,Square
0.8034570459492841,0.8259010181550205,0.8752901309768822,0.7951109923080296,118.93535811407497,1.0104967152032798,0.7905726073706599,Square
1.0682296651057075,0.8427228465834491,0.8965228552469625,1.0561986349092356,109.26999108708158,1.0113908783810404,0.8149844477195531,Square
0.8740719368131679,0.8242061098380925,0.9174914830620312,0.8740719368131679,130.30258340919846,0.9959683150212824,0.8354030471957471,Square
1.0350572557810196,0.8261119509236443,0.9087905286575666,1.031313275590047,112.41397956252746,1.0036303034970928,0.8211118475437612,Square
0.8919179175793879,0.8298422758819601,0.9291997551264437,0.8914601351378934,124.93113315524396,1.000513519812553,0.8455132201369658,Square
0.950151047674202,0.8264572764048811,0.9052844184802872,0.9438815950253168,117.54972976341408,1.0066422024562487,0.8140086046199073,Square
0.8098756497613601,0.8404211107428488,0.8864461797708625,0.803867410046492,131.78980083422164,1.00747416755522,0.8113534969197255,Square
1.1364585264157032,0.8374436392684359,0.9186512982654763,1.1364585264157032,106.34120649362937,0.9994775518358359,0.8267636693819772,Square
0.9058987173721775,0.8207347703628441,0.932645927243237,0.9058987173721775,125.47470128441489,0.995514203104699,0.8476277322282377,Square
0.905628445595099,0.8106827113529,0.9086160038380998,0.9020929538235736,127.77546131194258,1.00391921005096,0.8236810159094511,Square
0.8822970327862185,0.8200811934659089,0.9156455755299386,0.8822970327862185,129.60836037236052,0.995947358128594,0.8340546196061039,Square
1.0578628102967575,0.8053957945409834,0.8997556955284646,1.0555258814967887,108.93383719996321,1.0022139947877498,0.8119696498734869,Square
1.1992194717004343,0.8473617461034102,0.8939892444428538,1.1894272666796883,99.15114515782464,1.0082327060216814,0.8096441264375694,Square
1.1868183456258328,0.8556133062323191,0.878510301854131,1.1652202911854233,104.84687251157573,1.0185355976065582,0.7906487532917843,Square
0.852088349799689,0.8654155618574562,0.8775457679365827,0.8373110397099967,120.29455605487912,1.0176485312970558,0.8044944223169131,Square
0.9085647746629616,0.8305041396574087,0.9176764004937461,0.9085647746629616,131.3626846258225,0.9950227280089357,0.8387051029249619,Square
0.7669072284585828,0.8145625100994786,0.8929500223506628,0.7669072284585828,125.66884357667762,0.9989114015163005,0.8026367141778211,Square
0.8593380552607727,0.8302066606786618,0.8680374926767166,0.8501687182978633,124.54181080462985,1.0107853144506038,0.7894509506256955,Square
0.9035078719485429,0.8515192258998767,0.8942146737274651,0.8970245538464362,118.68599379106755,1.0072275815353173,0.8218032202585781,Square
0.9586785046554693,0.8487358566326876,0.8980837648223998,0.9419362323402641,114.58097984494898,1.017774316074039,0.8246640395708668,Square
0.8551375087645451,0.8386144084523821,0.8939610932101433,0.8507015587874471,122.93425758561057,1.005214460854428,0.8163657446678753,Square
0.8774047401192113,0.8381031199495697,0.8789875222545552,0.8679722172949978,114.7108034969009,1.0108673096169016,0.8009777881919494,Square
0.8694091173662942,0.8478145195225913,0.8815180748389974,0.8551120631411868,115.7263176957129,1.0167195094553902,0.7957396122211609,Square
0.8679507133551556,0.8661060257154978,0.8688566071160972,0.8558266065643957,115.95204774609988,1.014166545767291,0.7893398040479563,Square
0.8793633996379536,0.8420070640435652,0.8953752505271412,0.8704774167302036,119.06300082925522,1.0102081716733429,0.824894348134979,Square
0.8652434152135354,0.8476247802445626,0.8800751242093678,0.8510356375094354,123.1010732377052,1.0166946918294506,0.7990017481135377,Square
0.9091044085854147,0.8551764350005487,0.8859077268895439,0.8924015944106707,119.95188547778487,1.0187167014036707,0.8167973301426773,Square
0.924428028810581,0.8450283150153862,0.8885246442874178,0.9182429319817722,115.97181674067458,1.0067357957392167,0.8157460615625703,Square
0.897307549282015,0.8632491893786136,0.9030151194351238,0.8927601817096387,117.57293395458866,1.005093604828643,0.8169983264521335,Square
0.8671715932286286,0.8259387166106996,0.9084890995600389,0.8649885072126824,130.89105796127234,1.002523832395162,0.8340655024579482,Square
0.8436675534887934,0.850175825949612,0.896774301555909,0.8360511899117506,121.30211013939036,1.0091099249291742,0.8309013867578361,Square
0.8613768168463521,0.8686435432419675,0.8840907745386632,0.8462849577928708,120.04002402581787,1.017833070190496,0.808066825879249,Square
1.0081992488342024,0.8735374025766385,0.8856070736184017,0.9978839364396997,107.52187066105522,1.0103371865382524,0.8034444084433082,Square
0.8582918291950045,0.8077607562097734,0.873208485060506,0.8524173695977983,121.79115234368912,1.0068915296739882,0.7864903900704443,Square
0.9039333331033994,0.8394737380204749,0.9063903091447156,0.9028080246728368,120.78949222986593,1.0012464537308143,0.8237706335314181,Square
1.138885549641774,0.8608507876309587,0.8942402176640394,1.1245669871709572,100.86639978929468,1.0127325118326989,0.8162305708729207,Square
0.9351833777827133,0.8475222895808696,0.8798125628135116,0.9163116787824295,115.30744757464664,1.020595283719793,0.7929494324526727,Square
0.9098908943334361,0.8351666277057768,0.9350672178745008,0.9057110237562617,118.12109548435134,1.0046150156810936,0.8693378180395596,Square
0.8971535166321418,0.8599370333597965,0.8735130201231806,0.8794776133033669,116.65506967941224,1.0200981844920227,0.7914872115209275,Square
0.835752602136084,0.8432547189056177,0.88509197399689,0.8262761798345134,122.28256459321858,1.0114688315273332,0.79609664696886,Square
0.8615485774987733,0.8128060214581618,0.9418063054126975,0.8615485774987733,129.5725237535083,0.9888471647325586,0.8480605240513931,Square
0.7719900264745064,0.8292903557352297,0.9262039120585553,0.7716266968691087,130.42779985656958,1.0004708618906941,0.8400234818721968,Square
0.8212263240803442,0.8356795841851535,0.9062746403590026,0.8212263240803442,123.39934732113429,0.997564725836438,0.8256494775537482,Square
0.9003985199114523,0.8287087110166569,0.9228201599306567,0.9003985199114523,118.95889569842936,0.9977288849212967,0.8555992034906733,Square
0.824324991439377,0.8251465499772922,0.9008983484172214,0.8186891105671772,127.08527316021024,1.006884030579441,0.8196161375166313,Square
0.8441244258308938,0.8112831079329379,0.9201641725204087,0.8441244258308938,138.35271249890053,0.9949258929762853,0.843666750453322,Square
0.8512907542701177,0.8466392301829141,0.9015595832357504,0.8428480590379007,114.2997681632936,1.0100168650110606,0.8184077881868637,Square
0.9056644548779426,0.8357179452388995,0.9113590131848063,0.9056644548779426,122.37273709676045,0.9985073849233164,0.8288669625956065,Square
0.9083845168649403,0.835628537091712,0.9066902635505029,0.9083845168649403,120.83024350231685,0.9996485078376921,0.8227583008987287,Square
0.8911481483846159,0.8101063897057449,0.9143296157317425,0.8910481847095365,123.02292034766542,1.0001121866098768,0.825086758015525,Square
0.828747953331195,0.822823514332794,0.9241131773233376,0.828747953331195,127.97683856608951,0.9896834875867104,0.8457065497362971,Square
0.9039503435629411,0.841606752377167,0.910446033116477,0.9004786838042482,126.53940519216131,1.0038553491838653,0.8296498186921604,Square
0.8788564949979896,0.8550898200228163,0.873100785632373,0.8643837275905168,120.88458757981141,1.0167434519479166,0.7978918459255888,Square
0.8503364860775441,0.8479069116347052,0.8923878617097096,0.8383700023361779,120.00312914495434,1.0142735113470434,0.8179632505015725,Square
1.0238613331301558,0.8227404771321564,0.9101678128956563,1.0234888563480367,114.73249477555315,1.0003639285174517,0.8303757590137798,Square
0.9667331102783727,0.8313769245081262,0.9257630566998807,0.9667331102783727,124.07614347523287,0.9947427275250096,0.8454079498659495,Square
0.8622217775218701,0.8372149279741921,0.919886679729004,0.8554280983789849,123.46435887284194,1.0079418470772226,0.8455935201716599,Square
0.8695851468765685,0.8267812151322759,0.913415662087561,0.8695851468765685,125.57560249737676,0.9962458568842778,0.8264193235497962,Square
0.8794255848695022,0.8516111195343822,0.8868589217235506,0.8709741934725082,125.70270213316871,1.009703377505709,0.8000000116477783,Square
0.876572501479072,0.8355837004241146,0.8949770200261173,0.8691053636802734,125.89128926395274,1.0085917520600478,0.8050731342897189,Square
1.007560411390253,0.8278089032744059,0.9118419354649204,1.007560411390253,114.7476671804876,0.9978283172842063,0.8238914921113754,Square
0.9092448835372557,0.8469426049157763,0.9021600648032316,0.8996004453441659,118.04981608751586,1.0107208019326848,0.8175411292382051,Square
1.1554342765130894,0.8222735835696834,0.8950225243721415,1.1475953706760378,106.48765706189461,1.0068307227768214,0.8066350877790538,Square
0.9135340224148886,0.8330136613487015,0.909643141253783,0.9079351061474772,119.62005636526865,1.0061666480671383,0.8305637764948326,Square
0.832056133933396,0.8145320662130375,0.9197630058125275,0.832056133933396,128.43206766454352,0.9960412151608982,0.831326058250886,Square
0.8907675138793506,0.8613699931425473,0.8832480276592087,0.8749585963248507,116.79407232706541,1.0180681893073604,0.7975942082541863,Square
0.9043825629816166,0.8304737681385324,0.921150730778838,0.9020588502974798,122.81836848198736,1.002576010072259,0.8424214122822585,Square
0.9179418239900481,0.8541304365509695,0.9302965399756365,0.9148566232727068,121.7687038646255,1.003372332493265,0.8563842186988866,Square
0.8296306648671857,0.8350058167967483,0.8913992750680817,0.8187039632637788,119.02147139727916,1.013346340183633,0.8142788675979988,Square
0.8468919304678564,0.8494366244498558,0.8783649157448149,0.8366401210885961,116.60392242450075,1.0122535473985173,0.7925641481566242,Square
0.9288487293379023,0.8490700577571004,0.8892855387608253,0.9150085783352551,124.14970371938021,1.0151257062833527,0.8051461474507422,Square
1.008558537837418,0.8220728296685961,0.9258207909556205,1.0063613003889802,118.31283497116452,1.0021833485126945,0.8448305854061119,Square
0.8745338702658594,0.8478795003481827,0.9089939794043871,0.8704811394092566,118.89318122303496,1.004655736549735,0.8243071147712902,Square
0.8835130814950976,0.8220060192416465,0.9275947903753129,0.8835130814950976,123.92932111819293,0.9969881295470546,0.8444064383539973,Square
0.8400768245003242,0.8332976071158426,0.9136807609724922,0.8391402398452367,129.63638285592947,1.0011161241120556,0.8334312126658807,Square
1.0460464565443,0.8124809332488327,0.9275582990099096,1.0460464565443,120.60602103890915,0.9981371815791026,0.8448110947083135,Square
0.8297600533063312,0.850779358418645,0.9115933381448582,0.8243852135188762,121.94030077739978,1.006519815857095,0.8360628879228303,Square
0.9332806745580593,0.8212481852210586,0.9223444120633947,0.9332806745580593,125.6000589974339,0.9999280779222762,0.8460050268125912,Square
0.8254181357792609,0.8093451495154933,0.9083682211731856,0.8193147242831639,124.01475056148973,1.0074494102390714,0.8145237811041642,Square
0.9805980142919183,0.8365687934357934,0.8816886695563854,0.9736736489377856,114.13596782138288,1.0071115875033556,0.7887318284963059,Square
0.9042325457479202,0.870394198813769,0.8863613416676298,0.8875212092751061,119.81437873921519,1.0188292249223692,0.8053527751251608,Square
1.0948096017751454,0.8491875662680893,0.9008008345111306,1.0796128810175383,106.06910172515785,1.0140760832190925,0.8180309665534705,Square
1.0104209087927574,0.8515132500951214,0.8922082873337264,1.000001728819928,118.65598244936247,1.0104191619599743,0.812442979046407,Square
1.0239576824661105,0.8555369680120477,0.8939849141784707,1.013657098159802,118.20417516796783,1.010161803557641,0.8139425258428605,Square
0.8788292068498478,0.8181186572195642,0.9075769628733388,0.8744733495130459,117.84504392709023,1.0049811207388166,0.8251769043929653,Square
0.9932018234737846,0.8176041926678356,0.9297758571601741,0.9932018234737846,117.4369743055958,0.9875339312567146,0.8434187452656733,Square
0.8309395102523892,0.8432926955512833,0.9015005219402236,0.8309395102523892,118.3482531725396,0.9999683910364364,0.8137050883364071,Square
1.2453630369653401,0.8634890183382797,0.9085502720425025,1.2453630369653401,108.28887701661391,0.9995257346568036,0.8240985415729478,Square
0.9062877940733765,0.8761697814544567,0.8947124309566532,0.8992517252775066,124.80481430670837,1.00782435951813,0.8158399040816672,Square
0.8348395774837287,0.8105347100578516,0.9362484643685404,0.8348395774837287,128.79926647965016,0.9917598133357551,0.8531976879669494,Square
0.8783959889061902,0.8309606975955751,0.8923228020662018,0.8713075485361315,126.09857361547412,1.008135405669293,0.8080329821456598,Square
0.8907711400595656,0.8188270056396607,0.9157352427340847,0.8844585747792068,126.27783249084145,1.0071372085254922,0.829866377108989,Square
0.9447251941038387,0.8532119268313583,0.9079168681180675,0.9447251941038387,113.23612469028654,0.9974896550159972,0.8271139803455808,Square
0.9060129762763556,0.817782435053552,0.910087981304333,0.9041512156568586,118.16177808087431,1.002059125273801,0.8303136212020621,Square
0.7777960867700765,0.8205590030327979,0.907587818977802,0.7714684367565725,126.76971681448843,1.0082020854153242,0.8323394195433979,Square
0.8589464262150676,0.830290365401037,0.9197995114596383,0.8532663635440291,121.93241652020738,1.0066568458733642,0.8329095886978872,Square
0.8265959612448283,0.8084445071584936,0.9129928206804442,0.8241954575046101,121.79113239282746,1.00291254182289,0.8293536914090117,Square
0.885503238964764,0.8006553326954946,0.9085201405511467,0.8812211217124708,119.36066979736906,1.0048592993821708,0.8258010013654166,Square
0.8591246037174983,0.8406149373404976,0.8926941838299264,0.8441382438299392,119.77320698948263,1.017753442634662,0.8132184586798218,Square
0.8349838214666541,0.828377263553118,0.8973096911499682,0.8252506604738665,119.1663892308906,1.0117941874620235,0.8197948771000199,Square
0.944704718167749,0.825956112320154,0.8903919229343529,0.9295306983181172,120.13477764246919,1.016324388077863,0.8066717628948562,Square
1.0587225082237777,0.8586005465035959,0.8877594713334689,1.0476424323461275,109.68922950642916,1.0105761999853682,0.8057741648186296,Square
0.8865867768407172,0.8048319593660572,0.9032367711721438,0.882294698272515,119.99325353170507,1.0048646768212546,0.8254592569021109,Square
0.8290812456528841,0.7978988627999574,0.9077097746585073,0.8290812456528841,125.396012825402,0.999255163402653,0.8170122926397392,Square
1.0060198070256667,0.835318428329615,0.8992857263931606,0.9920752543571234,116.03714389773772,1.0140559424371285,0.8193636127343912,Square
1.4223677110641473,0.8480303248098855,0.8933793263335414,1.3984764384040427,87.4512959058842,1.0170837863291924,0.8133673034649198,Square
0.9255708629199254,0.8456588887813938,0.904553524398532,0.9119324027427387,111.45574258991542,1.0149555604518137,0.8222237517522911,Square
1.6739461318261193,0.8201544984163001,0.901440218818592,1.6662364323144798,91.66300220530655,1.004627014127239,0.818634646767766,Square
0.8383984552942668,0.8492010196932221,0.9122792884878994,0.8349120166848317,127.20503880210495,1.004175815582675,0.8292110082934622,Square
0.8150477617185684,0.8566335384886931,0.8999299545362863,0.8078369966231446,124.72843878826853,1.008926014933168,0.828765719844166,Square
0.8915139456794551,0.8308644409386324,0.8960550903064298,0.876619204317897,121.69012398688965,1.0169911191634773,0.8091805440251909,Square
0.9741092347527867,0.848110619589686,0.893771124863025,0.964965493727028,110.63923124267886,1.0094757181320986,0.810679538823492,Square
0.8353195659265513,0.8193491789053529,0.9065100211505646,0.8322411723059896,129.97151617188425,1.0036989201243578,0.8249857586983013,Square
0.989509850446981,0.8443725108663704,0.890826879589713,0.9780318615116702,116.26414466761985,1.0117358026737189,0.8165926080888811,Square
0.9719931023703169,0.8447209774749297,0.8839918416270133,0.9614724469967777,113.15163995305284,1.0109422328288253,0.8002185128022778,Square
1.0235595650094405,0.8551480210711512,0.8813271320303822,1.0106263320129167,111.5990292558283,1.0127972452199656,0.7948323341588662,Square
0.843752162578536,0.8435447974915922,0.902914785078604,0.8390308950699316,122.59249266982549,1.0056270484631094,0.8133822861949915,Square
0.860963431930094,0.8275465339466858,0.9021601255592084,0.8566916269442546,119.07627411015507,1.004986397498802,0.8110617095242225,Square
0.7971513899615635,0.847529401836406,0.9095584011018463,0.7927494422936164,129.11326750145247,1.0055527603465872,0.8246958484100166,Square
0.8841511063891693,0.8311501029205673,0.8807951512959273,0.8721591444283984,122.90886777698663,1.0137497405575335,0.7957789113860086,Square
0.8685295427775036,0.8520552829725071,0.9013887992197286,0.8610153896074823,121.44981507116522,1.0087270834653106,0.8144125880586702,Square
0.9823913732798187,0.8213245832989872,0.9121305789740307,0.9823913732798187,109.91347409381228,0.9973302283012002,0.8262573240211009,Square
0.7931047004141195,0.8190457713377489,0.921513149691848,0.7931047004141195,137.6312178063703,0.9898543001488523,0.8418298320312649,Square
0.8271631047092074,0.8375550306619847,0.9172029047662933,0.8271631047092074,124.31108305083896,0.9951545406880358,0.8349057483209457,Square
0.7879792012337357,0.8363303792118661,0.8971909859905794,0.7827883530837446,132.6473999904157,1.0066312281340697,0.8137609479192599,Square
0.7869937277939029,0.8265730494283886,0.9330860139269344,0.7869937277939029,136.30864561424346,0.9912927661615435,0.857300928149667,Square
0.9066498638011998,0.8535372581204426,0.9057292550964198,0.8992044778422095,121.02072696298754,1.00827996984274,0.8233885842116964,Square
0.8720634804626127,0.8516855197902226,0.9057625720257962,0.866335327604916,122.23504184121192,1.0066119349808034,0.8258931903525109,Square
0.8148227024864887,0.8294377936130007,0.9005236141955513,0.8134896563868587,121.35091672289163,1.0016386761517668,0.811719220441362,Square
0.7918922153489684,0.8262128475836041,0.9050960332481275,0.7881035877332907,134.40132797639143,1.0048072711184761,0.8214853271440992,Square
0.8325093985168562,0.8549550394523977,0.8970573098502019,0.8191670662475641,120.95036171336166,1.0162876814987334,0.8161184058353866,Square
1.0183383800873822,0.8275869843515874,0.9122311500331685,1.012821279828586,119.29748223898497,1.0054472594214547,0.8375787379632296,Square
0.9030730369596985,0.8421621524993901,0.9361261771729988,0.9030730369596985,120.55889685556055,0.9981655381395689,0.860694746052305,Square
0.7755128911347137,0.8361793108945613,0.8886415541401462,0.7688934477692861,135.44971676803627,1.008609051598283,0.8082543841325316,Square
0.817373070300978,0.8427037273351939,0.8949984479266143,0.8076833889042947,131.19949666569207,1.0119968808691588,0.8168584164631979,Square
0.7681929497653912,0.8605332775364392,0.886275034149567,0.7578137134871591,121.44517291944625,1.013696289857927,0.7974912553039257,Square
0.8545523079769163,0.8457608815308529,0.8941390220774343,0.8497736185342397,121.31773868449685,1.005623485288846,0.8147522535551528,Square
0.8125801525911722,0.8568547275790026,0.8894009306778646,0.8021678891551219,125.0373641223787,1.0129801548738344,0.806850950561367,Square
0.9508336404132796,0.8040787039961602,0.9375564747758749,0.9508336404132796,119.38066907966784,0.9965279617540732,0.8537446467207245,Square
0.8530996924984068,0.8393282081899165,0.8891435968614247,0.8427698609329547,125.58217007889776,1.0122570016374541,0.8093215270836888,Square
0.9779053766879184,0.8127822004173201,0.9258856151393343,0.9779053766879184,115.96805140800102,0.9866804711883888,0.845686286014527,Square
0.8549889722040134,0.8569979022144255,0.8916523732822714,0.8481993417374263,118.60218160998151,1.0080047580002591,0.8233893719599996,Square
0.9395275055340634,0.8524330544320172,0.9100802592441329,0.9354192169209556,131.76941610457376,1.0043919224009858,0.8368351046435827,Square
0.8902749092966492,0.8223451967826836,0.8965699961194981,0.8878682451964133,127.36456818748015,1.0027106095000655,0.8064820994117541,Square
0.9308251505628646,0.8269964764259364,0.9067930471408211,0.9301203943429532,118.84250485879528,1.0007577042974198,0.8378996534391671,Square
0.903449490882051,0.8155042718820675,0.8952157687790151,0.903449490882051,118.28035534928414,0.9985724468896299,0.8083463087560653,Square
0.9689043681359111,0.7952442138678907,0.8909926589474794,0.9665740584771093,122.62392955380479,1.0024108961319251,0.8027661140165446,Square
0.8659721480409232,0.8817912004582766,0.8779679186703095,0.847259700298695,124.69677945627764,1.0220858465658538,0.7985845449796198,Square
0.9318716963206897,0.8144933753301464,0.9056092515379747,0.9318716963206897,126.96440929911215,0.999159386310461,0.8243959659181209,Square
0.9173960856385569,0.8421875999830863,0.8966557542986238,0.9102277425017854,121.46572960016775,1.0078753292193328,0.8169741491632918,Square
0.8752764936091626,0.8471977802727143,0.9037919278878154,0.8716051604076559,131.06988550440462,1.004212151749755,0.8236364560101644,Square
0.9170799642457713,0.8137852072598231,0.9268589549486301,0.9170799642457713,120.63938099373486,0.9951655462675811,0.840291025588508,Square
0.8584419976607757,0.828609000541786,0.8958719286341604,0.8554363264770982,120.32100120179322,1.0035136118149852,0.8117251801400928,Square
0.9047620967408421,0.8234060597504311,0.9058034667275711,0.9012026212043741,122.62280863444818,1.0039496950549378,0.8303766656149209,Square
0.9103218040464709,0.8451382510348359,0.9067049924453203,0.9015739814156839,116.18287265844182,1.0097028339449756,0.8243874651011035,Square
0.7451954367377275,0.8631367926474831,0.8766640509382013,0.7301137688542345,128.12837666620482,1.0206565997339847,0.7955362471435099,Square
0.7230856957773214,0.8897345041761225,0.858848377166365,0.7036066087251479,122.60737765838834,1.0276846277602014,0.7720512940785657,Square
0.8672570291010265,0.8151804118442495,0.8640132794586975,0.8558943507491035,120.72302697140564,1.0132757954787037,0.7767068428263438,Square
0.9470955215940511,0.8077160957813437,0.9355511018895533,0.9470955215940511,124.25771716604883,0.9831283097166641,0.8574202650293462,Square
0.9015085059427514,0.8167709902160937,0.9284109353857685,0.8966461729382321,124.42487613728285,1.0054228001538064,0.8471031892092238,Square
0.8083631319047423,0.8463631135791746,0.9068705710625975,0.8075105973777921,129.50798625951262,1.0010557564565947,0.8291320463142158,Square
0.8913489744021371,0.8533494189988721,0.8948792459279477,0.8843845780238615,120.0908460816742,1.007874850547301,0.8040493465269205,Square
1.0102829239799216,0.8445643176985591,0.8882376902446325,1.0078037730501064,116.92338872900248,1.0024599540070307,0.8100759051346618,Square
0.8323290900275946,0.7985763907436065,0.9083928534525259,0.8323290900275946,122.44689340350392,0.9955873832386012,0.8199627555659271,Square
1.0513921454750148,0.8202195365580547,0.9204031610049318,1.0513921454750148,106.65373847361374,0.9929231136807574,0.8339075343399655,Square
0.837529918192039,0.8184885869395339,0.9286235129548348,0.837529918192039,127.79657907337202,0.9915424189039179,0.8443025425634824,Square
0.9510968063105079,0.8203721895775922,0.9343296762039406,0.9510968063105079,115.67662078379475,0.9932488853375325,0.85513820989605,Square
0.919738745369648,0.8260370493447194,0.9019403936969386,0.9187645613984364,120.0491757725232,1.001060319490043,0.821661873667348,Square
1.1192623671141375,0.8332681523401744,0.8872034078234879,1.107505078440584,99.68873265471376,1.0106160133280004,0.7992211835628156,Square
0.9257481743388075,0.862705902896891,0.8869256982025081,0.9140148403863152,120.38691077951842,1.0128371372477203,0.8042660682231739,Square
0.8748690977423789,0.8081006895825935,0.9029100178529382,0.8742929672941449,117.21071027361187,1.0006589672681654,0.8097411981839402,Square
0.9701417543895838,0.8596255900310118,0.8819353558607854,0.9577249806288377,119.4736006211218,1.012964863621489,0.8031112414088196,Square
0.8991083663219258,0.8079731212110041,0.9193148474929851,0.8991083663219258,130.55348744408823,0.9919050066017996,0.8431362231300689,Square
1.3143888253890899,0.8278641892820475,0.9134503735466066,1.3143888253890899,99.67003592848134,0.9927611555575704,0.819573731515551,Square
0.834974076224116,0.8479786714557177,0.8971637879187631,0.8280870882992106,121.19183365249356,1.0083167435191513,0.8167680697377019,Square
0.9633062518587646,0.8608510187695153,0.8994539338867087,0.958363757180728,120.1397873180047,1.0051572220266094,0.8217303931641637,Square
0.8728160436050508,0.8398256826701525,0.909719080611033,0.8728160436050508,127.11704809662797,0.9973300826583155,0.8206784698448939,Square
0.9601197734984845,0.8597463063765798,0.8801707457151611,0.951941338364414,117.90134405738053,1.0085913225999013,0.7993777288263294,Square
1.0687302146925042,0.8702643681671136,0.865375016642367,1.0523651139478174,104.21459207501832,1.0155507822596808,0.7827850743468778,Square
0.868060605118717,0.8420513975496143,0.9167738009831724,0.8621552729217038,117.3831170985116,1.006849499599998,0.8397960601349179,Square
0.8924702058888477,0.8224176382069787,0.9078263486779814,0.887089178602143,121.52331026381509,1.0060659372434055,0.820906446995963,Square
1.018216557698158,0.8380361731442862,0.9343903888589871,1.018216557698158,107.65723797340527,0.9962126016869335,0.8461874082226875,Square
0.9689097904132916,0.8619400620821831,0.8820080373583253,0.9553829411448557,118.44270527523123,1.014158562693433,0.7962450734128036,Square
0.7759572595187828,0.8508641239081185,0.8996363517805873,0.7676960279022492,123.71666206532355,1.0107610712004174,0.8176754111593377,Square
1.000627951232218,0.858890317519997,0.896820352312439,0.9848733956672586,125.01802734683122,1.0159965287256902,0.8223652510175088,Square
0.7973330190240828,0.8315063441314605,0.904914420087007,0.7900273265872759,127.62636970979494,1.0092473920723295,0.8260097365961558,Square
1.0713517283696183,0.8792318630421985,0.8895542893291838,1.055852158901325,109.54128104402764,1.0146796777727116,0.8120663628982069,Square
0.9070753072078152,0.8505233067985885,0.8925368233403037,0.8941479011614597,117.07097350506888,1.014457793872315,0.8139424264891574,Square
1.0841692286912086,0.8382873540305869,0.9194162823007183,1.0841692286912086,108.3434297001439,0.9944876032154877,0.8314443193694219,Square
1.181213366228625,0.8300495618113584,0.9211420822062194,1.181213366228625,100.87593876546187,0.9969843739343982,0.8345989338382543,Square
0.9636814262058594,0.8025853080930164,0.9205242048430508,0.9636814262058594,123.2825222833396,0.9959912740609675,0.8355255422258722,Square
0.9242934571108734,0.8627804077098719,0.8655851989731536,0.9051492102575415,121.26420191487463,1.0211503767957604,0.782308621396736,Square
1.2434196684616974,0.8364235654974389,0.9299400811670188,1.2420104879509903,106.78835431447719,1.001134596305247,0.8521809248473062,Square
1.0138269444566628,0.8295841920177333,0.9166778991405437,1.0138269444566628,119.9928541493461,0.9987031227496607,0.8333643241710313,Square
0.949100766014995,0.8369133735110859,0.9132256473640393,0.9426057990971426,118.85191694854107,1.0068904381068666,0.8322857907168576,Square
0.8610568611329956,0.8163355374315813,0.9141550655077088,0.8580578472449815,117.50986876243425,1.003495118537338,0.8272298217794604,Square
1.2678878330508085,0.8199467478504486,0.9072802105970693,1.2678878330508085,102.91309447776825,0.9997234688090203,0.8205828495510747,Square
0.9442859868815855,0.8218359540981948,0.9434063060282549,0.9442859868815855,116.93313475207131,0.995021535593156,0.8604142216017634,Square
1.0776556553407095,0.8168856092350404,0.9181334846556302,1.0705735645059489,111.83927752650756,1.0066152304424114,0.8289598139711226,Square
1.042914393723557,0.8515978274047789,0.9075250852493288,1.0351043289021533,113.59122823836086,1.0075451957868702,0.8276575120940571,Square
0.9488028091451385,0.8645329190823914,0.8903402551105318,0.9403173921261313,119.34001845356117,1.0090239924200712,0.8067416111800624,Square
0.8344011655808835,0.8245528828368033,0.8888195209348336,0.8251575953734689,119.51444894511798,1.0112021876296624,0.8117707366310037,Square
0.9384596739531067,0.8365070013793272,0.9065545743033893,0.9288543016394745,123.50073366346918,1.0103410968724356,0.826289831969624,Square
1.273507336195485,0.8580893137571425,0.8973744367215065,1.262356109218688,98.14487440449813,1.0088336618291482,0.8135559441409462,Square
1.1249353901956913,0.8088758885067459,0.9131248283280857,1.1183377380311843,107.19244534486924,1.0058995167024607,0.8317067560313175,Square
1.3714983836230765,0.8438298303193938,0.8902542278638153,1.3499937193843172,90.71398265990531,1.0159294550263291,0.809409420247486,Square
0.9684729736320551,0.8381399076171063,0.8938032784342654,0.9591128115634278,112.28664729517875,1.009759187820012,0.80702649759842,Square
0.9730981604484052,0.8599849431325758,0.8823234481746177,0.960653357710088,108.20536197177601,1.012954519586526,0.8005466887248374,Square
1.0046919567439851,0.8600683926692831,0.8808323603909505,0.993519739462785,111.70226915933412,1.0112450883836903,0.7922302773371708,Square
0.9620139560227912,0.8631856374160682,0.8729682051714939,0.9489152206576916,114.55686197886672,1.0138039047956475,0.794859059904785,Square
0.8967829329934606,0.8586731090748487,0.8811449512416328,0.8824457242304583,124.09016532204204,1.016247128145479,0.8012981774411034,Square
0.948289466655579,0.812553521322408,0.8984930499350143,0.948289466655579,120.56031833815675,0.9969631057569189,0.8197911828158267,Square
0.86278906565864,0.8461082655413968,0.9181706126016707,0.8611430028009406,121.19435383810998,1.0019114860741427,0.8338265388201581,Square
0.9710505610899302,0.8159619058825728,0.937802792413155,0.9710505610899302,124.68483510294409,0.99311371863495,0.858243970015962,Square
0.8588232972075213,0.8427997378198857,0.9084261831518948,0.8588232972075213,127.20030575435965,0.9964750780571683,0.8224674088419288,Square
1.1593399176558408,0.8485871046507113,0.9273375031406698,1.1558901585070964,110.01707099414332,1.0029845043003047,0.8535043667713762,Square
0.927989116992105,0.8724737785324216,0.873024433635245,0.9135331314107757,110.61522089279762,1.0158242597715146,0.7943227437946855,Square
0.9990390654558988,0.796496153421809,0.8873112193793674,0.995956077720085,114.21919004138586,1.003095505720364,0.7921787286942419,Square
0.8876739797474137,0.847956748994501,0.8998357413574821,0.8762356618598001,119.03978998394162,1.0130539287380018,0.8061192671717289,Square
0.9066187559280573,0.8249260797939684,0.8969984678920352,0.9053640475456745,121.93323921611498,1.0013858606223476,0.8063960480342521,Square
0.6959435425344042,0.8158033004384077,0.8959852187072845,0.6918624573760369,134.88722018284173,1.0058986943356418,0.8118857851849423,Square
0.8908930048486466,0.8413709031235918,0.8859792347762013,0.8793596246446407,121.0393722215988,1.013115658122997,0.8034558449368506,Square
0.8004988248809364,0.8462415101426102,0.9198381623827154,0.7931702308326449,129.90771984871515,1.0092396231772316,0.8399050065572468,Square
0.8346072029157702,0.8356097198041365,0.8970007603803394,0.8262005580955147,127.2130678320213,1.0101750655308606,0.8167499016316555,Square
0.8142987536360953,0.8113636661297192,0.9133628835868831,0.8142987536360953,130.73981167718998,0.9975520283349454,0.8324106597883454,Square
0.8850638576651039,0.8304418510188328,0.8873041639926078,0.8740645740133618,131.42848443380498,1.0125840629843144,0.8108688408158355,Square
1.3081200177417325,0.8397650958094143,0.9159202298503331,1.3081200177417325,105.10404175572214,0.99346631398961,0.8450089944164545,Square
0.8764082529524672,0.8210979389657274,0.9193781641435138,0.8738949994183146,118.98208590165163,1.0028759216334062,0.835319767435054,Square
0.8235638274435166,0.8453808951862428,0.9158638070227332,0.8235638274435166,125.81741714166506,0.9990818622231312,0.8308345310160005,Square
1.0165439523349102,0.8320302148594493,0.9365159103762972,1.0165439523349102,112.39606117425257,0.9924351495775028,0.866731183026308,Square
0.9727325735775498,0.8619019231119814,0.912456676050923,0.9650818053809356,120.7570236210957,1.0079275851580212,0.8343356768664568,Square
0.9939600345274275,0.8048750931665141,0.920542760541659,0.9939600345274275,121.59047316941646,0.9927711119089093,0.8399425799141137,Square
0.8676077807626033,0.8392466734805555,0.9070045808245466,0.8676077807626033,123.96582295494233,0.9987331501004244,0.8355057180352817,Square
0.9014759402037643,0.8265136806770552,0.8876202729201834,0.8910129192031987,123.43413815637412,1.0117428387120608,0.7972451011785838,Square
0.9732665383689107,0.8231601237197116,0.9114286930480958,0.9679303108487524,119.5448716211038,1.005513028634757,0.829732539628182,Square
0.9184241402232635,0.8155163773432037,0.9061450110639119,0.9178460640223302,123.85959673385433,1.0006298182490427,0.8239062128994068,Square
0.9980347773599354,0.8229491891168764,0.9368061696258752,0.9980347773599354,108.28796463019538,0.9918690098745158,0.8460769605021891,Square
1.0419989339693565,0.8498351406410299,0.8929946763759823,1.0310491842965424,111.70092957026452,1.0106200071146798,0.8048324974593213,Square
0.8826423107983181,0.833807412533217,0.9084646609423789,0.8794458158887849,119.1255486804916,1.0036346695291316,0.8223797859181775,Square
0.796177665029691,0.840396861805718,0.9038796850093218,0.796177665029691,123.8961033976866,0.9978957241464026,0.8243777048348425,Square
0.9443334151005098,0.8381996475755388,0.893197781516992,0.9385836206561637,112.1818050317647,1.0061260332247504,0.8122114413394073,Square
1.1297338020167047,0.8686529968270245,0.8986286073352742,1.1130847401406858,110.80522225889625,1.014957587033234,0.8287759910132935,Square
0.8444393331431017,0.8233786670414066,0.9110585189339857,0.8444393331431017,120.47028209332494,0.9985590627125567,0.8231472123937847,Square
0.914302760947105,0.8308925851109322,0.8945188306896277,0.9062175074090564,121.5403317282552,1.0089219789641508,0.8071604240071888,Square
0.8586474849630826,0.8397780779552491,0.924916712426358,0.8586474849630826,127.07396449141092,0.9946650950244403,0.8423023332851207,Square
1.2642786992390984,0.8409632997054146,0.8960118325722409,1.2550062603841117,101.91699176807103,1.0073883606382559,0.8094896847050569,Square
0.9925037112792211,0.8460354666917104,0.903653701762801,0.9829782796837204,115.80199646985831,1.0096903785082265,0.8252337627465413,Square
1.0322162894125302,0.7975972537044144,0.9321275585339178,1.0311491544754945,116.87980888583269,1.0010348987170326,0.842754458397428,Square
1.004115110519788,0.8451505402575792,0.8838068518020541,0.9946889203804276,109.45348599996449,1.0094765206952898,0.7939947693113245,Square
0.9064465071561777,0.8340375016604185,0.9144723139631011,0.9041050168916087,132.58092316042632,1.0025898432381442,0.8260935366917105,Square
0.9390784148331334,0.827314206844218,0.916701309131649,0.9348557241996199,118.58073828491133,1.0045169436568715,0.8374836322631816,Square
0.8850877131595559,0.8472636012596204,0.8820730067393363,0.8717851119882144,121.91565223075433,1.0152590368755017,0.7964365216437571,Square
0.767422609023898,0.8462427170830644,0.916052492405714,0.7635958360655386,127.59102622612829,1.0050115162728979,0.8352987987203795,Square
1.0427560165667682,0.8253363292292666,0.9200100552379804,1.0416256055145068,115.12667061644116,1.0010852373888248,0.8317075435790923,Square
1.3618375200010007,0.8169232752861236,0.9314676990308384,1.3618375200010007,110.99944343904217,0.9972418902651794,0.85062381333619,Square
0.8695671793770923,0.8106771776528338,0.9291335513753416,0.8695671793770923,127.77175976701592,0.995597218437336,0.837063831628155,Square
0.8802067217865199,0.8337039901602086,0.9201604383795449,0.8784624243989331,122.91896391684782,1.001985625496481,0.8411947820537041,Square
0.9157585943702342,0.843113091639912,0.8806207940987836,0.9036198648902726,119.58378978382163,1.013433446907938,0.8004736967502719,Square
0.8903750096580239,0.8076582193280175,0.9104987206134691,0.8903750096580239,128.41042539543244,0.9997070167698521,0.8209377491879697,Square
0.8300496678799288,0.8543747660408747,0.8878059022591231,0.820603845714961,121.01828399931172,1.0115108187882522,0.8031893398929896,Square
1.2268353894775732,0.8260468763952663,0.9259248109047017,1.2268353894775732,105.26915890324962,0.9997483596190215,0.8457918597281229,Square
0.8508140570603778,0.8088137136609362,0.9322237774824907,0.8508140570603778,127.52277649384659,0.9942951538451413,0.8436750309625632,Square
0.9346690704090215,0.8709854677331961,0.8839274596754616,0.9272004389884023,114.68786259179612,1.0080550343879988,0.7997486255663585,Square
0.8460746495966849,0.8370916791088253,0.9252387756985171,0.8460746495966849,122.16891727595515,0.9970070690747369,0.8438005981027016,Square
1.0509913546894207,0.8251749451900098,0.9041617037493477,1.0509913546894207,115.85805896794734,0.99927473398723,0.8281863946909708,Square
0.8612779464957155,0.8366729203119602,0.8971257196303911,0.8544164329696937,128.44942461269312,1.0080306432100952,0.8138517605741763,Square
1.0776727456417732,0.8340285835382549,0.9071943511933853,1.0683688448097617,112.13925259760441,1.0087085100592466,0.8288269573778508,Square
0.9781335773742005,0.8542825471128537,0.8815950006044548,0.9699243349353921,110.35844548993283,1.0084637967551926,0.7997955168897007,Square
0.7628009482198933,0.8291858982931585,0.8711132679739965,0.753529672957407,136.8281137047714,1.0123037958493377,0.7878685750447807,Square
0.865633751124738,0.826130566720436,0.8890267037322859,0.8604525623681127,121.20839231104537,1.006021469379283,0.8081025759036471,Square
1.0117749153925504,0.837798717072413,0.9042048317514503,1.0019153756372507,119.65255504373292,1.0098406911352455,0.8255211277208399,Square
1.015411112053288,0.801051354507591,0.9314011880766836,1.015411112053288,116.41468142258447,0.9899908802490461,0.8495335575781878,Square
0.8605541040253954,0.8017896530010262,0.9343657639437096,0.8605541040253954,125.20474307590692,0.9925654498739476,0.8392129434926618,Square
0.8863577355611455,0.8354183138012736,0.9151776873512436,0.8836964654538718,122.02420772026143,1.0030115205970715,0.8326660570645488,Square
0.8608407638585817,0.8080868894688523,0.9148978391459468,0.8554695994498913,123.07241331632162,1.0062786151748049,0.8337892973726162,Square
0.9961289765084177,0.8433254324594686,0.903673165367152,0.9918291497331299,118.50019505237508,1.0043352494494084,0.8297920048463964,Square
0.8438082042879129,0.8294899764711303,0.9261020146640675,0.8438082042879129,126.59359864506533,0.9956910954361389,0.8417307001561275,Square
0.9870451709756397,0.840019103393259,0.8922975880458884,0.9695711925526297,112.99218895020834,1.018022377889555,0.8123050230188348,Square
0.9416275675443773,0.8307356386596427,0.9265724539674131,0.9365988472944269,120.65986431619709,1.0053691292323037,0.8446647646713967,Square
1.1329550751501116,0.8327049143904339,0.889305346518386,1.1181362274584328,100.56337002567008,1.0132531683776695,0.8032100929666814,Square
0.9173831618384075,0.8443499364710424,0.8891877550167389,0.9086259672527274,115.80317000116361,1.009637843184427,0.8042289605257805,Square
0.968243120678611,0.8644880069765924,0.8707224628287842,0.9578873810567187,110.61292244910396,1.0108110199869926,0.789372129526944,Square
0.9346247938994944,0.8062176160885713,0.9351418530930755,0.9346247938994944,118.6585405887608,0.9975015687708118,0.842630647833875,Square
1.008300683384663,0.8577835086766818,0.8751395827181105,0.9893050776977649,116.64713088768848,1.0192009584456023,0.797183643743464,Square
1.042681706559834,0.8749345891994753,0.873926092386602,1.0201013358776234,101.7490310915486,1.0221354191863536,0.7905448802159262,Square
0.9891339900197125,0.8439093979199421,0.9267502316928535,0.9856081001083725,110.13186783693249,1.0035773751361745,0.8387303681340995,Square
1.0368466654351807,0.818739240326239,0.9193483862023991,1.0368466654351807,117.11986568594786,0.9953846042698999,0.840353617964527,Square
1.697544098397939,0.855402463357884,0.9061099089508307,1.6909947427586347,79.29536226256661,1.0038730786522847,0.8247442627188429,Square
0.8278176490726852,0.7968153361755894,0.9336286690365544,0.8278176490726852,123.22595866177167,0.9971313211168211,0.854402154574603,Square
0.8262581586814505,0.8197531662893349,0.8945867678318161,0.8181631118908407,131.12097417696572,1.0098941722902925,0.8111214841508342,Square
0.854503495909082,0.8255726098211892,0.9294531574241985,0.854503495909082,129.095577511175,0.9976046768506918,0.848302187738991,Square
1.0226621933281403,0.8534591652715027,0.909166230978163,1.0086020457943,119.51246926764186,1.0139402330110958,0.8240560655657874,Square
0.8884062947010991,0.8793664551961606,0.8949582916815617,0.8771490335259245,128.03371320782938,1.012833920741978,0.8192052716468368,Square
0.8918286050420279,0.8199934703602269,0.8983956562325628,0.889391543289434,121.66319983181262,1.0027401449575069,0.8036822656482325,Square
0.9651538637421307,0.8385351936639087,0.8831507169023521,0.955619144502623,116.75806892680636,1.009977530582511,0.795387440447343,Square
1.9898060464491893,0.8277018680332278,0.9175113991155349,1.9898060464491893,74.9456747140466,0.9959989278347499,0.8352320089274583,Square
0.9382155231974918,0.8574608726651078,0.9000319754895153,0.9273629044717004,113.99457344460406,1.0117026664248272,0.8193079902511703,Square
0.8819145570256175,0.82784326856616,0.9202570611369911,0.8808446335489831,122.72739377721861,1.0012146562922493,0.8341068934709734,Square
0.9632221735914797,0.8296880470607358,0.9244433340226116,0.9632221735914797,123.46241281163657,0.9986649510369906,0.8503400478262754,Square
0.872900052300939,0.8524104036506358,0.8992211297832079,0.8646443898267945,134.4780450698173,1.0095480437637472,0.8250389774951823,Square
1.1658004969794962,0.830285231095481,0.9156102569196435,1.164648747301374,119.22905852104297,1.0009889244983012,0.8334293748355207,Square
0.8707326262989898,0.8253714403253065,0.9062557497469239,0.8697882667530824,128.0063775586719,1.0010857349794253,0.826602793964387,Square
0.8503531866111973,0.8281358338620481,0.9246896164825333,0.8503531866111973,130.39264424682077,0.9983130060422457,0.8512942641172134,Square
0.8833504200079196,0.8478335466790938,0.912735104861473,0.8764665255215008,129.32255846324406,1.007854144209698,0.8357564425203462,Square
0.8969550929228732,0.8208155536225241,0.9241079032928592,0.8969550929228732,121.91019372992425,0.9931576315847215,0.8325014446654285,Square
0.8651161453344498,0.8465632881673587,0.8839592474338828,0.8615714669900035,117.48529191441762,1.0041142011780289,0.8000815827829307,Square
1.1670292648088691,0.8410555673521024,0.8849011786576964,1.1545058147934313,104.16252595656346,1.0108474551231936,0.7982903127914848,Square
0.7549351969934177,0.8201519486744608,0.8852784652194073,0.7508643109739068,132.7075959396777,1.0054216000947371,0.8062142147652139,Square
0.8147626001243677,0.8410392662010074,0.8902477335445164,0.8067381506933877,121.71678224442299,1.0099467831341347,0.8067947464428372,Square
0.8848527856693229,0.8207043453980946,0.9210864767594521,0.8814543268997675,119.70821996129503,1.0038555131739024,0.844824896301664,Square
0.762012849999458,0.8387431263056855,0.8888853179390916,0.7544161393423989,130.09030098849925,1.0100696555400854,0.8064821328674944,Square
0.8049179289204528,0.8088253932396599,0.8916850503088528,0.7979315219405186,124.78762058564024,1.0087556473053523,0.8120613733767198,Square
0.9207030303554091,0.8182305683601307,0.882459256044183,0.9113456772891202,116.76480436045344,1.0102676221542228,0.8020378074378297,Square
0.9385772631277494,0.8252471137081002,0.9235352829128947,0.9384102380789944,121.11388026550443,1.0001779872405239,0.8386651166664971,Square
0.8740196853476556,0.8436491959979706,0.8928278551773133,0.8680755791870007,118.97001610128493,1.0068474523453612,0.8112066005450921,Square
0.9646130115877147,0.85043781465733,0.9291119531058918,0.9608891070851381,111.96098832889113,1.0038754779038688,0.8427694770852411,Square
1.0854137954350012,0.8250581543881798,0.9012276986406357,1.0798044354912013,100.40320844286325,1.0051947924637374,0.8141072808766522,Square
0.9970114085428801,0.8447388651501854,0.9003909930163313,0.9970114085428801,120.86802012151321,0.9991316359194305,0.8166538688950808,Square
0.8779295899803542,0.836911536321777,0.9022843775848817,0.8704405910782936,122.48212228657638,1.008603687579394,0.821804480871736,Square
0.8882349114519302,0.7932460083800519,0.9195905712416104,0.8882349114519302,119.35642653618439,0.9938542476969898,0.8334547744437993,Square
0.8564395525735142,0.8464825707555939,0.8877447834842656,0.8438583820836904,119.98271360284353,1.0149091017603664,0.8085506468095374,Square
0.8523771336444643,0.8361661097483677,0.9296058141649347,0.8478013918732766,118.21683705853769,1.005397185962478,0.8533317105326235,Square
0.9194721614010839,0.8231510787364413,0.8954657177185913,0.9121767630908036,117.32756243160402,1.0079977901273878,0.8158985101936563,Square
0.8026253471140448,0.7990377846877206,0.9160726773444241,0.79648903428331,122.33426902931717,1.0077042025271024,0.8367190792614262,Square
0.783108138303569,0.8412518789977305,0.8918901766487233,0.772859265934744,126.91917966964057,1.0132609814238682,0.8043683567009258,Square
1.2683887164619418,0.8137216606784886,0.8862148431243815,1.263816650095633,111.39580720414875,1.0036176658742095,0.8058995697233405,Square
0.8210843190590921,0.8456894902934563,0.9175125371927161,0.8171506696665422,125.99361333820012,1.004813860575009,0.8355833396045012,Square
0.8395205995553193,0.8427105593542542,0.8868665231160736,0.837641009666133,118.55932619077016,1.002243908628513,0.8070772272395683,Square
0.8149387291890295,0.8155310289287823,0.9089011208684998,0.8149387291890295,126.68302640392231,0.9982337423024638,0.8247253831340206,Square
0.8695216624408487,0.836484603307253,0.8960823194823705,0.8658672343793904,125.226414115911,1.004220540882434,0.8181238142248334,Square
1.1504812847667678,0.8132457137998436,0.8972609795602512,1.1461327774330201,108.98640727466075,1.0037940694301466,0.8075498344461157,Square
0.8076148842120715,0.9117432173641951,0.870714489608768,0.7868344690606863,121.67178584667663,1.026410148472769,0.8042657623244148,Square
1.1839482328067923,0.857682456493223,0.8920703187312635,1.1730726923227288,113.44423110668205,1.009270985980016,0.8201264059639557,Square
1.4676771948279919,0.854483636728511,0.8913179951288553,1.455952682584623,102.20821059461058,1.0080528113197713,0.8192253980420792,Square
0.7936532767604895,0.8531167869384375,0.908324199174811,0.785355655856781,127.0088881414923,1.0105654308870498,0.8381617289896809,Square
1.2910161078920954,0.8371580400956773,0.908463807837929,1.2793714289082951,109.54828718371448,1.0091018751245187,0.8325343395302321,Square
0.8797154825231016,0.8439559141784276,0.9168177546598791,0.8750640201818773,120.68449241437203,1.0053155680429617,0.833141211991308,Square
0.8245223189277953,0.8289940280763838,0.9072467780832509,0.8239878174725075,120.65881233377551,1.0006486764051044,0.8215547276323387,Square
0.9377736220543232,0.8239728964976729,0.9056193314631833,0.9357712797062573,125.11517320078674,1.0021397775198813,0.8236062747194791,Square
0.8276800005670878,0.8299510466004343,0.9024723480647054,0.8275178128274787,116.74938600417498,1.0001959930494484,0.8260958585722414,Square
0.8641943144608395,0.8348203688962926,0.8838373457410563,0.8530322415067758,112.6862399534338,1.0130851712408284,0.8012371906149615,Square
0.9689127826117736,0.8310657915271391,0.9028167421141919,0.9663405672504628,117.39804730270501,1.0026618103890945,0.8349733615186778,Square
0.8959289097806076,0.8428212150281434,0.8859308716752791,0.8819052841371803,115.96449855183813,1.0159015099417932,0.8076602735447777,Square
0.7603153456806245,0.8279522513944942,0.913096548749671,0.7577504513130511,127.22612597964905,1.0033848800263054,0.8303697325461551,Square
0.8487915175844277,0.8484553355659373,0.9079619684174517,0.8405800653656506,115.9302682577222,1.0097687924769012,0.8218417991406312,Square
0.9780954305010736,0.8328693945199167,0.928094180958826,0.976306681833818,120.5376261443288,1.0018321585835055,0.8374683327420359,Square
0.7442045894314055,0.8471755699371187,0.8735229294620663,0.7337722357951096,125.71831882836935,1.0142174275986218,0.7806483632707947,Square
1.2448863175414842,0.8014265311207701,0.9209121477048721,1.2448863175414842,114.11331240972159,0.9942729506687645,0.8457448994475018,Square
0.7578407780692947,0.8483231283514917,0.9020544760838917,0.7518113053125379,126.50654664325624,1.0080199282907167,0.8232079133225543,Square
0.7989165395446078,0.819407889305194,0.9337241851849176,0.7989165395446078,134.59265044278288,0.9875520291636842,0.8509125518464732,Square
0.8086252993412536,0.8333742767198917,0.8986040604944646,0.8027004336744652,128.352328804245,1.00738116664478,0.8163467201953886,Square
0.9992753968227188,0.8503005988266429,0.8954132645303031,0.9843746761045664,111.18579361065312,1.015137245075339,0.8038737810403255,Square
0.8370314087455859,0.8931975889419718,0.9018244744200349,0.8282522833694044,129.68859514193457,1.0105995788390312,0.8307277365220617,Square
0.8441371382913758,0.8316602314607143,0.8889647758301591,0.830719062840389,117.95139714086554,1.016152362514841,0.8101268790480498,Square
0.7831975398514128,0.8157235962109995,0.9283681632669301,0.7831975398514128,128.12071495360172,0.9902461103291386,0.8474272181002845,Square
0.777107904162695,0.8812018233955492,0.8557644625468382,0.7596344170487105,118.55657085505786,1.0230024953080346,0.7711215083550934,Square
0.7924117711802601,0.8691196576797628,0.8582307360684714,0.7802536762107637,122.52361319689638,1.015582233496856,0.7710128194649765,Square
0.8549350089380577,0.8448089698799728,0.8886863924328235,0.8470736692332755,127.09197134051185,1.0092805856093932,0.8028013033386505,Square
2.02957758447218,0.8270204642087398,0.929207053790097,2.027998001453796,78.14539681633967,1.0007788878575088,0.8495898343027621,Square
1.2118553276243305,0.8594608392183368,0.8625398865156216,1.1939042012667729,97.73919432360512,1.015035650547599,0.7708095920076022,Square
0.8324194087319836,0.8412126996017554,0.9021299008782945,0.823929017970427,117.16828373483051,1.0103047599688515,0.8180176968728887,Square
0.9121731122876049,0.849755659400297,0.9050051035555136,0.90829085828852,118.24422568076436,1.0042742409699028,0.8228029184166552,Square
0.8725075835203192,0.8311941696937764,0.9101813193056045,0.8676343398500996,118.92652926029687,1.005616702159416,0.8325797363635024,Square
0.9486339637389879,0.8751618297250139,0.9178012860946039,0.9458323727580831,118.20300510983886,1.0029620375254606,0.8314956677713252,Square
1.1248079328228986,0.8271598692741879,0.9451202981959862,1.1248079328228986,116.079615409545,0.9945825303441034,0.8739724078618156,Square
0.9879052845090808,0.8503678155352896,0.9029640349112111,0.9794324597464412,113.27395360561502,1.0086507493991295,0.8163088741348526,Square
1.113890079529606,0.8415023475649775,0.8947825675990964,1.1054999472194826,110.36441289838466,1.007589446142649,0.8172961322708451,Square
1.2749529435809404,0.876512915311234,0.8813670553898625,1.258803215750268,108.54488111558055,1.0128294300718377,0.8055184979336094,Square
0.8733882229859962,0.8184260704985689,0.903649990170639,0.8711057292445569,131.756991546213,1.0026202258403452,0.8244929255541192,Square
0.9768761862701949,0.8443240841793576,0.902741284724905,0.9677473255400326,119.83249040368173,1.0094331035480444,0.8191522515298941,Square
1.3295712186878723,0.8390901236957443,0.9012023867666413,1.3195919591324137,89.65816840631739,1.0075623828156848,0.8207228312031433,Square
0.9417889051782734,0.8529913027908066,0.8803290903454639,0.9325900817407958,114.56359547768879,1.0098637371526693,0.7960708714831106,Square
0.8633660001561407,0.8745322290199835,0.8727086700092441,0.8484475121790072,117.5138480408232,1.017583277413142,0.7965617910547862,Square
0.7609373254108242,0.8080465008495589,0.909055069636643,0.7609373254108242,126.4686929662369,0.9964964990082827,0.8185669855964401,Square
0.7488792005583524,0.8021430002497562,0.9083899988007382,0.7488792005583524,131.90142848977024,0.9991548075967912,0.8215460366196404,Square
0.851619261416131,0.8231034946206693,0.887684494147752,0.844441555526241,124.351947278002,1.0084999439486573,0.7981862038112862,Square
0.8258589383320073,0.8242166583493655,0.8984432467264367,0.8245290831320092,129.68917735768474,1.001612866334498,0.8092510177260184,Square
0.8422067091550303,0.8311250751079299,0.8868824197214806,0.8374658334161057,130.09739589393394,1.0056609780957702,0.8009974914721923,Square
0.8231311219187945,0.8503243712309925,0.8946035043043303,0.813423179497179,122.5171493515145,1.011934676397612,0.8081276223743461,Square
0.7936109705864526,0.8130140084530975,0.8946514210215314,0.7874655106600137,125.96989329545721,1.0078041004250309,0.8064194217719313,Square
0.8602858570886461,0.8352357427630868,0.8781223334932,0.8495603375802644,124.98350579369863,1.0126247884157709,0.7989085489306346,Square
1.0348103655513636,0.8517289944742901,0.8585231059189297,1.0188805342645209,102.50690975933817,1.0156346409133645,0.7717242296178565,Square
0.8427053249601664,0.8157451109070071,0.8913599465137004,0.8364062408947776,123.77881019352911,1.0075311299191767,0.8011204605575095,Square
0.7455756586885299,0.8073961564699486,0.9257068274595799,0.7455756586885299,129.1083135849798,0.9917582667907572,0.8383455015267537,Square
0.8270451189905537,0.8118305261989333,0.9329099059674908,0.8270451189905537,125.91492420955637,0.9929546793105877,0.8496104380925005,Square
0.7632235459237547,0.8120360953115852,0.8767974594551028,0.7571465180236182,124.660020486563,1.0080262244565286,0.7852189678134459,Square
0.7825600495906461,0.8379344814774865,0.8928049221753965,0.7759129762391923,128.6907791585403,1.0085667768873667,0.8041259681128493,Square
0.893676776234452,0.8028366386157824,0.9135335413124281,0.893676776234452,112.87083090092821,0.9966712299584807,0.8230882505308911,Square
0.8564445000826404,0.7935937521652691,0.9232218322015209,0.8564445000826404,116.45376023464577,0.9909460624995967,0.8233746578732958,Square
0.8818251054477576,0.8215615394442639,0.9157299184998746,0.8818251054477576,126.32634075878188,0.9895337330216164,0.8355093772395709,Square
1.4416055270617607,0.8315972736961911,0.9087484277397446,1.4416055270617607,92.1121123760701,0.994645874210691,0.8245049414197005,Square
0.9005794880646308,0.7998422542490888,0.9160890419638826,0.9005794880646308,111.0205537148728,0.9961570203881247,0.8260270045640685,Square
0.8357895835485291,0.8601712570490763,0.8942731670329153,0.8299722590829006,123.03632017082407,1.0070090589196998,0.8084919646425819,Square
1.038042502305652,0.8145316569384743,0.8861483956216776,1.0378450453523613,111.67011283222101,1.0001902566805854,0.7978897380925991,Square
1.2527460758146336,0.8068639614188114,0.9249963663534507,1.2527460758146336,94.59947686623217,0.9956876172277728,0.8265845874291118,Square
0.8364945841808862,0.8157819223294579,0.9175012277077194,0.8364945841808862,117.74527013126503,0.996976955668531,0.829658224201262,Square
0.8942957282987489,0.812369030619171,0.9270991733211685,0.8942957282987489,121.2897532875365,0.993451044753196,0.8364703487096787,Square
0.9240747421861308,0.8044023185070757,0.9088315275879131,0.9240747421861308,113.11303707146145,0.9965019109379453,0.8157215581035496,Square
0.8073206178857265,0.8068775119387891,0.9247450345448662,0.8073206178857265,128.90586495220887,0.9941467527604297,0.8336173859784908,Square
1.0403964037512594,0.8375111855011838,0.8882662333243913,1.03280015126196,114.65157516317252,1.0073550071424928,0.8179789374320584,Square
0.8976537669341496,0.826738513519663,0.9145058848127531,0.8976537669341496,127.58011122184841,0.9915855195858875,0.8390004618264326,Square
0.8466247751363911,0.848701546755877,0.9199970939179338,0.8416051343114056,126.51013196016544,1.0059643657344042,0.8265373898225016,Square
0.8257199769964065,0.8548065340618478,0.9013391657123218,0.8237668703026834,122.68758373521719,1.0023709459121677,0.8211677414037858,Square
0.849006249591992,0.8228038145814086,0.9138131893551367,0.8419001562861755,123.49073028885252,1.0084405416161975,0.8194546345606147,Square
0.8946930536894546,0.8199319654122733,0.9187532233654924,0.8940449775910544,119.90772135446599,1.000724880866896,0.8225713342628609,Square
0.7948930063728672,0.8130505330480131,0.9185195399982186,0.7927638895411636,132.5098170438571,1.002685688462596,0.8273539530012015,Square
0.9206155886851698,0.8386076508368179,0.9026517316054179,0.9077850647283381,118.05921429201555,1.0141338786628653,0.8054633730128583,Square
0.8939922934071975,0.8078315342578458,0.921015789287232,0.8939922934071975,134.2303489414577,0.999843688222771,0.8392985783906671,Square
0.9192442627682462,0.8197707583696299,0.9132525512283386,0.9120289903774644,117.6316396881265,1.0079112314048215,0.814572495123273,Square
0.8877316757501658,0.8547239992688247,0.9210756309186354,0.8863099697422007,125.53429389486807,1.001604073130734,0.830181317936196,Square
0.9132122264684298,0.8381998241627425,0.9205486428195953,0.9130492612022457,124.07221136278616,1.0001784846372577,0.8209257434914617,Square
1.0693915857207987,0.8329902501070249,0.8865015738475496,1.0583442533763963,118.25489266297409,1.010438316558302,0.8057936921429303,Square
0.8664721162871891,0.8208422253034481,0.9183409258452054,0.8664721162871891,127.43387325172618,0.9980072275106924,0.836188312583876,Square
1.22675653571849,0.8562075286633516,0.8913917163586212,1.2109328425267376,107.29035722740743,1.0130673581853926,0.802144418879814,Square
0.8063999018443604,0.8277494296151432,0.8984668906987344,0.8055142002629115,136.70228287749933,1.0010995480665144,0.810420054886295,Square
0.9320875677646893,0.833776293004566,0.89040729965924,0.9204181264257003,117.45810056419894,1.012678413216725,0.8030941151929091,Square
0.8668185550717171,0.8135161691783167,0.9209012936620663,0.8666795754625212,123.92817596534388,1.0001603586990289,0.8228164296335128,Square
0.8017014079529906,0.818291115454235,0.9302700851387623,0.8017014079529906,128.85932007827418,0.9992240919897818,0.8345570266506765,Square
0.8837555369233512,0.8316282293302985,0.9032100987133174,0.8776478269483446,121.64952899346476,1.006959180878102,0.8071378456312408,Square
0.8740390660534678,0.8172560549227099,0.8961248219684977,0.8666567194720585,123.11127922098919,1.0085181899771185,0.804864935664687,Square
0.8610523228238572,0.8085454891541898,0.9145118976284845,0.8610523228238572,123.64770957357375,0.993691117857132,0.8296045964487295,Square
0.9015488148274997,0.818964414494863,0.9030538971911977,0.8995038235063363,120.69683578249472,1.002273465957256,0.8160047388358643,Square
0.9326709506232946,0.8077407711113025,0.9109718814323441,0.9326709506232946,118.04050446247847,0.9852562365895152,0.8205542980826291,Square
0.9250682027026325,0.8383571187250695,0.9141608578028801,0.9249200757576216,125.75356749509592,1.000160151075637,0.8400379428685054,Square
0.8718548776268501,0.7979778120710195,0.9139671363270425,0.8718548776268501,125.41251569269693,0.9988283732897711,0.8221443624970094,Square
0.9009653202233338,0.8129480399221446,0.9087457626967631,0.8969411970555202,115.62647837302303,1.004486496083605,0.8334895229674943,Square
1.0234422710568531,0.8643367966325565,0.8949882439101554,1.0104196011877613,106.08290499549263,1.0128883781092366,0.8161031914965372,Square
0.8377607276627902,0.8335126845571996,0.9050109007096983,0.8342901017104233,123.11332224785875,1.0041599749838235,0.8179592204838289,Square
0.8986174508674643,0.8445790862181661,0.9037991977448447,0.889352998170193,113.4627394938561,1.0104170702930473,0.824229657213471,Square
0.9927909324923305,0.8433255105573874,0.9063668056040722,0.9827264447079271,108.15262497710928,1.0102413930535823,0.8273989474348901,Square
0.849463280584646,0.8418477268307395,0.9254549298599696,0.849463280584646,131.41310616001357,0.9982458515174635,0.8470645276798172,Square
1.1570712933107037,0.8396739884414991,0.9030378474301122,1.1451500706099105,103.65926312634137,1.0104101837887884,0.8189805144105594,Square
1.0437025645126912,0.8409443373511909,0.9359555060264865,1.0402754997118036,110.23222819482906,1.003294381922709,0.8576762066092966,Square
0.7767896273091163,0.8445225326038103,0.8708162760663768,0.7631815647533897,120.39605292734201,1.0178307013484056,0.787015483256116,Square
0.8915820064087178,0.8462192350572989,0.8967324404309321,0.880804672979809,122.07519393565698,1.0122357813934484,0.8172004518484326,Square
1.0822599949389635,0.8519051522637632,0.8741968062702431,1.069381740258093,104.00296741016199,1.0120427104709704,0.7887000876947419,Square
0.8858033737553651,0.8137510111341782,0.9013936131663662,0.8771227893891793,121.9441385338329,1.0098966581089872,0.8234498833808503,Square
0.8008364697322118,0.8115502689871856,0.9067945203938937,0.7991730268168259,126.47305418880298,1.0020814552788544,0.8232161569763503,Square
0.8942983763646901,0.8196286850307551,0.9216837448140712,0.8932491834149342,131.29637787193099,1.0011745803626093,0.840876137177547,Square
0.8744032834817906,0.8058489853005874,0.9132995110817798,0.8744032834817906,129.19749299728653,0.9972034795397717,0.8287055607430832,Square
0.8575482879307762,0.8013414806239358,0.922113310189267,0.8574561120989608,121.83067697235514,1.0001074991833574,0.8373893811476248,Square
0.6814465134257188,0.7947392728104745,0.906279959755263,0.6800486771876066,132.72724859981003,1.0020554943859212,0.8199427639966073,Square
0.879637195464131,0.8572571187166613,0.8704261926634979,0.8635457940080726,123.63169843359152,1.018634103214575,0.788399525101096,Square
0.9220986132791629,0.8402003649451146,0.8732368170619511,0.9112323205310374,125.03345282265187,1.0119248324530379,0.8042947224271285,Square
0.9098491796877847,0.7807529655948601,0.9369030860697055,0.9098491796877847,131.5072199789169,0.9826746378884722,0.8448090640515457,Square
0.9281338544998621,0.8627679428513866,0.8990480907815128,0.9281338544998621,126.13211848076261,0.9986507468995637,0.8263921317870678,Square
0.9160647002182687,0.8509981544637667,0.869567807283549,0.9084200378603492,115.90296332032713,1.0084153387632502,0.7855848210830711,Square
0.923211080185696,0.8526938807934054,0.8968232083188024,0.9175907903748773,121.0450292322633,1.0061250503707895,0.8178056036033298,Square
0.8180055360475047,0.8466892095708078,0.914831609249337,0.8180055360475047,128.67771629400806,0.9913900065884307,0.8366424366998974,Square
0.8961510317116299,0.8504868302397505,0.902257103270661,0.8961510317116299,114.44708209169562,0.9971724329191388,0.8194104176736031,Square
0.9245457006065096,0.8393340801332688,0.9055395947363851,0.9214823091474074,127.1131004340689,1.0033244170058313,0.8338905497769142,Square
0.8601349428821466,0.859910090250732,0.8737521949631565,0.8506044123151425,116.73570116546885,1.011204421737085,0.7937729457993588,Square
0.9359495049710539,0.8456213533259177,0.899311344040142,0.9359495049710539,115.92908052485444,0.9980552505400864,0.8177805830240125,Square
0.9633312866264584,0.8634900963490532,0.8896198616362173,0.9595131125756291,115.03885159728405,1.0039792828266623,0.8138870698274395,Square
0.8951836659408002,0.7936952683780816,0.9005743019952759,0.8902280841224587,116.85139266273764,1.005566642871334,0.8073959051866845,Square
1.1338578741250092,0.8540975546174758,0.9111381155052104,1.1304902152384444,109.13045840126601,1.0029789367843882,0.8388834672180366,Square
1.1225595962160742,0.8549116465906901,0.8909286351925068,1.114188744124796,100.05845150069197,1.0075129569701888,0.8127365001257387,Square
0.9191806959087458,0.846988670760937,0.8921370397592764,0.9157797006947668,121.55298088773843,1.0037137700381422,0.8144211764325673,Square
0.8910526892034333,0.8626960087105119,0.8722432175341587,0.8841123940173335,114.27504253042324,1.0078500145830596,0.7892646134677166,Square
0.9588621310171621,0.8315867727262277,0.9046686194221223,0.9588621310171621,115.63670856641775,0.993585235598024,0.824473187852285,Square
1.0135063987905977,0.8497816065688271,0.888547118106259,1.0056259743785383,109.61624302532941,1.007836337378745,0.8020763496791061,Square
0.949489651010879,0.8036189943723432,0.9105820698803816,0.949489651010879,127.57906905962753,0.9999945762442676,0.8303494143737148,Square
0.8698197415634281,0.8521566373627386,0.904149054620075,0.858103589172849,119.07318425726469,1.0136535408293452,0.8197337836364721,Square
1.1679334352360597,0.8329287505272799,0.9170569591797622,1.1679334352360597,109.18316833193953,0.9896571609170683,0.8365785489583055,Square
0.8563004043795834,0.8327694349599055,0.9114151056025045,0.8555913168852983,133.71879810311952,1.0008287689230724,0.8295229111892074,Square
0.8962113076473576,0.8417439969369228,0.8939204488803801,0.8828955039102427,116.42026400149919,1.0150819702650433,0.8094862962881276,Square
0.9290780998358121,0.80855586084285,0.9226832912337111,0.9290780998358121,126.1824541584609,0.9902918865858461,0.838856832802144,Square
0.8958646879896959,0.8336566880707383,0.9095713532722173,0.8958646879896959,118.12794972353679,0.9944563240580853,0.8217456155237217,Square
1.2058167070621912,0.8392376076815015,0.9033640508320545,1.2027128067998891,102.39653833221357,1.002580749323324,0.8129397508575843,Square
0.9983434417508453,0.7994829102887544,0.9147911342335853,0.9983434417508453,118.84296879184208,0.9957937311052629,0.8289006215096258,Square
0.8632855475111,0.8039893401793812,0.9185419910901379,0.8632855475111,125.53239008245399,0.9912383107563338,0.8306942252620361,Square
0.9575672226195595,0.8363005819843711,0.9134611569042544,0.9575672226195595,117.73748258451447,0.9989288037298556,0.8279833851382516,Square
0.9323749187961053,0.8186091600743305,0.9057527550131698,0.9323749187961053,120.94698172166272,0.99588869188186,0.814221979674848,Square
0.882653677757544,0.8141899275362217,0.9203140602828743,0.882653677757544,125.61212626588697,0.9887763637419758,0.8357293758460347,Square
0.8981452023943588,0.8216997437982245,0.9199422025370164,0.8981452023943588,120.64851603612664,0.9959729378412705,0.8322259031141233,Square
0.8450596431639482,0.8488392696215598,0.9010909543658991,0.839977996635411,121.81041986235824,1.006049737670382,0.8088039858071557,Square
0.8861498856811554,0.8141230592040625,0.9219637696035079,0.8861498856811554,123.10304728605523,0.9982916752150724,0.8315357888498953,Square
1.0495086462822345,0.8271738100851658,0.9255799881389651,1.0495086462822345,114.81834662762286,0.9928463561593919,0.8474086382311221,Square
0.8446550401640438,0.8290418289929543,0.9298731834661718,0.8446550401640438,141.13458452535528,0.9953707374586188,0.8569420260616903,Square
0.8678919952882653,0.8784161608084297,0.884497707358723,0.8535526249155589,117.98315699299202,1.0167996324469448,0.797607441314631,Square
0.8499589695924961,0.8436894253660623,0.8786104129101732,0.835841245383597,120.32122766799601,1.0168904373729726,0.7939185767701425,Square
1.033686615299529,0.8624542784797103,0.8718634650575275,1.019640899444775,112.18186082108683,1.0137751593354114,0.7846109236203939,Square
0.7902264295218799,0.8812066924443844,0.8748929240327793,0.7770485866467817,129.12278035029436,1.0169588402856053,0.7979760942285947,Square
1.0441785770337932,0.8246392979826055,0.8918380202273063,1.0441785770337932,114.4769976278935,0.9997747920304473,0.8062018876542508,Square
0.9652191265425131,0.8037050618059665,0.9143109817680184,0.9652191265425131,118.5268096894779,0.9946459635725424,0.8278049536495627,Square
0.9727626443893537,0.822661528124356,0.8930782009329202,0.9667235161067566,113.26515109521401,1.0062470067004454,0.8115974230375461,Square
0.8983209740755702,0.8027189858928963,0.9025091124958547,0.8983209740755702,121.95106017272315,0.9979100678311092,0.8154655098489911,Square
0.9594244215892636,0.8100258689048107,0.9010211898598678,0.95214269094826,112.32287722484458,1.0076477304402258,0.8158055781246165,Square
0.9090799193310011,0.81986182644702,0.9283024127993118,0.9090799193310011,124.39719626370974,0.9974812314907313,0.848439989805185,Square
1.2220103146041112,0.8469473409068634,0.883413395635068,1.2120466411496325,98.26369242219,1.0082205363359846,0.7968183867073596,Square
0.9327609423818103,0.8320929344889871,0.9170077574745183,0.9327609423818103,125.07402618495485,0.9941516394624033,0.8319730920533924,Square
0.868745864955961,0.834830338956071,0.8875409731767201,0.8610492914862575,123.70232377861397,1.0089385979941037,0.8054458215252402,Square
0.8759740277181962,0.8471467175018915,0.890089606433019,0.8624233718716718,119.44808735446973,1.0157123012762468,0.8158081445273742,Square
0.8184086165642768,0.8131885583738704,0.9330619299312269,0.8184086165642768,127.26771950142115,0.9864116983138294,0.8477066993984222,Square
0.8252285194847903,0.8580855440838407,0.8774433454479362,0.8169307888801808,118.59780867005622,1.0101572014637663,0.7941992097611181,Square
0.8838652640598864,0.8403660532949733,0.9106855915139833,0.8830576006122287,122.88890407655461,1.0009146214778035,0.826293767517736,Square
0.9123024095823242,0.8405972243427748,0.9005448933301691,0.9071168198325567,122.19855965453053,1.005716562229245,0.8193637145412351,Square
1.210278788209323,0.8366216034249285,0.9282418215168659,1.208353534562184,105.63780021385026,1.0015932867261705,0.8518091727948168,Square
0.8483302131961754,0.8483777210507355,0.8873709061815821,0.8446076363032303,123.38774230030391,1.004407462983923,0.8053583469144677,Square
0.8979525606625094,0.818839629397784,0.8993948028071951,0.8946135216751877,125.26394630981332,1.0037323815328314,0.8220807877120487,Square
0.9536084614532868,0.8645079938575337,0.8866805432753179,0.9463335924225095,122.57254936509301,1.0076874255432005,0.8131054193342706,Square
0.8858265140009182,0.8264934210967989,0.9127801223873627,0.880067743772578,118.93410646140858,1.0065435533447165,0.8311086787963642,Square
0.8568681117454086,0.8537118492950222,0.8844625913555012,0.8402807751201995,117.03775815614611,1.0197402310231793,0.8154514208644004,Square
0.9170657474938071,0.8384322436097268,0.9230178286330837,0.9140689618830661,117.88181260999556,1.0032785115081113,0.8430252424236314,Square
0.9992642124739607,0.8366529670283418,0.9160784371163133,0.9934601259371163,132.80988517993848,1.0058422944065013,0.8365060223161868,Square
0.9066682037484919,0.8584677413962202,0.8815149535746077,0.9015650912547262,117.00577907462412,1.0056602818179925,0.7983698898687748,Square
0.8587944035646996,0.8266246058589932,0.8913319913026921,0.8542713549492087,121.10539146092957,1.005294627508328,0.8107544395378917,Square
0.8474260320082222,0.8598320257190438,0.8913037906463983,0.8360771680650173,122.01655713966535,1.013573943143873,0.8032999333324903,Square
0.830009059448929,0.8412691106618623,0.8764243134672726,0.8199578030281927,120.13049979289752,1.0122582605880643,0.7850986499210966,Square
0.8393299113952881,0.8146509627487954,0.9090588265782218,0.8368672734746735,122.98684413284171,1.0029426863717466,0.8278807024315626,Square
0.8033185356153034,0.8720887728937083,0.8857906412564169,0.7934978386611725,119.23629695712627,1.0123764633949108,0.7977735376463763,Square
0.7753652677487612,0.7964530217841851,0.910884230140296,0.7753652677487612,132.96047674202964,0.9981117413539154,0.8242406545652319,Square
0.9067143449602715,0.8491635648819842,0.9150578436884312,0.9005982085530029,120.09813077529763,1.006791193174918,0.8212611380263792,Square
0.8374162770853599,0.8087553582721503,0.8990427382589438,0.8305935831001996,125.86719906026863,1.0082142387371866,0.8066064791764679,Square
0.8659041012779713,0.8572123725796373,0.8615811256632147,0.8499333937417776,121.82580108864379,1.018790540122072,0.778260386844234,Square
0.8707415012370452,0.8420258772606544,0.8879887240568077,0.8566181629797239,124.30714354821771,1.016487320567887,0.8125160504663685,Square
0.9065600644001399,0.832802990727882,0.8926336861230664,0.9056410653169856,123.26547779168713,1.001014749792549,0.8059921002532157,Square
1.1861082546833768,0.8087968080317256,0.9137079727075829,1.1861082546833768,102.28369126536639,0.9966971905466818,0.8261553471684296,Square
0.9216249488774373,0.8270786775240413,0.9172852006922766,0.9183316561932238,121.88018640256462,1.003586169181911,0.8462983648720696,Square
0.7542561029473552,0.8514328695101722,0.8908959266179126,0.7488470182814642,123.19504401484751,1.007223217204369,0.8100912821087072,Square
0.9097224932941126,0.8477891706176536,0.8867927579482666,0.9001106567207728,119.88020599955298,1.0106785054721572,0.807034145216052,Square
0.8707137163189144,0.8175836023406823,0.8707202908012921,0.8581394978743346,115.84320405614798,1.0146528839142435,0.7820606713561068,Square
0.8736448295364517,0.8482911921832311,0.9016057537527543,0.8683933797638613,119.84996019609875,1.006047316682698,0.8236690760378775,Square
0.8865972417239978,0.8544459294325828,0.8766318746506117,0.8728583863415563,121.12566924419262,1.0157400737593019,0.7929249830709493,Square
0.8395052590658401,0.8327876803044044,0.8857712746842864,0.8343872796517522,130.64421884833084,1.0061338176394827,0.7965787265876575,Square
0.9111749432072687,0.8433482049156974,0.8734597660231315,0.8968907253977769,119.8778280982905,1.015926374757813,0.7877760831353685,Square
1.1937178022042017,0.8608424016946281,0.8935507282836908,1.1853361686662183,107.83279661466477,1.0070711024935775,0.8172182672800824,Square
0.992827338851263,0.8293004206459473,0.8941363224426286,0.9819022860668357,122.67267867012252,1.011126415468681,0.8070917532381963,Square
1.0451176804210587,0.8406521523617972,0.8748060042999597,1.036201131250758,110.45381922336573,1.0086050370930764,0.7840460125510406,Square
0.8741122854820133,0.8485814156061188,0.8919561862007587,0.862042503994719,122.48913482946881,1.0140013763026332,0.8095830249785393,Square
1.0122693081546321,0.8647038246320771,0.8598021968580984,0.9914297218244579,119.06359808950178,1.0210197312743707,0.7770639199190458,Square
0.9308045416363019,0.8584932436669226,0.8781220598594549,0.9122894285102822,118.7382053492352,1.0202952183237002,0.7989891069690056,Square
1.0082039409484245,0.8579407096577564,0.8585475170052226,0.9851157479492293,110.49541844695754,1.02343703574657,0.7642586644121072,Square
1.003924035390293,0.8244242169029842,0.9238156401949735,1.003924035390293,117.92746258833812,0.9984621257705832,0.8416142430624548,Square
0.8567079093096577,0.8347386616498118,0.8840353460596367,0.8510785587715638,131.62587873153413,1.0066143724102499,0.7972462582378169,Square
1.0126364260477012,0.8450889410734349,0.8843770524464449,0.9953191927593676,108.04303323043119,1.0173986731234672,0.8106217218019257,Square
0.8772445987459601,0.8729951183159712,0.8830798488715137,0.8611162946737824,126.13807262568442,1.0187295306939785,0.8038872301056058,Square
1.19318588737258,0.8387094014865131,0.8955911272432605,1.1823936253269955,106.99433773733409,1.009127469748156,0.8104892608304726,Square
0.9226098695060699,0.8452331459301822,0.8659178279467765,0.9070263347325753,123.10754630102008,1.017180906636067,0.7863697069598117,Square
1.234727882601232,0.8306294365167305,0.8843458083633052,1.2275885015244732,103.69520209158891,1.0058157770848235,0.7929691493224235,Square
0.8588159720161794,0.8624560359163782,0.8725824510348782,0.841504881426869,123.4033469334212,1.0205715866555134,0.7904490600434168,Square
0.9288156174237077,0.8487046220832809,0.8903630125785659,0.9172737019084511,120.79620106847855,1.0125828479452128,0.8091127127866126,Square
0.8380452732572626,0.8524812099477002,0.9019467785871182,0.8285791778384143,114.69688630453822,1.0114244910710204,0.8152754640105445,Square
0.9536650096349254,0.8461501181581801,0.8959066508520109,0.9441609753279367,116.9532959513492,1.0100661164307152,0.8237192873267127,Square
0.913008616333979,0.8731111285290918,0.8749342655072931,0.8938571891115948,117.61837708535258,1.0214256007063263,0.7927234690529755,Square
0.9642962268581029,0.8275323175845365,0.8874646205209143,0.9598681402103675,114.35396873080002,1.0046132239025716,0.7993219456979364,Square
0.9204552096541412,0.8420435701453971,0.8780396110304455,0.9076458954395075,119.92764360052517,1.0141126779496217,0.7916829993175051,Square
0.8442835183974652,0.8417526494023989,0.9014096316096809,0.8350506775236322,123.04471884601244,1.0110566234150162,0.8120607414037283,Square
1.1064274915534447,0.8635997083674319,0.8952038949763715,1.0966630751989888,110.47140654846454,1.0089037522784143,0.8118035936682766,Square
0.9188036762080666,0.849421642948431,0.9047508309431844,0.9120812589925387,119.89323155297251,1.0073704148059717,0.8243914780369598,Square
0.8575175401357714,0.8028895707395095,0.8928053317537629,0.8575175401357714,122.85568999561552,0.9995960934008808,0.803021983024442,Square
1.3884914960957293,0.8388219945838508,0.8782297494996533,1.3760069178415584,93.90944305350172,1.009073049046697,0.7888739099007968,Square
0.9487315804411478,0.8580729278948392,0.8919559792910773,0.9427161252076331,122.040776777946,1.0063809826443668,0.8216505838597005,Square
1.0649216085005102,0.8022022412130413,0.9397992500909114,1.0649216085005102,114.86242952359964,0.9955904437326524,0.8608148754140169,Square
0.9054292424728307,0.8292191603732878,0.9200568534279487,0.9054292424728307,125.35126191812938,0.9980633906615606,0.8359140864591873,Square
1.0719110089813493,0.8457711173457824,0.9095743054633767,1.0643956490568152,116.10703123776132,1.0070606826805368,0.8321342975980122,Square
0.899038576789385,0.8450457992368481,0.8840232894978123,0.8885319384249243,113.48147758389112,1.0118247166028558,0.7912297863506721,Square
0.8584149154485035,0.8241554164745662,0.913192559390448,0.8558332014908113,118.15802450870636,1.0030166087891834,0.8413113046920239,Square
0.8984743421918964,0.8400106816615489,0.9209985258784349,0.8984743421918964,117.49104044228282,0.997317665799718,0.8340935862461843,Square
0.8968077599104111,0.8472556356477162,0.9168374481264995,0.88936424173276,121.92435757082175,1.008369482185554,0.8340837096090516,Square
1.1916456380559861,0.8636207937036473,0.9148958538689744,1.184499508516221,99.36991655914203,1.0060330371506163,0.8343910107553139,Square
0.9721385616954841,0.8460041114549602,0.9196598006667803,0.9651728520475157,119.96858836877199,1.007217059237826,0.8416267044220029,Square
0.9350677495154593,0.8480472877539948,0.9227750265055402,0.9311516088209658,123.39474724702659,1.004205696105119,0.8487585218445417,Square
0.9150042065170146,0.8204532043767072,0.9431382874459827,0.9150042065170146,119.85391242130834,0.9894188743036,0.8636803718000268,Square
0.8196443822715649,0.8543607459841702,0.8688395364094267,0.8078590852468124,125.15668252227188,1.0145883078373155,0.780213024694224,Square
0.9116548223566582,0.8290397509815238,0.9191745212670085,0.9067988903201576,122.50560398728886,1.0053550264433895,0.8524662370856052,Square
0.8552840068771779,0.825616142920651,0.9250828372800948,0.8542836296638529,124.27524418881427,1.0011710129734297,0.8499068826926097,Square
1.1388328449148681,0.8590987772017767,0.8914221929716639,1.1267397043801723,106.60095198711154,1.0107328609151556,0.8101014928069028,Square
1.174446739443263,0.8325910090141059,0.9060069664783148,1.1685275289587982,106.69421775399523,1.0050655293416484,0.8354740596581864,Square
0.8316685041689557,0.8232634561186203,0.8704340687236598,0.8162491332987264,121.04806367299128,1.018890520358551,0.7873263176719533,Square
1.1556582485064897,0.8549122672209172,0.8861221844389522,1.1350416121017857,96.25586281695296,1.0181637714290737,0.8069574664411371,Square
0.862391991948487,0.8812263905912917,0.8745191488960299,0.8467348773961297,116.77905920631366,1.0184911652635662,0.7825583706004737,Square
0.8096555205084054,0.8775446274148487,0.8517631666491425,0.789120467066558,126.54596201915979,1.0260227104718036,0.7771669686312677,Square
0.8858806302664599,0.8557040460354225,0.8875538491175112,0.871316844707442,119.77648653387196,1.016714683811614,0.8139286129775614,Square
0.8474186366943006,0.8762098503628342,0.8631788789752816,0.831395489137076,124.61924458615394,1.0192725938095424,0.7868533549585163,Square
1.0853042641847324,0.852930742576857,0.9036054142659777,1.0786941236447793,116.51151321775414,1.0061279100303413,0.8323935218206756,Square
0.968039175856516,0.8525709953612951,0.9038661280589715,0.95963693081798,121.07962576880463,1.0087556499429153,0.8335511413197177,Square
0.8971319184786206,0.8338855726025306,0.918323518041811,0.8912698197271356,115.23878811809438,1.0065772436379363,0.8454169353553067,Square
1.134547739939467,0.8491275144913981,0.8753786450501829,1.1177819002942273,101.15836252699901,1.0149992048008887,0.7998179540345243,Square
0.9872839676769631,0.8523932058191425,0.9118929125627956,0.9864126614568328,115.1162104164691,1.0008833080253081,0.8277324416068296,Square
1.16898153049764,0.8425440152965341,0.871802605699679,1.1524428310521115,103.62816249346095,1.0143509933854418,0.7920120687618939,Square
0.8359422913753752,0.8642280404837522,0.8976854524342571,0.8265532707266398,126.10599639874786,1.0113592444446824,0.8110456845275954,Square
0.9106990959471363,0.83907153518063,0.8910983803043305,0.90004275147995,121.98004895014122,1.011839820330383,0.8145727876463934,Square
0.8444215750224263,0.8591710952531307,0.8771520608860577,0.8311571606469835,124.44006800296609,1.015958972626931,0.7935636068582594,Square
0.8651343605552791,0.8129052974967407,0.9177765678084431,0.8639080622985412,119.78489022136353,1.00141947773178,0.8282742851206247,Square
0.8660176362949412,0.8509014143841832,0.8833298925508282,0.8571115960138316,126.6475945237763,1.0103907592926393,0.8009690317133144,Square
0.8950798166363595,0.8299656238540352,0.9202120531410557,0.8920764974119888,119.94572558847672,1.0033666610801693,0.8226120009527823,Square
0.8245026497538752,0.8510358770314617,0.9068915124235063,0.8225203800244293,118.64493122093698,1.0024099946671075,0.8307882287588034,Square
0.8452629285867227,0.8666603346132336,0.8714459711245917,0.8333817155547117,117.74160992129848,1.0142566279176195,0.7939455468288985,Square
0.9621701125138057,0.8483077245435512,0.8942044093603032,0.9562906271649431,119.7222940344947,1.0061482201977585,0.8151944620949076,Square
0.8017496773637448,0.8278226059217075,0.8959072852579202,0.7968743405001997,134.45695324909764,1.006118074852912,0.8100155828722303,Square
0.9593264060989813,0.8394872560464677,0.8835624595519528,0.9462006155673051,117.49367141467076,1.0138721010277578,0.8054980489314134,Square
0.8819140940403792,0.8085229296282976,0.9293710969465397,0.8819140940403792,122.34244757984604,0.9971335724955553,0.8395239967052778,Square
0.8483397236439113,0.8114869132122543,0.9131817020384803,0.8468704912994199,118.82447188977044,1.0017348961377046,0.8318760488883069,Square
0.9261649639730136,0.8269023651136277,0.930066834404338,0.9237494361337525,121.40092561183873,1.002614916713098,0.8470195416850159,Square
1.0045348706653594,0.8657270828069749,0.9310109112468657,1.0045348706653594,114.24694882230006,0.9863755783562029,0.8548014776429863,Square
0.9491474918277252,0.8463599721633114,0.9189888700958547,0.9491474918277252,113.74729116547398,0.9977692259013488,0.8318004477537837,Square
0.8249382534910666,0.8399352878226237,0.9100678201076638,0.8249382534910666,115.68725549821197,0.9978955442512599,0.826012978560308,Square
0.9572535092003361,0.8500340976790492,0.8940869635534892,0.9510277869666407,113.06395389589066,1.0065463094969629,0.810547428828443,Square
0.9438295901549724,0.8449495783978702,0.8907769978629648,0.9288151169611446,117.44100788146186,1.0161651903803541,0.8093665827453795,Square
0.9402776558691761,0.8249831711244834,0.931217097896992,0.9402776558691761,124.10629313492286,0.9894948967014586,0.8607660396249485,Square
1.0273936107892092,0.793757668781267,0.9441698782289057,1.0273936107892092,122.63575867908418,0.9870424523417706,0.8560855967467998,Square
1.1985061096207086,0.8278973983071437,0.9236878762107604,1.1985061096207086,102.91069551691902,0.9955894152846476,0.84022754927187,Square
0.9241130870476798,0.8490336801188682,0.9292348476386553,0.9241130870476798,120.59964647399333,0.9966429185090097,0.8316866504631343,Square
1.1732439394389225,0.8533704417582098,0.8677331078697823,1.150066839781199,100.80127534125691,1.020152828388768,0.7805940066073828,Square
0.9659059998329333,0.7880199370282801,0.9130411566100112,0.9659059998329333,110.65450578775041,0.9966188941231056,0.8261827407569574,Square
0.9087340964111962,0.836705902724922,0.9149707277680037,0.9087340964111962,115.44270366316572,0.9991513790640059,0.8332324961727656,Square
1.1404667955888141,0.8066747519747806,0.8961904663312442,1.136827416688091,109.45902279111574,1.003201346877546,0.8056383840385442,Square
0.9916756074205145,0.8155553215026949,0.9115500225019505,0.988284488982646,118.34521720807854,1.0034313180826702,0.8172658201971926,Square
0.9123908820868457,0.842417704486356,0.925948566185616,0.9095994408593906,117.92129535965132,1.0030688686712668,0.8463655705046383,Square
0.933040532099185,0.8370903658605461,0.9371594451557064,0.933040532099185,124.4795515719951,0.9890226879209519,0.8584288159484825,Square
1.0431032797987816,0.838384541379855,0.903747328774148,1.0391344801797684,110.98997222744896,1.003819332044806,0.8178557304740626,Square
0.9403578124613752,0.8453345174889222,0.9043991502643058,0.9387226721525195,113.46113022527463,1.0017418779340934,0.81622910970132,Square
1.128222235998965,0.817939166048824,0.8887745084638403,1.1217848627279818,105.75935389695306,1.0057385096598013,0.8066679331973423,Square
0.7843663406499014,0.79647105479912,0.8704125599564311,0.7806724034564563,129.78307095433823,1.0047317378929883,0.7876614409654892,Square
1.139420388736291,0.8480309534477279,0.8870656149916185,1.1228293852547198,116.0469999836866,1.0147760681181384,0.8099298924795728,Square
0.8616356129816564,0.8075586305133183,0.8708129471601894,0.8578602980311977,120.02185101298124,1.0044008505337327,0.7831541560530265,Square
0.8502235020278581,0.8041628348899208,0.8716124487899558,0.8433835371660402,123.04436245306842,1.008110147471934,0.7807212422313863,Square
0.873981725984294,0.8045746618542433,0.8740152934747172,0.8629680119952031,119.03243311299748,1.0127625981913593,0.7971325504864267,Square
0.9080344909268186,0.8232947692560028,0.9092238012792672,0.9080344909268186,122.18065337809237,0.9992746161203353,0.8269666027941602,Square
0.8268473383749985,0.8184157892018239,0.9038585063766279,0.8268473383749985,125.27918233855057,0.9983442634320197,0.8218517919809846,Square
0.8186666285663564,0.8299355594699064,0.8915320186297723,0.8164167577536606,130.3225440560602,1.0027557871532258,0.8140479994314702,Square
0.8494173504865495,0.8248184810851868,0.8972375831420057,0.847560865221687,122.4431886075435,1.002190385777636,0.8167596541191241,Square
0.8135900842827143,0.8140383848929217,0.9081054195442244,0.8097659112917478,130.199439956301,1.004722566037469,0.8282517516096163,Square
0.8889105254358587,0.8166426066139909,0.9052404752833493,0.888553259939648,113.99225506324143,1.0004020754999368,0.8236118737262478,Square
0.8927440262307005,0.8372805999708849,0.8923323526825957,0.8927440262307005,115.77077905600198,0.9998055679892258,0.8089797994342793,Square
1.1822520334249362,0.8289525227719936,0.9086206361221255,1.1762228940111699,108.9645627469416,1.0051258476981397,0.8206254956355312,Square
0.9373255971408868,0.8449607064252238,0.8998095774820846,0.9270386063425469,118.48492893070447,1.0110966153167293,0.8185241575224049,Square
0.8960176149968403,0.8305955927242187,0.9019264818920967,0.8889802787282155,122.64823458000595,1.0079161894105146,0.8177657499292883,Square
0.9178691088232673,0.8497835371976162,0.8861828999436808,0.9078211089930734,114.6372033548835,1.0110682597382417,0.8013116050591631,Square
0.8351994830781708,0.8031989059944776,0.9386711766612937,0.8351994830781708,123.91727392677087,0.9939390647700577,0.8479887058609656,Square
0.9252320190384482,0.8322260669359168,0.8919565017589466,0.9150715631010834,120.40204958008503,1.0111034550160558,0.8176330310765382,Square
0.8698831682224887,0.85123134459509,0.8860556498343138,0.8572041322452149,121.19889355301514,1.014791151255961,0.7957265219782784,Square
0.8820708580264689,0.8415105498071653,0.8890711880988144,0.8791227036509052,115.59840676180615,1.0033535186423015,0.8123070775027187,Square
0.8401126948486436,0.8289345150094343,0.8944429809893323,0.8328953405513522,124.22498185655473,1.008665379605214,0.8052144842688757,Square
1.1353606086147194,0.8166814672639866,0.8877569416309379,1.1310115745522518,109.40245381427404,1.0038452604379309,0.7971463564024357,Square
0.9806741036234911,0.8769610086967796,0.8976462765439737,0.9794139892399738,117.67801108508081,1.0012866003522116,0.8204536074481144,Square
0.8758932922328647,0.834431417934852,0.8911433331775755,0.8721012463091874,119.24232177145105,1.0043481716597993,0.8105815643484302,Square
1.344956659546026,0.8319047582450402,0.913759583413026,1.3399796096753795,98.72995535412922,1.0037142728402055,0.8291844770977915,Square
0.8714168242295947,0.817978537191537,0.9190443017309697,0.8714168242295947,125.19155075546244,0.9972344134409645,0.8344560284090035,Square
0.9038003832902254,0.8630760062378097,0.8988807955842847,0.9012171946057906,125.93456124955438,1.0028663331102605,0.8254872589893013,Square
0.976766680144138,0.843615067542005,0.9096874751218686,0.9739068850457253,116.5472212781586,1.0029364153209352,0.8301039161447833,Square
0.8757521835730718,0.8263695116733716,0.9044881169246684,0.8685163498349648,122.19367064803235,1.008331257942907,0.8291685058081871,Square
0.8693652805732068,0.8234457009212539,0.8931515767962601,0.8641782436597667,117.910083074459,1.0060022766732395,0.8069094018917609,Square
0.9012809382205199,0.8690941496493481,0.8944611928824984,0.8963933508123999,120.13233687577296,1.005452502970588,0.817594544951115,Square
0.8795573639966704,0.8427396934877751,0.9175296850243995,0.872097052581661,122.78905789096129,1.008554450898469,0.8221482276821839,Square
0.9878409837778068,0.8418311651970115,0.9185047857648424,0.983536803929079,113.61384621668043,1.004376226524044,0.8432216348961935,Square
0.8733191803318933,0.8365455729535317,0.8732220333925037,0.862781305540213,123.21140910462965,1.0122138422842648,0.7900780747734216,Square
0.7713435884562998,0.8296379722610854,0.8948884537017705,0.7674126890827173,128.778726175442,1.005122275705763,0.8041462024839046,Square
0.8064214087474577,0.825776819037569,0.8726550925078361,0.8022007603357301,130.17939811911066,1.0052613368378773,0.7831742177212666,Square
0.8583397754260663,0.8328664674579911,0.9087718326348527,0.8531756856510818,124.85598081671408,1.0060527859171744,0.8281848524044049,Square
1.6581833545103266,0.8198285565682268,0.912644756742387,1.652304216005336,89.8021971857895,1.0035581453149132,0.8328265818169289,Square
0.8231252196846243,0.8147905751667386,0.914012593620744,0.81776475338486,122.21473033197546,1.0065550224286097,0.8320623131349177,Square
0.8422649905401403,0.8348530869842472,0.9313270605262111,0.8422649905401403,125.95018717329886,0.9986217030237368,0.8511571028683433,Square
0.9058499755495876,0.8383747142624146,0.9027479844639335,0.8984607023423706,123.26067617681237,1.0082243699562512,0.8126378947460189,Square
0.8074879372711741,0.8167687767355853,0.9171070939799905,0.806911637570635,132.660134131172,1.0007142042247328,0.8344931272426557,Square
0.8565167291854704,0.8460186721267564,0.9053377178928421,0.8470228089819348,128.60922624587263,1.0112085767972963,0.8405418329209878,Square
0.844853949522776,0.8456574743073604,0.9047368203114502,0.8371398446350891,121.28383902627756,1.0092148342204994,0.8220696440237951,Heart
0.9261915430679578,0.8566066746595942,0.8524408391076597,0.9097139564748012,111.15047775990722,1.0181129315164168,0.7625984695466653,Heart
0.8286811983173682,0.8362682263553419,0.8644975660132055,0.8177891205224076,114.04257216169374,1.0133189321325315,0.7774543221873322,Heart
0.7471072741831875,0.8757086621872618,0.8591917128933602,0.7321021729814149,118.84226600328421,1.0204959113024699,0.767233765786875,Heart
0.9892968699840884,0.8274068050505299,0.9196484508766749,0.9865839898304448,112.05487161960438,1.0027497711108304,0.8187819403446387,Heart
0.9100579091634744,0.8358148961888697,0.8833394020771121,0.9027953196020329,116.64258563914403,1.0080445582777755,0.7918129932446969,Heart
0.9169021329436333,0.8464320694402635,0.8799463538428104,0.9035845798435702,113.31186851118511,1.0147385794281356,0.7913262262536896,Heart
1.1561630694988108,0.8342184653462126,0.8924442349125405,1.1442122555085474,100.83973025107055,1.0104445778593343,0.7947678063906667,Heart
0.9286571642641813,0.8441346379191357,0.8850098725680191,0.9175261831184953,113.93921532785508,1.0121315133567674,0.7992506293624865,Heart
0.865221797366944,0.8274204828315721,0.8967412327935335,0.8625406115813528,118.34640270440774,1.0031084748353771,0.7998393265652862,Heart
0.6131651654036788,0.8328931100919683,0.8980717877580765,0.6084328838137171,135.44317174719242,1.007777820226118,0.8156228010321462,Heart
0.8787182191647211,0.8491545125579616,0.8681408066168007,0.8650478493841287,123.3921971416167,1.015803021521093,0.7830701104947098,Heart
0.848475007062321,0.883354086979621,0.8662342366471619,0.8253752840765007,106.87893821105216,1.027986933255054,0.7788657211140049,Heart
0.955794575908923,0.8351743034848748,0.8836059527380139,0.9476919701531208,109.94575278400099,1.0085498305472538,0.7933141571382936,Heart
1.330443422765959,0.8082903407643265,0.8823276068412675,1.3172908871297453,89.28584249507192,1.0099845339892024,0.78778234307557,Heart
0.9928698189534092,0.8220590776884531,0.8887506152078232,0.9864406937440807,115.97621336461086,1.006517497960193,0.8039715926467251,Heart
1.0457991061921974,0.8585464291522162,0.8904517716476678,1.0386000128754653,110.30289525162196,1.0069315359401938,0.8055570551970972,Heart
0.7780130197971524,0.862975803228079,0.8694998031834916,0.7672537184610296,123.26727756098244,1.0140231335179501,0.7807296607282961,Heart
0.9895885352018405,0.8761625666096389,0.8803428044737838,0.9752097992227797,104.92600275137359,1.0147442488688285,0.7832062403031781,Heart
0.8381701682420791,0.8575375706143907,0.8641435162339418,0.821896837804412,119.87604415509222,1.019799723869408,0.7743097841525212,Heart
1.1413396492034746,0.891483689804655,0.8518843731485646,1.126447215337546,96.63720221899595,1.013220711688178,0.7627461519644422,Heart
1.0505473592922792,0.8344156344713751,0.8602754671018064,1.0374096069845993,98.1535570503635,1.0126639971513922,0.765665316309167,Heart
0.9715135219274262,0.8357523659903804,0.8935401898997744,0.9679239017698419,108.74877278030846,1.003708576832353,0.804214976301552,Heart
0.8883986605696638,0.8440269934627349,0.8711486983486306,0.87811714901398,118.04451260707363,1.011708587592474,0.7822165918556037,Heart
0.8914109187755064,0.8566770332069511,0.8548379817782674,0.8728756138479575,106.62900853787274,1.0212347608679757,0.7643592653700747,Heart
0.8912357792129184,0.8088949186157038,0.891559505746504,0.8892011001757395,116.99940682893508,1.00228821021114,0.7982589878024631,Heart
1.1554583645749863,0.8371128956549371,0.8893172433439109,1.1496409053957233,98.17929008649273,1.0050602402471582,0.7985958699233034,Heart
1.157915044505566,0.8647524897581942,0.8691766807823132,1.1412534121271762,94.52912155502807,1.014599415170496,0.7726523326107967,Heart
0.8651479848710024,0.8768873426062536,0.8814412663985206,0.8564407782487856,115.69933925863923,1.0101667352178407,0.7974865248265923,Heart
0.9349319844755485,0.8397448917498314,0.9053613510334731,0.9340088803572634,115.74015677535293,1.0009883247768823,0.8058013515737652,Heart
0.7710154538783206,0.8544361739380598,0.8647156708803739,0.7611622664121599,120.40659144433522,1.0129449237054342,0.7653366762577098,Heart
1.0431274021478267,0.8350772828211072,0.8772166602089847,1.0254553380944205,108.42398114153345,1.01723338247597,0.7817331402753104,Heart
0.9701753663094521,0.8524068382239838,0.8886909508280839,0.9601993614824917,109.80745962672547,1.0103895141229402,0.8040836324749656,Heart
0.8781511325799263,0.8382595247699159,0.8707666703105522,0.8663547392991466,109.48336195648233,1.0136161236796863,0.7886714591615787,Heart
0.9476915751672395,0.8743297845998419,0.8737379453077705,0.9270307894471621,105.51262694086863,1.0222870544918994,0.7839787895131506,Heart
0.9447099696483552,0.8057853453235281,0.8999193542479562,0.9446153297102401,111.8437055419133,1.0001001888653915,0.800743923281704,Heart
0.7736909937248583,0.8697682355314255,0.884404758731883,0.7592839880174849,120.48188478842175,1.0189744626974033,0.7845085800392958,Heart
0.9561622180940048,0.8657351088779864,0.8969667451789681,0.9497327380595789,112.19422698331473,1.0067697782510499,0.8157597755354914,Heart
0.9035188765022872,0.8683801971202941,0.8661461095251176,0.8852054050310735,110.11648424878884,1.0206883864096727,0.7759918868255364,Heart
0.8866454250753586,0.8309828131066967,0.8547715661020417,0.8698826402484227,114.10426819028626,1.0192701682403373,0.759175630710381,Heart
0.6953828709589652,0.8912848047326758,0.8705126944073606,0.6795434897279569,122.28108357656816,1.0233088558281227,0.7800750449280075,Heart
1.1204356870395755,0.8626839378370459,0.9016421863014569,1.1178270192286486,100.66921999025885,1.0023336954341353,0.8083870864771397,Heart
0.9874488537804738,0.8616127775573281,0.8947300805971103,0.9852136403128678,109.05317533427292,1.0022687601715463,0.8107984530605127,Heart
0.830045246033111,0.8575909333581608,0.8745183578614891,0.8162903338687408,111.69566175937902,1.0168505145702018,0.7872332691639075,Heart
0.993066093684816,0.873870382588977,0.8984106933504695,0.9807644139162225,108.53702287769295,1.012542950778029,0.8153673759926637,Heart
0.7932379353945455,0.886178523043553,0.8391937672325955,0.7805609829089626,115.77387501510044,1.0162408226431443,0.7492982111287669,Heart
0.8851288111618733,0.8585021703478489,0.8722281371760017,0.8750628223972348,112.1004858810419,1.0115031612668253,0.7873566032371012,Heart
0.8567609261648039,0.8602615279986521,0.8874715643631679,0.8478321891777965,120.38817625448203,1.0105312550065673,0.7958997941205394,Heart
0.8813878355719269,0.8397030760356419,0.8773336767936771,0.8665268822767852,118.35247030691693,1.0171500199233228,0.7854260347748864,Heart
1.0628927846238467,0.8666373454413233,0.877151030671696,1.0436333086401843,110.29560652739907,1.0184542557469316,0.7888221885255092,Heart
1.35547294606899,0.8245573051685403,0.9090473237876631,1.351170717052713,92.41278041708824,1.0031840750853906,0.8113037197919609,Heart
0.8504765997997754,0.8431882422685995,0.9275365500209428,0.8504765997997754,123.50902778575413,0.9953218729696577,0.8322557109661237,Heart
0.7717581946258119,0.844336427849505,0.8896014147086919,0.7587718298460644,118.68232872794142,1.017114980115145,0.802138913848679,Heart
0.7767731266783938,0.8582884609661872,0.8632361867783764,0.7681510347710307,119.61494966775928,1.0112244747674306,0.7725543631813019,Heart
0.9646107553613851,0.8331737971308083,0.8714767991040138,0.9574447338685412,110.54101542416244,1.007484527554807,0.7799324467230614,Heart
1.1149670196588353,0.8336663599447678,0.8961574656199154,1.1149670196588353,98.4131326589622,0.9981843111225488,0.8009760442574434,Heart
0.7916600879741503,0.8583070330239683,0.871949115494285,0.7794199964342139,114.76777954553687,1.0157041025325677,0.774030653286986,Heart
0.9190337997741274,0.8627345267533286,0.8774277409454813,0.8996441513759931,107.2026032417915,1.0215525753915902,0.7992280812418846,Heart
0.9530488965540312,0.8211792984523089,0.8635610951955072,0.9406247175388412,112.39923063527034,1.0132084334841827,0.7762227550205979,Heart
0.9707640793874885,0.8216962770124925,0.8793497860002415,0.9585072981499754,107.82769855369227,1.0127873634986089,0.7799042696406755,Heart
0.9362545466059811,0.839040008188234,0.8581285055951412,0.9235372748427906,109.8566192452274,1.013770177024371,0.7622503112786337,Heart
1.0276495780803194,0.8581386110332826,0.8812371487403564,1.0185405439034982,101.13733746788304,1.0089432219771155,0.7862979334059103,Heart
0.9169369998824161,0.8308948542665068,0.9044716883465674,0.9105471545674656,119.19556375240062,1.0070175885816544,0.8160827603329844,Heart
0.8504905216437922,0.8735008721606663,0.8890399327954513,0.8404004962397666,117.57762208822844,1.0120062106688084,0.800940207835732,Heart
1.189433576787022,0.8373393862036619,0.8798786561987908,1.1738760154887182,98.09841604574582,1.0132531554380781,0.7838960750306119,Heart
0.8427712410618238,0.849279246862711,0.8946015166318012,0.8367070263613583,119.97721852646822,1.007247715758809,0.7997750734202399,Heart
1.0103239461088187,0.8790765902404031,0.8837110982492414,0.9929028260683077,110.7919330636521,1.0175456445314945,0.7992036970333611,Heart
0.8955323243991599,0.8373460725814972,0.8600878782260355,0.8832337572836699,120.03780840612464,1.0139244758412693,0.7679190658644295,Heart
0.8765515157708474,0.8283794788937805,0.8739112954516175,0.8573768072252311,112.15173109062978,1.0223643891274272,0.7884806211277848,Heart
1.0838225133964141,0.8557003998121625,0.8701226816584866,1.0629283631927744,101.33118066013593,1.0196571574596793,0.767468447955015,Heart
0.8856433742526579,0.8510762065349969,0.8534455705412788,0.8640409423105871,112.06750121899597,1.0250016299971878,0.7628187860926331,Heart
1.0836755424248172,0.8691614766671133,0.8857575280566619,1.0799420589703947,100.88909598128485,1.003457114595557,0.8065216170481925,Heart
0.8675175366527028,0.847179753952944,0.8881814462712232,0.8517970860323624,112.9780147131864,1.0184556285506514,0.7892670264756771,Heart
1.0741198633562334,0.8377984440788727,0.8872248945922484,1.0696300055529084,110.45804138702135,1.0041975802660885,0.8083598143725879,Heart
0.7945632441843316,0.838157742441118,0.8895639220781985,0.7926623345201173,125.61439388397613,1.0023981329519902,0.8035764323953039,Heart
0.9982697563277229,0.8347288161518905,0.8696080357820792,0.9876864630430516,111.6343864585391,1.0107152357359077,0.7790842647157467,Heart
0.9378224793988518,0.8588094475496785,0.8602796678587784,0.92964938667557,105.52358807191615,1.0087915862048904,0.7672024865488027,Heart
0.7928274395688967,0.8158965589784647,0.8902583159947466,0.7842400957347465,120.69560282178756,1.010949891341764,0.7901913355235745,Heart
0.9294339819446448,0.8250381818420728,0.9006537484685472,0.9196661320086055,111.60365042976107,1.0106210825821167,0.8156153944074741,Heart
0.843621737465724,0.8390024131591958,0.8827568331326349,0.8330170956202768,120.2807736767769,1.012730401214096,0.792190870697384,Heart
1.1982454351732663,0.8457494502425131,0.8860244595037974,1.1835989265984483,103.14494381210544,1.012374553783105,0.799545667124086,Heart
1.1494983214544312,0.8492115056294722,0.8681386357071432,1.1398941941851544,97.26712466757843,1.0084254550275538,0.7810147091492448,Heart
0.9512566675660402,0.8289496399360917,0.8795482120441734,0.9364502746968394,102.91878988694187,1.0158111896266935,0.7806946498650995,Heart
1.0768117085284148,0.8443436880530543,0.8741821240596503,1.0598284670420108,106.64963490679487,1.0160245190750579,0.7825228677930015,Heart
1.0028167534646621,0.8323669240679087,0.8686536718114912,0.9891427204401149,107.09812956637796,1.013824125418891,0.7832296894439109,Heart
0.9720017536453738,0.8474852423416026,0.892216325854545,0.962749639840063,111.50524546073287,1.0096100932396588,0.8077881570072295,Heart
0.8399584356785399,0.8261557540074667,0.9137742901538066,0.8369991278413582,117.85976002188465,1.0035356163928317,0.8257729941760568,Heart
0.8837909006809263,0.8653644275343546,0.856268252682093,0.8676628610260503,111.16028677144767,1.0185879105575681,0.7700666641218809,Heart
1.0825508467700138,0.8615784199733392,0.874637700268331,1.0684584326459001,98.91379370582968,1.0131894828039454,0.7803438654750663,Heart
0.866856359240124,0.8327187290530589,0.892139220686099,0.8610402976310078,115.88037272299584,1.0067546915343197,0.7970988996041567,Heart
0.8955040494373193,0.8641029996843455,0.8697227995549448,0.8848918653206242,112.71659472347667,1.0119926338263376,0.7747060403837501,Heart
0.859773329502329,0.8550582703422777,0.8875477419540266,0.8488923504686023,117.38702344853539,1.012817854970327,0.798103156992116,Heart
0.925932751903876,0.8428715888337571,0.8684316310653618,0.9130610154287596,110.44104078427165,1.0140973453664233,0.7750206170387524,Heart
0.8785765194433363,0.8359301126880309,0.8515674782568974,0.8647586672290563,110.47478304661215,1.015978853682446,0.7481188311403691,Heart
1.0175840028389964,0.875676801634918,0.8721675738270088,1.0022008515074878,104.5333713958129,1.0153493696481795,0.7913989636281151,Heart
0.9500079014087655,0.86800030397798,0.8995790711061992,0.939941093803572,108.98574204234424,1.0107100409499674,0.8058521160362977,Heart
0.8188797758012096,0.8391496849915929,0.9051868320622112,0.8162498521656523,111.44072167358983,1.0032219590957103,0.8112053989348594,Heart
0.8674805579533814,0.8562149342872136,0.8796394506582654,0.8546446406592649,114.36658080365929,1.0150190110409105,0.7862431324764438,Heart
0.9560644667338959,0.839782759473609,0.8721813086749182,0.9413333849996014,105.16236056679166,1.0156491652894057,0.780959716793899,Heart
0.8817086154300815,0.8428064514999579,0.879205517186045,0.8730945472859986,114.60787637254829,1.0098661343961655,0.7835565287466787,Heart
0.9418648431087391,0.8270796094564232,0.8893263901566664,0.9364058763588436,116.05363345676737,1.0058297015084123,0.8067235829611079,Heart
0.9412024328224549,0.8482836012487803,0.8435338585153921,0.9262758397043015,107.85512078742099,1.0161146307377706,0.7452707614482328,Heart
1.1498377775285074,0.8249272719244598,0.9175086339764048,1.1484477092765737,108.1806606900333,1.0012103888063038,0.8303493620524799,Heart
0.8154254123068292,0.8359907012238155,0.8889797832105749,0.8083788869702448,116.21354801581059,1.0087168596931004,0.7988411326211821,Heart
1.0446655898079644,0.8510534850769279,0.872978547362253,1.0426129076343307,101.78585565436302,1.0019687864581412,0.7851185956997979,Heart
0.936491510242214,0.8759426350307656,0.8688874048039346,0.9127836347109362,116.20459769986554,1.0259731601550741,0.7722467699575063,Heart
1.0850910830649045,0.8456795906164248,0.8994552528251992,1.0814010041985225,110.18252596744595,1.0034123131493824,0.8172478781788508,Heart
1.1903574216005146,0.8380042451463883,0.8873654280636495,1.188861795063341,98.22314624729087,1.0012580322989466,0.7944762132788855,Heart
0.9102327630757029,0.8721216420705773,0.8664927121156816,0.8991054288209871,106.27843547105967,1.0123760060811857,0.7792813756578032,Heart
0.9023342133543454,0.8686562306555061,0.8677587412822132,0.8947633737429453,108.54608291347996,1.0084612757222393,0.7799703456919175,Heart
0.8633413032141802,0.8117442907804023,0.8946924357876833,0.8557965659451235,115.53323724369305,1.0088160405980648,0.8152995289238992,Heart
0.8086863604985477,0.8161038200501924,0.8852124185372694,0.8001337239238254,120.4666725504381,1.0106890089981215,0.7910289211938284,Heart
0.8057470983267909,0.8097197196727952,0.9048439719733777,0.8042432726159321,125.47609567069539,1.001869864209081,0.811806149726713,Heart
1.2341305221195609,0.8546991552499945,0.8895255083812195,1.2170532073080704,98.96969557598548,1.0140316912267646,0.8059430748295868,Heart
1.008583640059333,0.8141936563892912,0.9074531284382823,1.0044307280821458,110.80977760951399,1.0041345927211098,0.8218281283012245,Heart
0.8904299404673011,0.8337292122223999,0.8970773760228657,0.883432046560164,115.88871260452633,1.0079212588386226,0.807263842105483,Heart
0.9411874179709573,0.866612382269783,0.8989037795230219,0.9322916593108533,113.48861626777109,1.0095418194202013,0.7902923133328283,Heart
0.7545686640930105,0.8575401439177847,0.8568293208700374,0.7449275069142798,125.92913449807597,1.0129424099516304,0.7604157204966404,Heart
1.1890515480227748,0.8566269920888029,0.8542008867933294,1.1696070229786266,96.18185005722275,1.0166248360877903,0.7565693737320023,Heart
0.752052521190954,0.8486078898942363,0.8876557562193245,0.7442636593623674,123.91043466770613,1.0104651916435898,0.7906310229045863,Heart
0.8460462407295125,0.840318949083021,0.9135078794664145,0.8386766015131278,114.8690827499713,1.008787224065973,0.8209213876680301,Heart
0.8733995512268208,0.8367263462400689,0.8817254489465457,0.8670340891321044,117.98000413565738,1.0073416514696534,0.7923812703684047,Heart
0.8925065542802754,0.8440726227711286,0.8680526123680057,0.875143370238652,115.39822053681411,1.01984038802338,0.7678056926697555,Heart
0.8960210692796333,0.8610565573777543,0.8705513118276893,0.8793295362590401,107.00916547302116,1.0189821134538533,0.7853865887043926,Heart
1.7225037830580643,0.8795964445903696,0.8948034561828887,1.6764610813399519,66.69971321231866,1.0274642234350657,0.8014851824866783,Heart
0.8630609343154889,0.8289376004806083,0.8476224790373442,0.8474391341677454,109.53590346693527,1.0184341264379835,0.7555018286974831,Heart
0.9054179877598425,0.8573185270098587,0.8960604254720264,0.8983143786622794,106.42389291247989,1.0079077094459308,0.8131472587609433,Heart
0.7469776891378737,0.8428956087542374,0.8807900252404961,0.7371331844274478,119.41777313212927,1.0133551234951828,0.7856105254066775,Heart
0.9897966672339713,0.8488374224845314,0.8574376460464493,0.9703076878796045,109.27800016272018,1.0200853601365931,0.7677058675101749,Heart
0.9756698844346683,0.8799887082704048,0.8505243158047927,0.955738707143826,108.53770921492377,1.0208542116604291,0.762275651096141,Heart
0.8006103696799154,0.8737682413542327,0.8775219637008359,0.7916640223700864,118.37655792507043,1.0113006869796173,0.7838887463328479,Heart
0.9218519689387407,0.8118706861034092,0.8779792457603081,0.9106539648115772,105.75991669548551,1.0122966621349752,0.7763285120437043,Heart
1.1905037522063693,0.8310927754940624,0.878216904424692,1.173896695024521,97.99857611552267,1.0141469494311008,0.7750223772569046,Heart
1.2084320669178699,0.8764142485270214,0.8662888882871381,1.1844752522314448,101.68603617849098,1.0202256776925416,0.7841414404523032,Heart
0.9905119140368343,0.806308389443436,0.8864474450460045,0.9905119140368343,106.55757589895893,0.9993241112448575,0.7939509561303917,Heart
1.0249276052656369,0.8405473683534357,0.9163124350298805,1.0249276052656369,108.46449416852053,0.9988435184936266,0.8273805658997146,Heart
0.8967259882576746,0.8480331705133108,0.8994681317772485,0.8828880427187861,114.41979521654179,1.0156734997749834,0.8126542133690744,Heart
0.7950603539961202,0.8243433842149288,0.900212548000497,0.7938222184829422,117.41720572231411,1.00155971385576,0.8169960766914025,Heart
0.8158652447964908,0.8776368604223265,0.859038172134872,0.7968736184725608,115.77432550041543,1.0238326704306424,0.7725025521962781,Heart
0.9390288976062492,0.8515259802947535,0.8885768020639274,0.9296984581991632,108.1422599687474,1.0100359845978009,0.793891711343545,Heart
1.0397695117552144,0.8486159498508694,0.8784202482606092,1.0253109398432372,115.93667459845584,1.0141016459984207,0.7942320811930353,Heart
1.0774810863804534,0.8756594956429165,0.8791178962345438,1.0546673438580827,96.89741242115545,1.0216312211193679,0.7848689234901041,Heart
0.8475346006770156,0.8034459308413479,0.8665968754287579,0.8395638720531207,118.39967218845715,1.0094938918755554,0.7712435432923309,Heart
1.0854119870986083,0.867901213024812,0.8583517192658081,1.0688774830240435,101.31014788518725,1.015469035822315,0.7605282232804941,Heart
1.1875063174362106,0.8702798685280235,0.8474451108212155,1.1602303579220647,92.81856781743943,1.0235090896630183,0.7622320673161896,Heart
0.826880235969393,0.8338168833565133,0.9009009346211232,0.8215734906513077,120.04634123682898,1.006459246042467,0.8047285323533474,Heart
0.9145582189352173,0.887062207319839,0.8533702031994506,0.8934570165798148,103.46918473458749,1.0236174790323755,0.7667196118337604,Heart
0.8655804292949733,0.8204291943018798,0.885068229335663,0.857396059657857,115.85340605509148,1.0095456114416739,0.7916864427895893,Heart
0.877573257040432,0.8536995018876143,0.8894347907000933,0.8668954086265179,112.26820183432818,1.0123173433699826,0.7981115663770021,Heart
0.9038066053475284,0.8393970398287439,0.8833062222962274,0.8930717779461523,122.68907041126785,1.0120201171579553,0.796524947837322,Heart
0.9319215797905586,0.847618786723934,0.8898288348091234,0.9217207699887872,114.40535933845379,1.0110671367445647,0.8137248547995807,Heart
0.9077431149479893,0.891493210838492,0.8439796960083126,0.8869424337976146,99.11255338900705,1.0234521208567195,0.7447974775655349,Heart
1.1419015750802202,0.8790472830455612,0.8695574816623443,1.1274798745293864,104.66279296228595,1.0127910935499878,0.783764606598165,Heart
0.8084377262002809,0.883593792671626,0.861065993447437,0.7920785421328117,112.1563075331031,1.0206534872456197,0.7667773737969991,Heart
0.8643561532398187,0.8276244292218712,0.8666460172643891,0.8547085849493414,111.32021013603986,1.0112875528108205,0.7768379178447532,Heart
0.901854186978811,0.8563548321155711,0.8709404314599835,0.8938363285113335,109.23657248467912,1.0089701640129476,0.7770408269202685,Heart
0.8270595568896819,0.8489030213179699,0.8971721357958641,0.8249209225857952,119.40479629741343,1.00259253250261,0.8026583733720803,Heart
1.1139699962307839,0.8850793160264947,0.8645735122728484,1.091477887535634,100.42260568527284,1.02060702186641,0.778711467471039,Heart
1.0575986141871763,0.8322482422699757,0.8748947551004781,1.037345641947524,103.43017813005511,1.0195238418331127,0.7908135676651953,Heart
1.049056854610611,0.8759625982133621,0.8609990416898684,1.029128873162324,103.61180665677477,1.0193639319311407,0.7726279557793266,Heart
0.748871200549436,0.8548749127223861,0.8782216692071975,0.7408784541312833,124.39219118608388,1.0107882019966752,0.7901229978038765,Heart
0.792443574979131,0.874266760224222,0.8660004280909368,0.7740339697183771,113.26775437361532,1.0237839758731155,0.7714852920914752,Heart
0.9658461113220478,0.8302362620463297,0.8934357594909487,0.9658461113220478,114.6434992256364,0.9994037435984403,0.7898953617856337,Heart
0.8495029930710416,0.8336947079900104,0.9014569808182962,0.8451262920191268,117.8905575364551,1.0051787538658372,0.8094552069526028,Heart
0.8064610542483686,0.859788148080094,0.864851148805712,0.7955823939671086,123.72952961473588,1.013673832356966,0.7754770121261938,Heart
1.1800809689812133,0.8435224251000181,0.84579662962491,1.162368422861115,94.09363678662767,1.0152383235570868,0.7472877430584183,Heart
1.0977874700545913,0.8462568073394531,0.8904176879487677,1.086786718686318,105.73731918905607,1.010122272548169,0.8012857129915432,Heart
0.8741637753445521,0.8247545268988947,0.8594440056258454,0.8625185405363701,107.77769481233489,1.0135014312862658,0.7659538231699886,Heart
0.8248940247408663,0.8475276850203656,0.8407606412549906,0.8064378897841381,111.23350305243646,1.0228859967897446,0.749759040143866,Heart
0.9652654606756909,0.8387779845217767,0.8632502442736065,0.9504262461686601,104.4261123822724,1.015613220454349,0.7649605311215719,Heart
0.8891745869177284,0.8426934504337997,0.8893236860635865,0.8829728720495436,114.23978205543716,1.0070236754316013,0.7981939493808883,Heart
0.9231830762006967,0.8284262123309615,0.8720000991985868,0.9122590880028526,115.9537884548119,1.011974655381904,0.7802530844339284,Heart
0.8964181697788319,0.82092739298034,0.8883063866940565,0.8893944470027917,115.69807035726006,1.007897196569767,0.8021726094451378,Heart
0.7691504283423903,0.8406339885752027,0.8892008970089286,0.7566686819407413,119.06602641515323,1.0164956561564504,0.8027829207426471,Heart
0.7981739156860047,0.8456155676060094,0.8422368937230892,0.7741372637297635,109.20471734693952,1.0310495994475624,0.7550238700682073,Heart
0.8273950782116092,0.8420854457186591,0.8878122127328019,0.82281603304742,112.80541470074158,1.005565089862469,0.8011983850720047,Heart
0.9752694634989366,0.8345557858724059,0.8937057129313813,0.9688470761422788,104.94992487722,1.006628896876306,0.8067698208633283,Heart
0.89860817320525,0.827665629540197,0.9024918024904911,0.8892200443625896,108.77269345588829,1.0105577116734812,0.8109776885406897,Heart
0.8457596905235798,0.8238492145184454,0.9194898692417327,0.8441013455422426,111.7568472645996,1.0019646278140595,0.8353411145206371,Heart
0.8734454426406036,0.8322597323661649,0.8801373151105203,0.8626028660196082,116.6200759108563,1.0125696042154686,0.7928761275018701,Heart
0.8856410175120051,0.8593879249546585,0.8793832452556076,0.8738443078259032,112.99915834823004,1.0134997843213647,0.7951151291133121,Heart
0.8094643656497917,0.8438335827726273,0.8749497294872375,0.7977424210427216,123.34433880142109,1.0146938965483978,0.7897059200821539,Heart
0.8675374695369138,0.8406651695872518,0.9017622503614864,0.8650765345334864,113.69374201717316,1.0028447598624954,0.8192556649536838,Heart
0.8692400533527079,0.8255950930440122,0.8701825296855481,0.8561511664545489,110.03785974290346,1.0152880559076525,0.7768898182834302,Heart
0.9004590389951168,0.8692682737094413,0.8722190472180743,0.8821830771974094,105.94307330292892,1.0207167449366268,0.7875406264636833,Heart
0.9628330407637672,0.836059068217908,0.8828721143366337,0.9487462902781424,112.06753003560993,1.0148477529029336,0.8006889114585691,Heart
0.829974795477284,0.8995380347100227,0.8600782398755559,0.8112369655550717,114.24467078194182,1.0230978502186368,0.7697341585968999,Heart
0.8595644054788144,0.8641050988791874,0.8697096766085503,0.8543734084984036,114.21818630239946,1.006075794177085,0.7792037973370838,Heart
0.935417819894232,0.8645369622990852,0.8578698547674892,0.9162069582038802,107.49642343018266,1.0209678190264049,0.7723729162751374,Heart
0.7939732699168379,0.8347458799551324,0.90158938966258,0.7903523710710466,122.21866647590767,1.0045813727880446,0.8012220158365032,Heart
0.7928982813033767,0.835965871953178,0.8687255131826602,0.78326497384959,119.15091003364313,1.012298912597152,0.7744315110324428,Heart
0.9017755244292874,0.8345503441161942,0.8994475460802256,0.890900578950942,115.70680371176238,1.0122066880808978,0.8044535980237634,Heart
0.8181496953701065,0.8711121098058338,0.8879291294658556,0.8091569076978613,115.59642540677444,1.011113774827469,0.7980034326498514,Heart
1.2004012816569205,0.8405980217342596,0.8944926130579085,1.187981384740966,101.80881315261426,1.0104546225012294,0.8135030476069707,Heart
0.9086667081156071,0.862727609553456,0.873688663809649,0.9005046662847869,111.80672306953471,1.0090638528998348,0.7777362228265193,Heart
1.0944789902410859,0.8219760163766866,0.876157474449101,1.0775830561692974,100.65363555790829,1.0156794726634362,0.775519077851311,Heart
0.8524872272299057,0.8667176548833999,0.8895422066479562,0.8424801219913229,121.36224140628524,1.0118781499733542,0.8060451339862805,Heart
0.8256747869403658,0.8458339063341354,0.8825374568203285,0.8123945252665755,114.72588703558147,1.016347059539123,0.7931029621535443,Heart
0.8734370678987171,0.8361477337308514,0.8896118846080352,0.8714079327484807,113.97528580515791,1.0023285708954202,0.8043911959980182,Heart
0.9279443754847324,0.8468009343228934,0.8590325680064743,0.9147059433748151,116.58644062818094,1.0144728830131726,0.7652103996592546,Heart
0.9150134984801981,0.8340920885955782,0.8821365967400869,0.9027079151804002,109.82824549508759,1.0136318548811427,0.8000320482746336,Oblong
1.186288380992118,0.8133223112809839,0.8906874234391332,1.1856988821465269,99.89882231350163,1.0004971741598712,0.8076914624422282,Oblong
0.8577953027780207,0.8536607809112057,0.8942834821063217,0.8466123518520446,122.31105515669844,1.0132090571340144,0.8216020307564371,Oblong
0.9861747916307081,0.8160855332861181,0.8832041773086783,0.9795625352987569,108.39751881096593,1.0067502135837958,0.7931047678878643,Oblong
0.9365201717044621,0.894631583125712,0.8682182233444968,0.9122248662659765,105.36288116985043,1.0266330225549913,0.7832378941790203,Oblong
0.9439616097625413,0.8484169969177031,0.9090497978093347,0.9354391527225183,105.43637645747563,1.0091106482075496,0.8239233367007676,Oblong
1.0008877619002885,0.8550704950605281,0.8636316094519813,0.9847694682523155,106.2282017260737,1.016367580603995,0.778942799269089,Oblong
1.0534833745303693,0.8383726222742189,0.8625961596278005,1.0484571126523536,98.73776769292283,1.0047939603989147,0.76184413982145,Oblong
1.0074531377439875,0.8329193716926829,0.882427736070325,0.9940271556168695,103.56734278850742,1.0135066552772256,0.7885960057251525,Oblong
1.6639827672494027,0.8341736319552248,0.9113431591333961,1.6556402412525693,78.59871253750842,1.0050388519129747,0.8228095860973877,Oblong
1.0240666560356095,0.8716292917807444,0.8673440357587126,1.0047366963112159,103.7121436357493,1.0192388312235052,0.7845481387134108,Oblong
0.8864491971755902,0.8272330069628787,0.8920057917608152,0.8862968797600866,115.64180418081854,1.0001718582328134,0.7969291195084375,Oblong
0.8063481627048823,0.8472538212491385,0.876691210553314,0.7919830602173119,118.52887932343842,1.0181381436158858,0.791939867159357,Oblong
0.8913311030760885,0.8518491608430517,0.9045805414821415,0.8913311030760885,112.88290940292211,0.9984554361028728,0.8141541824401978,Oblong
0.9076203615402875,0.8550116900016147,0.8718046295034568,0.8910381848991842,115.33822818312753,1.0186099506419912,0.7919569741127522,Oblong
1.0323513299479818,0.8637755194981838,0.8986907503034556,1.026420411921092,100.39488997846058,1.0057782541714941,0.8156520892902814,Oblong
0.8930316279801771,0.8365795479682387,0.8704849936435125,0.8785723360672435,111.87937178205243,1.016457713633072,0.7850433189279821,Oblong
1.2839044208946104,0.8343214881966698,0.9216011316918794,1.2839044208946104,93.98834519219413,0.9964128905388057,0.8306074511024331,Oblong
0.930654474515571,0.8306873644613879,0.8707941081779542,0.9157437807109917,110.59828775958567,1.016282604499921,0.78456351487982,Oblong
0.9094645117671557,0.8032077774547864,0.8894236883023013,0.9003115761046966,114.31179636159993,1.0101664089470672,0.8073074187074526,Oblong
0.9161080813950444,0.844172275536571,0.8649205096408311,0.9042439553017316,120.06223715050001,1.013120492565918,0.777678061565683,Oblong
1.0181118177606172,0.8097890857590948,0.9044607605987616,1.0181118177606172,110.58927900983123,0.9981801205150823,0.8153419421517576,Oblong
1.1771217183421692,0.8306831659487016,0.9003245835055032,1.1771217183421692,101.59261181188768,0.9985304968226028,0.8071005011304229,Oblong
0.9752715070240542,0.8498680541748272,0.8742309621984473,0.9658925161854321,108.14990887567265,1.0097101806686135,0.7895623286333667,Oblong
1.314264133633891,0.8270566590104395,0.8734525374054065,1.2932373318033363,81.75681245167708,1.0162590433429834,0.7787535589738952,Oblong
1.1329135744442336,0.8425377272243267,0.8892524842244409,1.1329135744442336,100.54017446903241,0.9993446127128063,0.7958680987420812,Oblong
0.8697442527225763,0.8506683075948965,0.8756893626480307,0.8674577180697928,112.99977242656418,1.002635903289755,0.7926909600132652,Oblong
0.7612945726868466,0.8557417731750583,0.8816305209423604,0.7468624329637107,119.11565270294513,1.0193236921368052,0.7998570640797591,Oblong
0.9595693434117021,0.870871969242916,0.888292078942915,0.9500317870915319,109.05849662181446,1.0100391970560993,0.8099182807194745,Oblong
0.949012096359648,0.8568834460617378,0.8671448866759721,0.9392209462556921,111.66723610772243,1.0104247569679845,0.7773529277066683,Oblong
1.23421610366538,0.8176649040071989,0.8975757358001443,1.2246862509786678,95.93010319731401,1.0077814645825383,0.8110491347032783,Oblong
0.7985724024244205,0.8770498478938944,0.8506699407760733,0.7814467006924222,108.1842636691318,1.021915380430711,0.7618843350671712,Oblong
1.0059294583650684,0.8352663066835397,0.8583007792732532,0.9927702060338827,111.71538172557221,1.0132550838564718,0.774778316883818,Oblong
0.9337328429166044,0.840844527696293,0.8717466115194741,0.9159122278079719,104.1633539944599,1.0194566843498554,0.7814772576166168,Oblong
0.84378431949142,0.8726230510438829,0.8609196112286223,0.8231873087350984,107.14648600440815,1.0250210499333023,0.7763932242471528,Oblong
0.961458497028418,0.83083994984254,0.8987341139092526,0.9555136032213843,113.01575705109117,1.0062216736496385,0.8136162275772703,Oblong
1.2621905414002113,0.8245707516179157,0.8786134787151807,1.2526228165209168,96.72740680749335,1.007638153124073,0.7823908845082037,Oblong
0.9426052578727377,0.8896565317675396,0.8393497460319448,0.9178693564001965,103.38229711134659,1.026949261678757,0.7451786080969388,Oblong
0.8434887038732913,0.8327389109845994,0.8663906842902973,0.8274199133812794,108.7892658205054,1.01942035746559,0.78008737976246,Oblong
0.8578487490094874,0.8576458050860575,0.8578906707196761,0.8403944459046694,115.08533400207841,1.0207691795083544,0.7743136183759546,Oblong
0.7975935590557056,0.8795088122703739,0.8633443060678002,0.7867677043149536,110.38130864524936,1.0137599124638426,0.7726908561521469,Oblong
0.8202558203321798,0.8387682652331785,0.915932793751114,0.8132494934092372,115.2083007057,1.008615224454148,0.8276975989835399,Oblong
0.9655388762850524,0.8093486291125724,0.8941838841152743,0.9641693596680297,112.60434901206074,1.0014204108472127,0.811548542973749,Oblong
0.8902532130890528,0.8547191704307691,0.8705056563518975,0.8826847186976797,114.96558946629847,1.0085744028768728,0.7816813279719684,Oblong
2.3825106042936626,0.8789555284520453,0.8648435847970893,2.340940942135362,57.27767623391936,1.017757672314613,0.7758685641274572,Oblong
1.0763886071591533,0.8198287404876838,0.8799400682922607,1.0755910758935376,107.94650628173723,1.00074148185448,0.7824108221216977,Oblong
0.993994276005768,0.8277784493331403,0.891732749084544,0.9887501604050741,110.42157222746322,1.0053037823008244,0.8045806610195851,Oblong
0.8821189707659189,0.8525443571676671,0.8721384497967022,0.8632035116305611,110.42223783790733,1.0219130933557339,0.7877765117554515,Oblong
0.8854836928804559,0.8630061369940771,0.8790403587249954,0.8757937128463359,117.71468150269277,1.0110642265318706,0.78571102145608,Oblong
0.9558847275186578,0.8422787986314424,0.910964676452631,0.9558847275186578,108.57005058916647,0.9934878048102891,0.8243835199821526,Oblong
0.8339156728491836,0.8681425233419287,0.8985758676276502,0.8240421264876436,109.15144603755434,1.0119818466121682,0.8060523174209728,Oblong
1.079068810755357,0.7998580891317568,0.8960846119426703,1.079068810755357,112.89795817867837,0.9984419084901817,0.8073474997340648,Oblong
0.9643310316956418,0.8226096877454335,0.8924431261809883,0.9643310316956418,109.05385419287315,0.999849167334191,0.8058395035673163,Oblong
1.2846834795343414,0.9043804800781622,0.8779184823887822,1.2619146064263975,81.91189213810482,1.0180431171744835,0.7905917403943192,Oblong
0.8602230321593184,0.8379634411098814,0.915900797715781,0.8602230321593184,114.30281856070896,0.9983752426178184,0.8297493315137646,Oblong
1.2932340610507806,0.8464604271705554,0.900019618323538,1.2682988839779201,87.39213170833918,1.0196603319516084,0.807022420224767,Oblong
1.2529623738235856,0.8517635308653104,0.8665778173133067,1.2340580920585211,90.51748862065104,1.0153187940557404,0.7776459214657813,Oblong
1.629074205412202,0.8264286287412769,0.8967893145457728,1.6235114070444794,79.09023328284451,1.0034263993117545,0.8155499151973865,Oblong
1.260601403050324,0.8552112552273908,0.9170701088277747,1.260601403050324,94.2597718795577,0.9941874166147311,0.8300708791914331,Oblong
1.3376753693081262,0.8646273187792021,0.8761433425701698,1.3158989142479127,88.99536596676249,1.0165487294080333,0.7843409070962732,Oblong
0.8198695573025753,0.8189568308622014,0.8902827706911699,0.8143866067373227,126.73535934595506,1.006732613871462,0.8062368107004707,Oblong
0.8947600223895028,0.8242235811833802,0.8688241916216314,0.8823990329959193,109.52823846399578,1.0140083895509444,0.7843485753903964,Oblong
1.0010672691129345,0.8396187006420611,0.866877436453594,0.9872199419194275,114.86589145523001,1.0140265878002666,0.7843168305514775,Oblong
1.5669482329614253,0.8441107215545384,0.8844286707165258,1.552117282874713,80.3153657580946,1.0095553024570691,0.7947261048477998,Oblong
0.9692516919849316,0.8310134340409414,0.8960216965682034,0.9656268966733007,111.71534874924453,1.0037538259591967,0.8050951838933089,Oblong
0.8572281719316416,0.822084977949128,0.8902510710495072,0.8566591091866714,116.38848924667656,1.000664281438051,0.8052267234614386,Oblong
1.0981630501437403,0.8820302717360695,0.8621135699093208,1.0827059407425859,106.10920690647465,1.0142763688823513,0.7746756436326317,Oblong
0.8061789340224302,0.8486848697343767,0.8706898556043249,0.7948855503615878,112.14816687381402,1.0142075593847506,0.781158733216036,Oblong
0.8039954392690153,0.8597854607611902,0.9058191955520518,0.7984793341554616,114.86189069539665,1.0069082628411266,0.8152351706666637,Oblong
0.9011369638264392,0.8424815646829136,0.9048839941789603,0.8908612495798425,110.54677848722267,1.0115345843715202,0.8302215996202046,Oblong
0.8477305424711871,0.8422094119093226,0.8622987087882109,0.8347673703093417,116.50556366497037,1.015529083458355,0.7790506533986931,Oblong
0.9091687195479476,0.8559793715557511,0.8812524762689515,0.8903912177044214,107.73623492264913,1.0210890465563416,0.8030304804471258,Oblong
0.8332672378268658,0.8161608439693194,0.8802879995591424,0.8288606484086233,118.18560060976954,1.0053164418249352,0.8022539620721677,Oblong
0.8726789207338305,0.8685089740234171,0.8935389347446547,0.8604184267183228,107.42230949014743,1.0142494554216717,0.8083304052357674,Oblong
1.258532150546403,0.8271331315163971,0.919013776203236,1.258532150546403,93.13933206619231,0.9956915624626884,0.82597454613789,Oblong
1.2655052551120618,0.8301059486197225,0.8945892164794431,1.255767173355316,93.99055203927153,1.0077546873045953,0.8149725348586913,Oblong
0.8273503540226477,0.8554252535179732,0.8833401565450095,0.8195874952211508,112.79195746965586,1.0094716657425358,0.7929051369844621,Oblong
1.279716582567675,0.8605808075866676,0.9126622749841665,1.2742022775126238,90.81539102795243,1.0043276528007905,0.822454317380593,Oblong
0.8131794352643982,0.8228773567546468,0.9192675574095653,0.8131794352643982,121.40111970050654,0.9942078942340198,0.8354154469865135,Oblong
0.907254458670643,0.8047372417265991,0.9014294306468807,0.907254458670643,115.9322163731612,0.9978604994775635,0.8172175990221804,Oblong
0.9007300068487517,0.837581018788557,0.905198235891033,0.8983759813108302,116.02890098779325,1.0026203121932162,0.8252729537806338,Oblong
0.9135867279072342,0.8752210198297449,0.8748614255567791,0.9071673092344096,110.67744174190072,1.0070763337782114,0.7929812667429673,Oblong
0.9771137680661574,0.8663550892148825,0.8561502914914743,0.952304902401334,110.62258457332348,1.0260513892160643,0.7715128929634616,Oblong
0.9449386894466895,0.8435333675733618,0.8981468285025518,0.9338950615383091,107.77748281396678,1.0118253413720695,0.8207773124101513,Oblong
1.2677159996226746,0.8578945249817599,0.8737038066990143,1.2442080122452643,84.30219512882005,1.018893936661755,0.7866870152482771,Oblong
0.6359988191480287,0.9087929762919723,0.8128178911448468,0.6189354359447701,123.16421512452126,1.0275689227216607,0.7202279081865839,Oblong
0.8421793727488247,0.8543937935723327,0.9000304550789988,0.8380926250779078,111.31809728829842,1.0048762482196247,0.8129028763978617,Oblong
1.2011879451013048,0.8293058513104077,0.9139131573086766,1.2011879451013048,98.13296471155013,0.9958383449990024,0.8290856005171455,Oblong
0.8983142577156522,0.873924212015412,0.8595952660576466,0.8858771921379889,108.25402867297626,1.0140392660382729,0.7717647329667063,Oblong
0.9047489441529128,0.8469128490795522,0.8733462114054801,0.8893281436894507,122.91033376464163,1.0173398318414704,0.7924656814581464,Oblong
1.0172163455955798,0.8206735890913958,0.8937171837661109,1.013724585351307,106.59889853352897,1.0034444861007912,0.8043918569169864,Oblong
0.9407771194802175,0.8181448125672788,0.9058786127952204,0.938872053969754,109.7753477514039,1.0020291002404518,0.8138633486125348,Oblong
0.9324178832800419,0.8441160090806535,0.8781887389973327,0.9194671807459551,115.20054711669502,1.0140850079320722,0.7965113651262931,Oblong
0.9547557902150824,0.8357275707251881,0.8883363272835144,0.9487997173652557,113.49920819669376,1.006277481686405,0.79849306380042,Oblong
0.8484764412721455,0.8170085421406733,0.8865137420589807,0.8393369340908887,121.66595344425862,1.0108889610477538,0.8036994349560537,Oblong
0.9763722334511081,0.8390925220292663,0.9251432248600724,0.9754146611107444,113.15915361009314,1.0009817079633325,0.8401599313120649,Oblong
0.9743795220599617,0.8508256293129831,0.904460054690886,0.9673126463251351,110.68770840299979,1.0073056790497612,0.823059687182939,Oblong
0.8898049755017517,0.8084319321266179,0.9015082912177464,0.8857154123968926,111.09291775560423,1.004617242793362,0.824096217721688,Oblong
0.8736021799822224,0.86705917342642,0.9182457326719466,0.8736021799822224,109.23316764626892,0.9990160348536108,0.8327214462955231,Oblong
0.8362148600289047,0.8247551442894142,0.9075208604317859,0.8362148600289047,116.6986870183853,0.9985634107068155,0.8224300852791878,Oblong
1.0185920457693387,0.881816144300008,0.8480869595190469,0.9965523409167294,103.94150985112559,1.0221159531192663,0.7590882750560359,Oblong
1.3028110105916149,0.8106964347400033,0.8855819954501098,1.3020060520556145,96.86747623974931,1.0006182448497298,0.7985872095818416,Oblong
1.4636337805183417,0.8253913941569369,0.890627451079189,1.4636337805183417,89.19945525657309,0.9959372174710295,0.8073869819031407,Oblong
0.8609504246553341,0.8294771922882119,0.8772214483535459,0.8462034015463799,113.47944517014169,1.0174272794011523,0.7896140088356769,Oblong
1.0623803289720033,0.8052695057103589,0.9276414089027243,1.0623803289720033,110.57932888880966,0.9872479051687438,0.8414514868304822,Oblong
0.9698197653625188,0.8469755522045852,0.9116603512014813,0.9698197653625188,110.65693903340156,0.992848210018674,0.8251846607004876,Oblong
0.9018680454500337,0.8494706801924937,0.8543910999716038,0.8907975988717232,112.56304514576352,1.0124275667023939,0.7628760109668119,Oblong
0.9525077942726252,0.8214178496025083,0.9129947090231093,0.9525077942726252,111.33653337411671,0.992176064531264,0.825755605743143,Oblong
0.8947133518849603,0.8200497736437271,0.9165074960433545,0.8947133518849603,121.68182076331122,0.9902098068205474,0.836985827776169,Oblong
0.9207395439389651,0.8043026788456099,0.8857738112266411,0.9160404314807629,123.03312178233672,1.005129809009201,0.7957071225024884,Oblong
0.9155730770837333,0.8346414423037085,0.8564325405296822,0.8954468671980764,101.6551803774588,1.0224761631570987,0.7682043406676174,Oblong
0.9022179211100375,0.7977497448058222,0.9124714572927183,0.9022179211100375,124.50038143949301,0.9996965865082958,0.8311507581488854,Oblong
0.8665745771908485,0.8347145986543822,0.9001036854845256,0.8665745771908485,126.57414952072551,0.9981497644682541,0.8199554189779246,Oblong
0.901742827758926,0.815474250712547,0.8746823547206137,0.8951371599220186,109.79939826803404,1.0073795035360646,0.7918877941757114,Oblong
0.9432466705767564,0.851181657574654,0.9088170426986757,0.9391765054633197,106.33032232523706,1.0043337595114017,0.8247061956279054,Oblong
0.8077788488578909,0.8133429995782905,0.8939014360228094,0.8062359051842566,125.09314184389025,1.0019137620437304,0.8232303366894239,Oblong
0.8342155360024591,0.8510923144881252,0.8921692887296927,0.8289074066344362,114.02924181444708,1.006403766362247,0.8025208252654908,Oblong
0.8972279679657555,0.8899959805946619,0.8829911318425242,0.8860977818504615,110.69344062213571,1.0125609005498812,0.799077563977895,Oblong
0.9924518369653292,0.8470711388104673,0.8929811408963518,0.9855721954329951,104.03636172852342,1.006980352696853,0.8099523381375482,Oblong
1.0099629687984761,0.857588811897291,0.8929262626459087,1.0052016931696723,111.25419192737665,1.0047366370959743,0.7993283993098103,Oblong
0.9109298713321539,0.8288333872422705,0.8868781022225163,0.9030905456535789,110.48154920299241,1.0086805533689887,0.7990430173352105,Oblong
0.7278915365495954,0.8726194197957203,0.8793609009954059,0.7215323609331492,127.47782914814273,1.0088134309155892,0.793840610145606,Oblong
0.6992319401327706,0.8735851694627785,0.8475639547937155,0.6839953666267551,125.04074015534094,1.0222758431554257,0.7612469386966696,Oblong
0.9750243302601521,0.8260596390521968,0.8929907269476003,0.9700588073420782,118.45411664186815,1.0051187854596972,0.8090659667378031,Oblong
0.8853535885853562,0.8539888819492136,0.8722375493787919,0.8739723798116186,120.82112527562109,1.0130223895361439,0.7899271026903782,Oblong
1.005459703707808,0.8110375538650222,0.8896523333555995,1.0049272901546853,109.17128886372022,1.0005298030597225,0.7971976898325924,Oblong
0.9030643077857454,0.8524223928528035,0.8521656362234591,0.8809063955477145,106.80654229141376,1.0251535377084575,0.7648562359633172,Oblong
0.8983118994479918,0.8173701368336548,0.890635017803077,0.8983118994479918,121.86051437442029,0.9990081016610888,0.804365767232838,Oblong
0.7079776347722829,0.8810138273031698,0.8601376111866004,0.6980286095152841,121.52410676006049,1.0142530336455802,0.7726084138357387,Oblong
1.0092104079026587,0.8271534541227393,0.8875081949343391,1.0044317161963194,110.72639978010838,1.0047576073408313,0.8004601479031914,Oblong
1.0382249968067327,0.8327531641204682,0.8753445147102266,1.026160896051086,103.21286874762198,1.0117565391568442,0.7907616326907716,Oblong
0.9534518720656017,0.8333003050922375,0.8730057553923701,0.9349662298863826,101.13480262572469,1.0197714543994445,0.7879929521517401,Oblong
0.9204048795597586,0.8107175662056697,0.9138647074424128,0.9204048795597586,113.80384443396504,0.9965146207431492,0.8308383851039421,Oblong
0.9325704579174338,0.8345179743217833,0.9083091199929177,0.9276205160759518,104.05688460261025,1.0053361711558746,0.819994789731485,Oblong
0.8897264458499607,0.8020512668323116,0.8946534163622346,0.8897264458499607,123.12095202945568,0.9985948978150875,0.8172450734354917,Oblong
1.0313933632073737,0.798265065308612,0.9356135449726356,1.0313933632073737,101.18681256069277,0.9889092683607004,0.8399836155871934,Oblong
0.9487345092598779,0.8473713517722543,0.895503585641418,0.932613684099706,102.39189477599176,1.0172856408125022,0.8097153666429766,Oblong
0.9032248915571915,0.8521645638256878,0.8854141911421389,0.8980261714935549,119.44538723990723,1.0057890518435453,0.8053556779953396,Oblong
0.9042244736439619,0.8292277594819513,0.857600496249314,0.8863131267864222,107.90608377377026,1.0202088249809436,0.7637092881192342,Oblong
1.5923845676138202,0.8463018508637804,0.8835534909720861,1.5810763380567947,83.27831102328781,1.0071522350216966,0.7958827711802434,Oblong
0.9460235262708853,0.7961082090315166,0.9104922450294597,0.9460235262708853,116.81472352322855,0.9927625412222694,0.8303708036750367,Oblong
1.085274701216232,0.793937745880164,0.8992578512854402,1.085274701216232,105.20233621757654,0.9956754633918059,0.8128291636910584,Oblong
0.9718880224334793,0.8235362436712081,0.8827625678226095,0.9563074876624771,109.87667590903796,1.0162923902322318,0.7966340130757852,Oblong
0.8779775543218824,0.826940162400768,0.9091368082113733,0.8779775543218824,118.39110681935054,0.9972095180890461,0.8280057262256715,Oblong
0.9350142282450796,0.835071661084656,0.8710076660210576,0.9162933387510881,102.74194629805785,1.020431109451814,0.781322594635374,Oblong
0.9041671421161962,0.8681489444134386,0.8869238443249935,0.8911960172483637,107.80102654903678,1.014554738370445,0.7995351189974723,Oblong
0.8480620334722742,0.8824622598791808,0.8881965639621598,0.8451607108291256,110.49199318493899,1.0034328650231532,0.8065832256097731,Oblong
1.0593463229981506,0.8299080978460392,0.935238081018588,1.0593463229981506,109.36436470857981,0.9960969479706128,0.841205524000254,Oblong
0.9154164601874996,0.8480872268468606,0.8635599666856824,0.8962173282916122,112.60102722828239,1.0214224064742032,0.7758469477432409,Oblong
0.9749189086365361,0.8147372770291137,0.8848991986931072,0.9720676269386301,111.05049442152745,1.0029332133062445,0.7997307860715924,Oblong
0.8930279086230549,0.9104951386530374,0.8334155846756235,0.8635848933133604,99.69022023032227,1.0340939443680273,0.7405592158867783,Oblong
1.0040255319253237,0.835216582230317,0.8761433509128621,0.9916517240352727,111.25633961354939,1.012477977489616,0.7852346818125846,Oblong
0.8025324618337857,0.866867167772229,0.8698425390071827,0.7850184609201182,114.64034142478765,1.022310304515819,0.7816787904962382,Oblong
0.8220014232924775,0.8719450077125628,0.8688888971117291,0.813459820303699,113.93608084997618,1.01050033790924,0.7794156695646521,Oblong
0.878740771671289,0.8600510559540198,0.9098167588110249,0.8777972158262699,116.96266343303068,1.0010749132350927,0.8232245173940275,Oblong
0.9209306287536064,0.8153448264487241,0.8834639634448958,0.9204982445155363,110.59134529618757,1.0004697284765576,0.792151035374191,Oblong
1.0300668961635406,0.8376602130525254,0.8829020819069574,1.0197658296017318,103.64132130102121,1.0101014039329321,0.793843031451972,Oblong
1.2137244985292097,0.8853086566155061,0.8656695183806408,1.1978549538939547,92.65672893473159,1.0132483023789038,0.7764868739163538,Oblong
0.8875275570705536,0.8514932381749728,0.8803208992606466,0.875305077628781,108.72167194922866,1.0139636793549553,0.7903469494568939,Oblong
0.9455372683044652,0.8224951833936139,0.9014554674675571,0.939229047258847,114.20374902636296,1.0067163819773555,0.8184964877114631,Oblong
0.843317234537909,0.8799979873303081,0.8602928232944049,0.8210685659713951,107.32292465946419,1.0270972114736747,0.7686574728270551,Oblong
0.9610348850220143,0.8428253771324842,0.8630221696675271,0.9440356948157214,112.93093393457607,1.0180069358602073,0.7784629437753288,Oblong
1.3102870340686166,0.8896120708962912,0.865638123649855,1.288265976961751,87.21260546314535,1.0170935641402252,0.7850590514974357,Oblong
0.8703977895581614,0.8499529911222209,0.8947815194388371,0.8703977895581614,108.4042178137539,0.9990605564474075,0.8049517495217569,Oblong
0.9038739409887351,0.8291959208497357,0.8538902017874325,0.8898837053682216,113.7926901386102,1.0157214201542488,0.7612079038832601,Oblong
0.9583895377593133,0.8179346861450988,0.8813770370231195,0.9519948640935856,108.08093937897205,1.0067171304246647,0.7965555920243313,Oblong
0.9477525826297546,0.8019325283659836,0.8814329846058384,0.9443350669330807,117.4708323419169,1.0036189651494918,0.7891018746032502,Oblong
0.9590142134399282,0.7977801137521439,0.9068335230667169,0.9537572634246999,116.22198466313752,1.0055118322206553,0.8233304749754372,Oblong
0.8957640214147772,0.87833391578092,0.9071676231861824,0.8957640214147772,114.68182388892649,0.9943625387060281,0.8261642780843657,Oblong
0.8348334344785492,0.8593656563759153,0.866324966897062,0.8202395265093613,112.58365996793249,1.0177922515283973,0.7802469344321601,Oblong
1.0528846983799522,0.8139862949132795,0.8820596098179819,1.0528846983799522,108.602315181093,0.9998176517371322,0.7904669999737881,Oblong
0.8656640934591804,0.8269582388738033,0.9340838172624079,0.8656640934591804,116.82541085852445,0.9972115853252009,0.8439845474426182,Oblong
0.9181011354993485,0.8318233602265294,0.8947606061038108,0.9159167830894254,111.75304241628146,1.0023848808650009,0.8092112347182732,Oblong
0.9931636831536269,0.7772653759427279,0.887136364950108,0.9898499925133579,101.39461934046,1.003347669510867,0.798788561156064,Oblong
0.9245091489059948,0.865262828804408,0.8498169133017558,0.9064328859389917,105.12385537242001,1.0199421967664792,0.7567900594798401,Oblong
0.9318699178483025,0.8328842276856926,0.8598654805816197,0.9135859683196745,104.74785005233745,1.0200133869856352,0.7720289294438757,Oblong
0.8950037490194155,0.8168946493703274,0.8965328194944768,0.894885083813245,115.72859352486132,1.0001326038486023,0.8033268441319565,Oblong
1.024766903697229,0.8559789243415062,0.8873438638354606,1.0180633647035955,104.61974585657674,1.006584598980816,0.7973746371412935,Oblong
0.9334214762214562,0.8768120855079925,0.8862414303873295,0.9208417335186622,104.37826528726157,1.0136611344217914,0.7971451739482521,Oblong
0.9210840983000536,0.8343554281708636,0.8977446999947973,0.9197637542218178,111.93437285899373,1.0014355252337084,0.8064070624433046,Oblong
0.9380755726161591,0.8392046087430415,0.852740018662027,0.9198773264458977,108.5994926999245,1.0197833402857894,0.7604237006933037,Oblong
0.8266584897143359,0.8274395958183942,0.8829961155414654,0.8160723612383104,116.36973653543153,1.012972046326826,0.7961399555543553,Oblong
1.0030620461182669,0.8801849220649912,0.8592691758986699,0.9826478129762517,101.22662907554044,1.0207747199682706,0.7734218791549939,Oblong
0.9961548193073514,0.8716475017122229,0.8851328570731535,0.9851829057045337,104.78184721800024,1.0111369305529831,0.7993390794359617,Oblong
0.9165192846784728,0.8139873744230031,0.8882289857582302,0.9137988612186653,119.24839295708948,1.002977048424179,0.8079151328699455,Oblong
1.0374820524149935,0.8314518163913076,0.8837715475220898,1.0355083092420911,107.29306558339921,1.0019060621293778,0.8018187060798011,Oblong
0.8120389757522181,0.8094296662697623,0.895172891372232,0.8120389757522181,120.87538503048326,0.9980876890111704,0.8113612715007023,Oblong
0.8290548500525867,0.8306751952930436,0.8654568563899393,0.8196199850226726,115.21769372479693,1.0115112676634563,0.7675918884894724,Oblong
1.0408583372901883,0.8708808678849916,0.8701560464565841,1.0222844175486736,98.95075805279359,1.0181690334144513,0.7922236267519114,Oblong
0.931403606811701,0.823107353188468,0.8984459493321558,0.9269985889015772,115.68332648032246,1.0047519143641237,0.8047497310052326,Oblong
1.721630740824245,0.8250911727194614,0.8795945338616197,1.7082570085395397,77.59569444568034,1.0078288759933958,0.7875219150883666,Oblong
0.9216698470791781,0.8334145437102679,0.8786783059826407,0.9128308539664257,111.29657154293803,1.0096830569150301,0.7918324071322684,Oblong
1.0391427044354156,0.8600318002985814,0.9140152454308783,1.0391427044354156,107.4275192931964,0.9978031329579459,0.8313112773619596,Oblong
0.9886494936140794,0.8292671873587258,0.9149049782049714,0.9886494936140794,112.4343811909198,0.9964704782881494,0.8293056249497326,Oblong
0.8251248132351814,0.8865076639353503,0.8554064657124371,0.8017142373375544,109.41748879078742,1.029200648818926,0.7725495075379627,Oblong
0.9605894079237823,0.8408874575732381,0.8591026381753197,0.9410030957907417,100.60041982447976,1.0208142908569093,0.7733952912846358,Oblong
0.8945768968825816,0.8196225553325689,0.8725697677839656,0.8833399517380213,118.99179310733926,1.0127209746626438,0.7898156163386086,Oblong
0.929258008012835,0.8729362881266686,0.8511084593169733,0.9189618664913065,112.71416557266335,1.0112041009501735,0.763553160459563,Oblong
1.0871357708580587,0.8359955610478749,0.8693671786014123,1.0807658376691212,101.57987411080249,1.0058939068639283,0.7824779201671167,Oblong
0.8375147022299394,0.836890022123017,0.8863836813525119,0.82296563755962,115.88162224630874,1.0176788240071144,0.8095152746279506,Oblong
0.8281306812387327,0.832258619136703,0.90233988042059,0.8247732091124439,120.8494391355209,1.0040707822334602,0.8229156362352703,Oval
1.1942262161387365,0.8435475052179492,0.8733784948069682,1.180780093500479,100.29679770234173,1.0113874909581138,0.7806112230254036,Oval
0.8248433512104033,0.8632575956347963,0.8863656868619452,0.8141026013939702,119.08348182680241,1.0131933613748956,0.8018451412587474,Oval
0.8070711738147951,0.8184731735265642,0.8829189778877915,0.7952925172942281,114.15872874161894,1.0148104706940293,0.7952119365656765,Oval
0.7705616616051595,0.8387122855465616,0.8867542185702706,0.7645154105904682,122.10935796687254,1.0079086058056326,0.7992274011057493,Oval
0.9568311449079807,0.8649099053196024,0.878321481755566,0.9455524779268346,108.67131163265074,1.0119281237630249,0.7914176029358145,Oval
1.0003265200921574,0.8396292865875823,0.8782267173680257,0.9930826059320018,114.4877503816222,1.0072943722071914,0.7908765786438601,Oval
0.7638258186440905,0.8288863537653758,0.8549984589978349,0.7543731627090564,120.57546118650322,1.0125304774908592,0.7684635309740885,Oval
0.8570436841769309,0.8219578446517254,0.8892272270983473,0.8521717952243503,116.58176226234426,1.0057170267543272,0.8010577549102241,Oval
1.190417246021375,0.856028118054949,0.8709193358299993,1.1664744955694208,89.46933650616052,1.0205257384905502,0.7823665644423656,Oval
0.8005626174938536,0.8550145455568843,0.8484434095328218,0.7846074738214646,116.93225943309046,1.0203351920606603,0.7585877650374415,Oval
1.2062068593496262,0.8581045831069023,0.8795914759614182,1.1856352356824391,96.46806991593061,1.0173507188788518,0.7959558568890183,Oval
0.8160077693680576,0.8232548386568401,0.8747439535615176,0.8087428974633294,116.25235334269735,1.0089829189567106,0.7864182170799402,Oval
1.157059354929072,0.8448347667579488,0.8717081040417721,1.1293876771001874,96.83481617326842,1.0245014873014502,0.7836835733832215,Oval
0.7945146205015131,0.8284352397647343,0.8912506474566513,0.7881792328253933,120.52865083998387,1.0080380038096275,0.7986235478038459,Oval
0.7899687773214067,0.808940370173939,0.9080191683948431,0.7892497851102269,116.14913387046714,1.0009109818269757,0.8168815187943401,Oval
0.7771312905594067,0.8529826123704108,0.8488213865910899,0.7645484766636124,117.12410009285315,1.0164578365922643,0.7598375851785902,Oval
0.9180300610156616,0.8324444960998556,0.8795265851101198,0.9067980986794703,103.68706726535027,1.0123863981988361,0.7907517786912128,Oval
0.7888264326412252,0.8465312049657208,0.8911307495854704,0.782223628923622,121.67398770724348,1.0084410691181611,0.8087059908978298,Oval
0.9642373367667564,0.8233634758751264,0.8742286192441301,0.9540080997156226,111.4014599920663,1.0107223796676181,0.7919664318843251,Oval
1.317682302535235,0.867993132544374,0.8961970115952557,1.3077190387400843,89.86615215136861,1.007618810692509,0.8107781641942163,Oval
0.8231919534861485,0.8261724532906266,0.8747849705671722,0.8129786958459455,115.16094837503282,1.0125627617210504,0.7824393013154453,Oval
1.148915693741407,0.8202976974537944,0.8927037078141818,1.1457973111593451,102.41847676823421,1.002721583086023,0.806574985848395,Oval
0.9105104247255381,0.8215862498330048,0.8696825097508809,0.8960242807561755,110.92887224673477,1.0161671332802917,0.7842636040520948,Oval
1.1980162220500572,0.8337623776424895,0.8920560682405885,1.188219007911652,96.1135156523405,1.0082452932272343,0.8104175525632076,Oval
0.7823569659879746,0.8532265176966742,0.8816452182012288,0.7677413192913395,117.79840100885414,1.0190372021530978,0.7963331661946342,Oval
1.1591562856269335,0.8483864966767486,0.8941780630385462,1.1551131186198247,98.79031693040092,1.003500234688651,0.806789252385088,Oval
0.9530641754004856,0.8499717157364407,0.8450065269454604,0.939390064603691,111.3459585051824,1.0145563715351444,0.7589126360033916,Oval
0.8439237919828824,0.8327595073574681,0.8806566862926232,0.8319581282670413,117.67160332060493,1.0143825311746943,0.7932256681237125,Oval
0.8576066560486517,0.838727013351034,0.8616337062004502,0.8448137348599334,112.4290188294147,1.0151428896818768,0.7683244627778488,Oval
0.8969287648349605,0.8485790398799499,0.8693259475429378,0.8832780277766473,105.95609859754362,1.0154546322098312,0.7770751635846307,Oval
1.819841497559137,0.8388401165615854,0.9003045463560259,1.8146836397302106,74.44499568766733,1.0028422903673133,0.8111313021983867,Oval
0.9973245418604033,0.8291243708187429,0.884819302547006,0.9865889336837272,117.62772351598308,1.010881541247976,0.7990977360422182,Oval
0.8330258828420143,0.8187609440020887,0.8879606998388159,0.8287870353306556,123.14621205309815,1.005114519569756,0.8006587460112573,Oval
1.1858918773944231,0.8219196653231794,0.8777013355620459,1.169288882799901,89.27762977918974,1.0141992238519926,0.7876465972764964,Oval
1.6266817005081067,0.836928017021869,0.8972498934481907,1.6138838090868297,85.24614663857353,1.0079298716234832,0.8202553504563312,Oval
1.255160626381287,0.8440121685301597,0.8931303064825767,1.247538051544478,95.79670194434406,1.006110094058752,0.8043652927845948,Oval
0.9550884607526158,0.8109525369514743,0.8861936578592149,0.9494187944684992,117.67131254953222,1.0059717232449465,0.7983416150518899,Oval
1.1936196562447203,0.8421573195326255,0.9023172194105948,1.1844053290269874,99.1802776361475,1.0077797076658739,0.8210200808491178,Oval
0.9390327867589933,0.8492658051494271,0.9008017482814485,0.9320563422321798,114.23684282224608,1.0074850030096953,0.8191737766036463,Oval
0.9883611609424348,0.845363950858557,0.8730581998244906,0.977473371360631,109.75367342381406,1.011138707100172,0.7847937844888849,Oval
0.9406374045128529,0.8196049354948679,0.8961744815942932,0.9389725347073633,123.55860766379776,1.00177307614861,0.8126598734443781,Oval
1.2130528663579188,0.8345215528062965,0.8806439505006523,1.1930744084759286,92.71579164216926,1.0167453578251764,0.7910864471188056,Oval
0.9481543474269863,0.8221671872873977,0.8771442993007491,0.9374424294618473,114.51403365275924,1.0114267475297531,0.7916484876458897,Oval
1.1343939660477007,0.8242768828461978,0.885789513232052,1.1240620522632065,105.55933092156963,1.009191586677703,0.8026839563945912,Oval
0.9772130587419143,0.8266493488583031,0.8879631413484294,0.9722140082674253,110.56765147273397,1.005141923930306,0.805273705073368,Oval
1.1962470969294285,0.8112985106781232,0.8568881372402742,1.1803603249215455,100.95899728681538,1.0134592561885194,0.7571288106278908,Oval
0.8497571452884596,0.863573671967265,0.8906473303319349,0.8416607588342322,119.12067868990725,1.0096195365760445,0.8016468133816838,Oval
1.0267516139628379,0.8388460150525041,0.8937527230964275,1.0267516139628379,115.7201102599074,0.9987996645932433,0.8052255583450432,Oval
0.9751692984886184,0.8474059695674783,0.8790346693072443,0.9663132648224324,118.02325228982944,1.00916476466647,0.7862910097925997,Oval
1.187838298462911,0.8334095140082641,0.9051103173720983,1.187838298462911,107.20491803758017,0.9963067782330299,0.812430436667595,Oval
0.904117508836086,0.8773853300670076,0.8466101273798201,0.8831060702254729,109.40372571357992,1.0237926556265755,0.7603269116535766,Oval
0.9812953080629412,0.8319663577401283,0.8775632932588664,0.965475325414151,108.50932070844064,1.0163856933806195,0.788386787176642,Oval
1.2148883249113136,0.8393767607626389,0.8960132496520046,1.2051847168405143,95.93724498232207,1.0080515525422842,0.8086085217010323,Oval
0.8574811635304054,0.8342940170112461,0.9012131384199894,0.853586138970444,119.43960588051497,1.0045631300487838,0.8200227771884872,Oval
0.9080522983391708,0.8247549230995298,0.8974810078459993,0.9076781456725801,115.76984415484876,1.000412208521682,0.79996759875621,Oval
0.8772650669307432,0.8343063458289978,0.8783366496320456,0.8706862716775314,122.08713379136118,1.0075558734152736,0.7913055273808541,Oval
1.0070596298935908,0.8409351677687734,0.8459895567609055,0.9936752396796299,107.20332416095715,1.0134695820923103,0.7577835930843291,Oval
0.8244245440935394,0.8365149041276643,0.8712258015961406,0.8122946430180022,114.90967283861688,1.0149328832583084,0.7749145563208208,Oval
0.9671058606623362,0.8369330032517516,0.8790810890541301,0.961440601364029,112.20573169049794,1.0058924693738434,0.7970127151249545,Oval
0.8145279254564013,0.850138934006755,0.9071945419343133,0.8091467953042041,124.3642560795922,1.0066503756591834,0.8198983064616058,Oval
0.7983005377929451,0.8499660619274991,0.8892034376852366,0.784165297120728,130.03373472670702,1.0180258431788787,0.8003485280310247,Oval
0.7780014509214614,0.8585192241344892,0.8796233339730967,0.7673698169658423,121.43808518379379,1.013854641817496,0.7883753158450568,Oval
0.9664491949004705,0.8082888180073848,0.8827426567219481,0.9648581618391368,113.82861371268321,1.0016489812951377,0.7897230064565716,Oval
0.9151661076845062,0.8528616020676408,0.8714981958382784,0.8948542948350766,112.73507948859631,1.0226984582480807,0.7846957642034825,Oval
0.8280988576908284,0.8433408736545097,0.8917750238512845,0.8210136228822768,120.84526036876603,1.0086298626613257,0.804298091326829,Oval
0.9147813239431455,0.8442503511612224,0.8766071382351183,0.9008031068941474,110.34348736417917,1.0155175053705057,0.789389798013007,Oval
0.942291929007354,0.8689495899432309,0.8915681019286162,0.9343574541142348,111.0151600373604,1.0084919051677508,0.8017619457068421,Oval
0.9718947755453251,0.830663644277197,0.8847529734887433,0.9631802183396632,114.96628692169716,1.0090476912209474,0.801973031617637,Oval
0.9007379104682949,0.8304771214941516,0.8899533464809641,0.8905408230553202,113.94707974553408,1.011450443538332,0.8038848508298331,Oval
0.9295597182571215,0.8599508501665764,0.8596769222423705,0.9119296828641921,109.35589699662742,1.019332669748787,0.7757259161261911,Oval
0.9372102053356605,0.8587362847525913,0.9003816063359485,0.9372102053356605,117.60323515516905,0.9981034460975878,0.8135706831260764,Oval
1.0861944380040862,0.8437165095902495,0.8958525444760683,1.0861944380040862,105.92566313308456,0.999647176582369,0.8144398450868268,Oval
0.9291253920534365,0.8540757594395789,0.8874938579472339,0.9188114497333343,118.62705904034472,1.011225308873867,0.7989934888560889,Oval
0.955115574269345,0.8554938831729808,0.8829335605561209,0.9401248997820671,111.04047353043318,1.0159454073503988,0.7910169878151946,Oval
0.8965067091468669,0.8445725550873198,0.8724212960635298,0.8865745081216932,122.79712761431738,1.0112028948883451,0.7806239423233888,Oval
0.9936878972989304,0.89732699318805,0.8247909283965124,0.9730352414573111,107.8110181053104,1.0212249823661965,0.7273342963981817,Oval
0.9903553726021134,0.8249579687874443,0.8866168860356519,0.9903553726021134,113.77610531707138,0.9960880586382399,0.7974094761797141,Oval
0.9030084960366163,0.8679106611811703,0.8779833091635971,0.8916242307213827,114.37003787778441,1.0127680080049226,0.7906827364038098,Oval
0.8994779237723691,0.847419430918201,0.8755110010242938,0.8939105589717847,116.07141735959613,1.0062281005014508,0.783085311467898,Oval
0.9801971059623649,0.8605359252090558,0.8793209706031458,0.976164314107297,119.13944118917313,1.0041312633506336,0.7913986944618212,Oval
0.9847479858495322,0.8559569358536255,0.8469504100038195,0.9686200815831307,107.71535580575146,1.0166503922157402,0.751047127381594,Oval
0.9240269855344017,0.8325049755576371,0.8744259206947392,0.9197763201931354,117.81537764377566,1.0046214120193633,0.7912333393962246,Oval
0.8824271849762256,0.8269454291362645,0.8848911169620798,0.8784314103717784,120.48753464434202,1.004548761072599,0.806401563842889,Oval
0.9643926206751304,0.8518426649590435,0.8465647247885726,0.9465051844608108,110.86740679244733,1.0188984027853047,0.763581961774682,Oval
0.8620401209598112,0.8443904202379522,0.8875429327915456,0.8533630486296754,120.88032519230636,1.010168090057414,0.808530703368951,Oval
0.9425605563814377,0.8453699949521738,0.896340649946368,0.9324213667079272,108.57816027857868,1.0108740426115594,0.8162716719606591,Oval
1.5682696817951454,0.8157777343021274,0.8894124293489157,1.5674072863462463,87.42162988800163,1.0005502050784194,0.7947973901337807,Oval
0.9196261063966567,0.8369180606524776,0.8812370486836928,0.9127721549738989,120.54080899855735,1.0075089400847836,0.7896032951908836,Oval
0.8043458086357128,0.8074755081896445,0.8823414151304783,0.7979507730110553,116.49071929560624,1.0080143234908163,0.784471564883448,Oval
1.6908508294754756,0.8136164962959083,0.8906514020644161,1.6882369779430542,81.95935649252148,1.0015482728826413,0.8032223202665251,Oval
0.8848380084284656,0.8719327499105428,0.8541658817613986,0.8631262882003722,106.38662954389913,1.025154743314982,0.7681424454370991,Oval
1.092291257730723,0.8291244964248133,0.8693474900772721,1.07543825535286,101.79168822792307,1.0156708228426683,0.7889176539719774,Oval
1.7275485669517572,0.8338016107081802,0.9028289621792457,1.7275485669517572,78.09473805939393,0.9982605561852521,0.8095438262606324,Oval
0.9612280731774182,0.8470063936836555,0.8842041742934601,0.9475095964921312,110.91211125937596,1.0144784567207294,0.7918169265529807,Oval
0.8769625159871048,0.8228255269445629,0.8551173295886054,0.8630229838515112,113.9230763579236,1.016151982503854,0.7653004449941558,Oval
0.9912540839329939,0.8504110952575042,0.8781300260478491,0.9738320767785296,114.80099028296806,1.0178901553665154,0.7922357642257221,Oval
1.3701525411534825,0.8389072562763213,0.8998767866389438,1.3518675999101557,90.44050790025204,1.0135256893830003,0.8114952875219763,Oval
0.8487920849472302,0.8554654540776013,0.8585703855810111,0.8284816867000668,107.16918351791594,1.0245152048297674,0.7646184508995437,Oval
0.8668124118900041,0.8610335340671212,0.8894429632831571,0.8548217756486025,120.23271211511309,1.01402705988895,0.8086291774006924,Oval
1.0083947817304129,0.8327067252910962,0.8726267216661017,0.9972239435273792,108.5893521824018,1.01120193540833,0.7820260320658783,Oval
1.116899538303273,0.8474190143877854,0.9059545654040936,1.1164887679915176,103.13885478385318,1.0003679126235137,0.8156747659519583,Oval
1.3663252909368864,0.8485820343260525,0.8723292593228763,1.3481943978570092,91.02066278500884,1.0134482780144292,0.785534063306092,Oval
0.931987709158416,0.8333759127657611,0.8639899227768789,0.9273548576772191,116.12912437690451,1.0049957698963272,0.7762182095728721,Oval
1.0081277304064287,0.8529863996095588,0.8702451245172674,0.9915841308331216,110.52480454037291,1.0166840100188042,0.7801317990950807,Oval
0.9012222984142187,0.8418788532509549,0.858539836805183,0.8854646114830883,116.06841415239785,1.017795953363667,0.7675582513781622,Oval
0.9736378435825531,0.856120910205375,0.8780444576175741,0.9594553404158545,108.36638684561173,1.0147818273235643,0.7919877471571782,Oval
0.899955077887976,0.8210153681024553,0.9069001397853358,0.899955077887976,118.10059748561699,0.9976839461581596,0.812095553904972,Oval
1.0006889531307825,0.8522308624795377,0.89834694114123,0.987641433764039,111.3777363863883,1.0132107857373072,0.8078859586731335,Oval
0.9663407384493734,0.8499301718117642,0.868247436432889,0.9498195304490841,104.90605164700843,1.0173940495753735,0.7726684352705797,Oval
1.0152038905491023,0.8007307595086821,0.903144564171032,1.0152038905491023,111.94811970132575,0.9972520635597483,0.8172063855903429,Oval
0.9777479757502041,0.8246711832891233,0.8910206015025746,0.9589769251993014,110.77848085259797,1.0195740377663431,0.8050643668789288,Oval
0.9273829749557592,0.8637748698828893,0.8699576416004725,0.9104978188491357,121.66726311779854,1.0185449715057704,0.783128981574647,Oval
0.9489988581641814,0.8356650954281469,0.908083052697904,0.9417855398840969,114.77222204488014,1.0076591941313648,0.8134067218401059,Oval
0.9086046274493754,0.8363190436445298,0.8743353006476665,0.9065580226698948,117.55510210465049,1.0022575552014346,0.7818442682987874,Oval
1.0102251795900583,0.8533176296272145,0.8767218679873359,0.9933741759308494,106.82860240838052,1.0169634001643122,0.7900621397775641,Oval
1.0276475435390182,0.846345852270224,0.8720431692924329,1.008041077437971,110.03025558001849,1.0194500666092685,0.7823303601351173,Oval
0.9551239653611102,0.841025547530585,0.8907901694863121,0.9493472026180515,119.24065996203929,1.0060849842156039,0.8055024549667386,Oval
0.920778990280332,0.8511457510791198,0.8865000298645112,0.917107444273643,110.69264537546803,1.0040033978893248,0.7987685361822365,Oval
0.8012565607983935,0.8699946145483196,0.8757982181969155,0.7904334778907943,120.49160684989502,1.013692591736473,0.7808507731746455,Oval
1.3114313688058454,0.8598432187525287,0.8593693680770894,1.2826980505252779,91.69336385131868,1.0224006875731986,0.7740747497237802,Oval
0.8730234431223491,0.8399690932385032,0.9191869009626168,0.8730234431223491,117.85520474515823,0.990515239535558,0.8292662180797568,Oval
1.250161256476987,0.8516539466326968,0.8947470301960394,1.2411879131305934,102.61381929330842,1.007229641258559,0.8029400249991534,Oval
0.9749163966854318,0.8642871070183322,0.912669274020098,0.9709377047119143,107.16485590363831,1.004097782951686,0.8222815277504854,Oval
0.8712204669490126,0.8391997907758426,0.890135444390107,0.8662829068196477,120.55004117684553,1.0056997085946113,0.8034761348318352,Oval
0.8710575066516099,0.8074019591921928,0.8924164676625139,0.866185085169316,111.80326665551914,1.0056251505200433,0.800057414566852,Oval
1.038510899960361,0.8375282696300465,0.8624521125252107,1.0200338084730407,99.56937874299503,1.0181141951706285,0.7689629979175574,Oval
1.2494524188081448,0.8581391717972541,0.8751613918163197,1.2414352603683008,100.6639618894724,1.0064579754545282,0.7784911531688871,Oval
1.4795927297853704,0.8582462191840263,0.8783351226163425,1.4585226080185338,86.66892824697122,1.0144462085476078,0.7809341160311887,Oval
1.0469284555813068,0.8322447343937153,0.8993157460682267,1.0410766510965574,109.64437739348199,1.0056209160762424,0.8012916800914949,Oval
1.2203441250680624,0.8579001904998765,0.8842153029917664,1.2035914264355876,98.5892880232112,1.0139189248648004,0.7999707645074151,Oval
0.8786813680308463,0.838403240075388,0.8491238823190392,0.8662388744111894,116.04453000872302,1.0143638134782562,0.7649174850561886,Oval
1.136273981617144,0.8669274173245384,0.8462518191601308,1.1199737017659819,97.87451163060122,1.0145541630356676,0.7536090808825318,Oval
0.9730135841343597,0.9057926030956098,0.8210459672700481,0.948403221557498,106.13631547534118,1.0259492608391247,0.7300709640513231,Oval
1.519096472879534,0.8377227548974473,0.8816002445835643,1.5066538897088455,83.45506477901299,1.008258421695704,0.7954550977953073,Oval
1.1945859637596572,0.8229393718132153,0.8703088751976078,1.1784620828657824,100.23897432860458,1.0136821380410177,0.779959535483546,Oval
0.8823325143086078,0.8450567622102748,0.8680395268274431,0.8673971313267227,115.86395248566313,1.0172186216007433,0.7709946812444504,Oval
1.65249808466925,0.8740186674614984,0.8730665969401149,1.626221697573919,80.78136905759996,1.0161579366051576,0.7834302789490348,Oval
1.2457886450423041,0.8380272590904729,0.898429257659424,1.240377138222726,94.945241200971,1.0043627914872182,0.7991541476841857,Oval
1.0144105353876474,0.8179464037085833,0.8745833226054273,1.0082090492076663,108.34489886772216,1.0061509923808507,0.7904005720021977,Oval
1.2459220226674754,0.8377495783569027,0.8640396542006882,1.2288254091343704,88.80600306928996,1.0139129720186602,0.771817102274557,Oval
0.9595053985433908,0.8383128337812222,0.8623198546322887,0.9510617675598019,112.39897898667279,1.0088781099941104,0.7667292786737803,Oval
0.8932361136152909,0.8651696392861515,0.8822644655391988,0.8919972420857869,117.73139269175842,1.0013888737218593,0.7911495872647002,Oval
0.9282730347293386,0.8480290297328568,0.8870556286427377,0.9157998483727303,113.24825356916536,1.0136199917250168,0.7974665621761181,Oval
0.8877101748824876,0.8130089522641682,0.8903193300636448,0.884846024319577,122.71004280104266,1.0032368914864176,0.8045738100058757,Oval
0.9083415590296281,0.8277620748672825,0.888432171138194,0.9032185805355681,121.04711492067689,1.0056719144229986,0.8004447788146355,Oval
0.8033296735306701,0.8607786460897365,0.8906224736569731,0.7924354762724826,116.68264396878003,1.0137477404588604,0.792685891375113,Oval
0.8517295602969555,0.847015031219208,0.8619062282211092,0.8421503237575143,115.7520300669355,1.0113747347346498,0.7699750847862067,Oval
0.8943628428424578,0.8417540234273019,0.9042726845847767,0.890361992033705,116.52344358311582,1.0044935103301236,0.8130602525053962,Oval
0.7944167943844634,0.8680273057037147,0.8674226683756484,0.7862902263316539,121.2847657527018,1.010335328839992,0.7755691490081268,Oval
0.8273294351293071,0.8398784402076821,0.8786210461558446,0.8185203582417859,121.90414452971675,1.0107621964424238,0.7872876669517281,Oval
0.7200012635479542,0.8394811030831132,0.8937614934437657,0.7136624961002481,123.77134134443975,1.0088820240412575,0.8157364807698959,Oval
0.9956585752376715,0.8432886135851471,0.8907910367255755,0.9956585752376715,115.77324445145004,0.9985883756933057,0.8041066995721169,Oval
0.7986002557716624,0.8709437632465626,0.8681657383248239,0.7890646126582314,117.39432903313931,1.0120847430748503,0.7766378640917709,Oval
0.8209253433062376,0.8513249087966074,0.8939042412315588,0.8204210066891094,118.53868558906903,1.000614729039135,0.80788482365285,Oval
0.8014661721993632,0.8558219604529566,0.8464663075810828,0.7828939342611679,118.3796044949684,1.0237225467275108,0.763113373308501,Oval
1.0194971162651891,0.8564320584898496,0.8647875943653777,1.0006227618252839,111.22913786189751,1.0188626075280114,0.7751176921480935,Oval
0.9168795244998129,0.828626932322468,0.8693897939903974,0.9066798200320574,112.71742097189598,1.0112495108442967,0.774055681532903,Oval
0.943252147980681,0.8143085869532075,0.8631339583080208,0.9309825186296365,108.39674003947995,1.0131792263608825,0.7714558153613429,Oval
0.8401272408347922,0.8264991965437157,0.8927489552781575,0.8374999574209481,119.21572594642986,1.0031370549819905,0.8009428642045655,Oval
0.8828146676969425,0.8296433788936685,0.8579209478872402,0.8739758324891553,116.4940777323693,1.010113363412594,0.7701689734271334,Oval
0.794879556166288,0.8721001089770081,0.8650261936904174,0.787125074516832,116.28019114553996,1.0098516511549527,0.7772812998284414,Oval
0.988164673409902,0.8226732934492968,0.8828941471188589,0.9829680909639703,111.95619491919433,1.005286623740589,0.7980796554133556,Oval
0.8215513719748115,0.8511899963608326,0.8497330296156963,0.8060547964154071,118.10041285853268,1.019225213506971,0.7608073783500106,Oval
1.1848508402102673,0.8388946914933727,0.8842735313070548,1.172904021516095,103.71313097776314,1.0101856745948656,0.7947324159601485,Oval
0.8866446749771218,0.8501835855561772,0.902252968339621,0.8824779563347793,120.81554590261827,1.0047216121518188,0.8152749140359616,Oval
0.8035649656505138,0.8517735212068237,0.8715146029360733,0.7919435553112493,124.22808370902827,1.014674543736513,0.7865966253846731,Oval
0.9230420741025659,0.8316712673396149,0.8756785112471178,0.9099361027516715,112.70556721790061,1.0144031776640816,0.7856457894087439,Oval
0.9518168344407486,0.8664381629525643,0.857501193237752,0.9412207957031768,112.73909077098413,1.0112577609695244,0.7654380008808644,Oval
0.9403310479821253,0.8385559192207898,0.8603998633177956,0.9315865494444199,112.99817973931029,1.0093866732435333,0.7733596845614129,Oval
0.9218367696364037,0.8367018420859187,0.8773597847872074,0.9104970772302518,119.49375801635777,1.0124543973723097,0.778892079814226,Oval
0.9117219533746916,0.8237310394553599,0.8992495087637484,0.9117219533746916,116.74880861717543,0.9955999728989593,0.8086186197108917,Oval
0.8528441088341397,0.8664827170830163,0.9121782734111137,0.844068634569548,116.17677464259121,1.0103966358956902,0.8288337046601266,Oval
0.8092206920410917,0.8226578635254101,0.9069384279579026,0.8050528096087308,121.59408208481896,1.0051771540731427,0.8210787207011684,Oval
0.9002883717945821,0.8724573399723712,0.8577229058949629,0.8794145936361261,110.65661852439875,1.0237359924539675,0.7726098869082043,Oval
1.071152195756274,0.8258336705695399,0.8850668697770837,1.0592526513965366,105.8190901075352,1.0112339056636288,0.8065545738194744,Oval
0.7961441933956652,0.8663181107966139,0.8474059628599179,0.7840734726149865,116.75208636596932,1.0153948847936678,0.7573715634292767,Oval
1.150209238864708,0.8730464924206744,0.8658079090143259,1.1391147782857798,95.1348804909267,1.0097395458213825,0.776451248606762,Oval
0.9099598870936235,0.8458593387972752,0.8736859852773569,0.9033616512922942,110.9260355880519,1.0073040911044766,0.780212619398049,Oval
1.1572656868076572,0.8405199963656224,0.8739911445397102,1.140954439173518,99.87503695870927,1.0142961428380564,0.7895613197494143,Oval
0.9729536625199764,0.8736274409612687,0.8677638635356443,0.951413244362174,110.19051460047594,1.02264044387173,0.7779697251355182,Oval
0.9824288845496478,0.826354351997746,0.8741814701605535,0.97451257705392,116.26518541780352,1.0081233507726086,0.7835597128721393,Oval
1.2208452856006655,0.8263854082268375,0.9046553501982474,1.2151725887429377,99.470171877825,1.004668223189264,0.8107098065288308,Oval
1.243437165861854,0.8321529893687928,0.8936843299298703,1.2362333858463102,95.4636072353477,1.0058272006710223,0.8046870813010847,Oval
1.1884016582268326,0.8247236468581801,0.8868253559819936,1.1761734566549222,97.36091864887943,1.0103965971198565,0.7983061701688342,Oval
1.223384270738063,0.8594321888656732,0.8999150920385015,1.2156860951079604,100.3877451086555,1.0063323712108587,0.8116150623486968,Oval
1.0079421824891746,0.8306467086608047,0.872813090900836,0.9949043427321417,107.99020174925599,1.013104616390787,0.7797337100454838,Oval
0.9354705468238278,0.8599823331152934,0.8985840727513583,0.9326284398512984,115.81115630980291,1.0030474161531924,0.8094602065777939,Oval
1.0218692650460715,0.8470104287901683,0.8725015627628709,1.0075625432936008,110.1104648099103,1.0141993386392705,0.785123877352462,Oval
1.1713531750093993,0.8378637799939109,0.8708278845846887,1.1565024673482067,101.88765468970392,1.0128410514291806,0.7767197826633702,Oval
0.9949804162803801,0.8486680374989164,0.8752580692522395,0.9739008322488271,114.99053968761274,1.021644487132102,0.7872388692654146,Oval
0.9833123544457584,0.8443175820843198,0.8762999905946838,0.9662440908783854,111.58029405775272,1.017664546389988,0.792435055469631,Oval
0.8836150830872017,0.8472711057014165,0.9017474038515064,0.8762992554330602,121.55279912498244,1.008348549435348,0.8140132760066953,Oval
1.2028846176651664,0.8587955574012439,0.8700269116285707,1.1788784350152675,105.13456017684457,1.0203635777336009,0.779542055850057,Oval
0.8315591337122394,0.8295555192795846,0.882295043279272,0.8229892327091608,113.63067137450737,1.0104131386687378,0.790214054850221,Oval
0.9922947628937787,0.8275302205941281,0.8598032270048396,0.980851839752469,103.58371029981483,1.0116663115442568,0.7664539912347222,Oval
1.1846597704487585,0.8354028374095883,0.8972543295333886,1.1846597704487585,96.9607926705858,0.9996223065743959,0.8139413636573065,Oval
1.2399384583060291,0.8392203812649089,0.8954405402443437,1.238344060098709,99.40165601057848,1.0012875244115862,0.8111142136871816,Oval
0.8925479598596036,0.8239397509386658,0.8911573285276354,0.881687994240722,122.35390467443438,1.0123172433897478,0.8100365166721784,Oval
0.8717510572004578,0.8529292646386124,0.8771667135506275,0.8557528351117596,113.21605045027903,1.0186949098294356,0.7905694510288471,Oval
0.8818486550804034,0.8523116550535019,0.8843320352804898,0.8684784081400035,113.28678970024913,1.0153950251555874,0.8004630720276339,Round
0.9427508305498689,0.7896449537133383,0.8843061328729649,0.9384972001370162,126.45903737340211,1.0045323847660192,0.7961887530926666,Round
0.9155549942685466,0.8009876913114691,0.8946788674849392,0.9099559449773116,120.27455266387464,1.0061530993034775,0.7968273936202765,Round
1.130409684900084,0.8325728143161364,0.8791634121265156,1.1142186210026908,103.10396535761775,1.0145313169177002,0.7908951139417215,Round
0.776219713493122,0.8236061186189884,0.9049923774521424,0.776219713493122,115.58042569208321,0.9970374982765815,0.8165265298438832,Round
0.8521184548734594,0.8271833022727582,0.8831890732435775,0.8420761523283087,128.48513793681403,1.0119256465313549,0.7903720369715153,Round
0.8466145878556838,0.8290607625564158,0.8853244808709029,0.83994775052197,122.4254875396545,1.0079372048196698,0.7908886228712967,Round
0.7200245770406223,0.8518384371442432,0.8558866995028594,0.7049385756044745,126.14395060834178,1.021400448149985,0.7670229141683965,Round
0.8698576453222271,0.8226153393513777,0.8799003983370108,0.8596821076050336,119.27336085454137,1.0118363958342012,0.7958407840750924,Round
0.8573868587792216,0.8495822386163967,0.8779457397725718,0.8480131980393313,120.14058630621066,1.0110536731757984,0.7930155971982,Round
1.0113335991855457,0.8464705582324198,0.9090284991535318,1.0076604829262115,114.02148609960655,1.0036451923257599,0.8285176463222178,Round
0.9480338329380802,0.8203968339012747,0.9020187215497181,0.9436142338759448,116.75523839009826,1.0046836926611225,0.8217707264170728,Round
0.9256448060518844,0.7911816709890235,0.8752098750354568,0.9176249982962693,115.07631624896838,1.0087397441988888,0.7801821950516773,Round
0.8769600991370736,0.8418379207063673,0.9115796842749917,0.8769600991370736,118.94052251938464,0.9968047526187033,0.834576656013072,Round
1.1731246005668607,0.8446569431736596,0.890373658051854,1.1585724787905212,103.46497720054414,1.012560389654285,0.8118231248095179,Round
0.9385314403957435,0.8464619272826522,0.8696446980606782,0.9264424155760845,114.35239590427118,1.0130488680315244,0.7770120861723049,Round
0.9872660485717945,0.8419741868935111,0.8602854975858002,0.9746666754642894,113.5557683002569,1.0129268532767917,0.7599572250266867,Round
1.5334619443389517,0.8336451092299684,0.8424691401725872,1.5014527475395418,76.60960121218342,1.0213188172933607,0.7601389076406938,Round
0.8982701509226725,0.8366868664683762,0.8740350064579293,0.8959634080962138,124.590055088894,1.0025745949060132,0.7898940589616026,Round
0.9920412089253419,0.8278447919931896,0.8799667789722929,0.9823717459805553,110.26561787613306,1.0098429774516111,0.7908057590912183,Round
0.851598267071232,0.8376630294531542,0.8722119001433412,0.835167888667638,118.49454336051124,1.019673144318091,0.7914102133670998,Round
0.8192738726812604,0.8451506038211943,0.8450668679373837,0.8060865657182329,113.3997093274951,1.0163596659761691,0.7495044671180019,Round
0.9438871899488258,0.8242942847890732,0.8737273395823325,0.9334193376519162,111.6900972994743,1.0112145226423552,0.7934435692572228,Round
0.8299584026711097,0.8574892125676621,0.8676248250404364,0.8133603247161484,120.84047315053093,1.0204067956729435,0.7834967109471386,Round
0.908146275584254,0.8198504244190433,0.8594601012314625,0.8975368733360978,119.359826612268,1.0118205753583378,0.7626225740453371,Round
0.8941407147682706,0.8120945693145406,0.9049648772418136,0.8896921569970467,124.9817738608004,1.0050001090110077,0.8196150505767451,Round
0.970941481123004,0.7958655335445495,0.888038721197229,0.9687525539868836,116.17072167088313,1.0022595317319287,0.8031507556603821,Round
0.8756049470491339,0.8272544456450465,0.9023117517116365,0.8740753045250927,120.02646810421285,1.0017500122885548,0.8182904189744264,Round
0.9489140340167813,0.8502787577750416,0.8983906200891096,0.9413904230944341,111.66972471368544,1.0079920198227812,0.8130624716400452,Round
0.8759320310359974,0.8291691842825304,0.9125119699960645,0.8759320310359974,117.81171940694493,0.9963948780952298,0.8267335458852642,Round
0.7573031139047035,0.8083796892905475,0.8783454260736188,0.7507859316135731,123.38579342172159,1.0086804800365983,0.7950400624633583,Round
0.937053427604698,0.8556528183284787,0.9094694649788547,0.9368499854689241,114.97133945091136,1.0002171555093446,0.8296660095216981,Round
0.9078982758997413,0.8242557000524738,0.8861996539071019,0.8984808801928024,119.88430856499517,1.010481464786338,0.8018858930162288,Round
0.8773583001038564,0.8440145433429054,0.8710825569050235,0.8644413900200589,112.7370714103244,1.014942493768719,0.784236960333946,Round
0.9966303641134734,0.8336303257790275,0.907786098663295,0.9966303641134734,115.8108172911564,0.9941219394868178,0.8161857739386476,Round
1.2128671138832556,0.8473454347961857,0.9020864456811692,1.2112463269743214,98.01001401513261,1.001338115024863,0.8097359567624314,Round
1.3360728883725717,0.8353308716143283,0.9143945081630273,1.3360728883725717,98.54485191293566,0.9916451357161432,0.8267206805549642,Round
0.9573241685902939,0.838422107301534,0.8795396443251822,0.9520467813201527,112.38227384097196,1.0055432016300958,0.7896245225750681,Round
1.0693310891988352,0.8143019735303639,0.8894047560430086,1.061023831184623,106.92715644409084,1.0078294735424909,0.7986410534909691,Round
0.7776746886777556,0.8367888460938132,0.8946279452768101,0.7716527485597214,122.7449514666227,1.007803950843529,0.8105958988876872,Round
0.7843180403623464,0.8458204605240915,0.8692813961371602,0.779389089150563,126.33833632481478,1.0063241213925067,0.7847507815343252,Round
0.9290628427954992,0.8168857424227651,0.8924210580603893,0.9290628427954992,113.01228701065936,0.9991097744838231,0.8052306892329493,Round
1.0758341092251353,0.8343026629687523,0.8962029236420302,1.0681396770290381,107.67487944689778,1.0072035824167667,0.8190587670389605,Round
1.0781549034339375,0.8389196139625328,0.860954824472778,1.061707135874134,100.2219153841446,1.015491812199474,0.7746407154173446,Round
1.0957487709512783,0.8221233435446165,0.9031837382376113,1.0957487709512783,108.15122331360551,0.9976817468933484,0.8131437219861913,Round
1.083284334905638,0.8495830016373525,0.8870786318019753,1.0710022587565846,111.42984732515869,1.0114678340298857,0.8083140399766361,Round
0.76983865102371,0.80855731783179,0.9020817826855534,0.7677046404249733,128.94930650508695,1.002779728669551,0.8114856796530434,Round
0.91643715707185,0.8366760557931107,0.8921003910545708,0.9102220208685824,117.61997299533805,1.0068281540775477,0.7979533371465578,Round
0.9079088513698377,0.8193721853308159,0.8983726945368198,0.9015954520813084,116.63777575290136,1.0070024746397677,0.8160906098090593,Round
0.849321932943437,0.8432151366145326,0.853880866474061,0.8344101862707345,118.16107150801689,1.0178710026771705,0.7701132477957954,Round
0.8046772241337384,0.8357986609586036,0.8824129392649217,0.7975857186031955,124.84370912382923,1.0088912142797168,0.7969116942340291,Round
0.8516298112679985,0.8454108673071098,0.8779546612466793,0.8392402850965374,119.76498124125574,1.0147627877158398,0.7969060063800971,Round
0.8622917515115684,0.860089347252336,0.8745576627603706,0.8521022474279627,119.26256939672638,1.0119580767617529,0.7901002727588323,Round
0.8768110016582626,0.8343810035333636,0.876383048048804,0.8656821659701521,110.84262393539477,1.0128555676963018,0.7839645282947921,Round
0.7524373065390303,0.8651252007438996,0.8777292145663472,0.7381720197837229,121.92375479467302,1.0193251523669062,0.7989164551450908,Round
0.9433784347657596,0.80718628728209,0.8694358350451757,0.9409974674232064,105.2739014704736,1.0025302590336116,0.7740273993081161,Round
0.7657789517927742,0.8364095277406444,0.8798719945488949,0.7596810605111453,131.87904130889828,1.00802690971067,0.7974471371991996,Round
0.8539756895758026,0.8400286882383997,0.878425476628753,0.8456582716955627,117.23122953160619,1.0098354360840853,0.7854390550532515,Round
0.8849832260911088,0.8676810638164044,0.873909936564723,0.875289544195335,111.63619975005423,1.0110748288495612,0.7851081938200856,Round
0.8553986806968069,0.8203960071186894,0.9122493639331245,0.8553986806968069,124.21974636043808,0.9967283942614733,0.8296312658212089,Round
0.972902137676473,0.8120042955753508,0.8811695983977544,0.9669511740267496,117.07607690179555,1.0061543579547472,0.8011698150595614,Round
0.9422111520424605,0.803552888688729,0.8798366848087668,0.9394044739282412,121.62076717815913,1.0029877206167466,0.7926606782691908,Round
0.8858547294944278,0.8741595693035508,0.8760177626392762,0.8757368015860286,121.7840536425765,1.0115536173540667,0.786141022855529,Round
0.8739070926673222,0.8133019204057417,0.8976756642390056,0.8739070926673222,116.52673017849935,0.9950176647587844,0.8069395072728279,Round
1.0235729677739098,0.8411126393607335,0.8958288060844143,1.0220433092854193,107.2768818031133,1.001496666995022,0.8066043666263262,Round
1.1663094302027834,0.8306980266661194,0.8936327737746782,1.1663094302027834,99.87899378032404,0.9975959785677755,0.8006270008648971,Round
0.9503700069796931,0.8032533021929779,0.8964678686813491,0.9503700069796931,122.78992242738487,0.9977818072613251,0.8054672312661394,Round
0.8570027551129176,0.8284101430365753,0.8565800339602688,0.8430253938321812,113.41088073724916,1.0165800002977359,0.7664613203249645,Round
0.8393673497072855,0.8234942767823458,0.896208155636161,0.8267398383106582,120.3436971520644,1.0152738634470913,0.8138583334888003,Round
0.8342076698975668,0.8290877806347321,0.872620903295359,0.8226173925428479,123.00435065523249,1.0140895116730895,0.7915278393908003,Round
0.9537724334954583,0.8152376628351113,0.8812125221127466,0.9495669462440315,115.07884831511986,1.0044288475584173,0.7932322604936763,Round
0.8859363528230332,0.8221261127806807,0.8743283935263707,0.8785983987524097,119.90591274015853,1.0083518864603476,0.7826206047609463,Round
1.1920888265403506,0.8322052850869665,0.8669082961860962,1.180690957290178,104.91109594999672,1.0096535585199466,0.7750605071486824,Round
0.8531494678234857,0.8312939881855985,0.8990457298910236,0.851281485283624,130.58602170905795,1.0021943182979474,0.8198284686115878,Round
0.9440302979121811,0.8146407680482388,0.8606425031802897,0.9273634703547344,113.1788617598121,1.0179722709490284,0.7700351281343053,Round
1.0638589588210978,0.8539523351791912,0.8573472557879187,1.0463308350439693,112.85725249546259,1.0167519900877164,0.7628306597468898,Round
0.8902734884097713,0.8290555118260723,0.8743419624527989,0.8784175752177057,117.53261439620121,1.0134968988856208,0.7924827701373958,Round
0.8717228439506616,0.8336920740504639,0.9134897835270938,0.8717228439506616,126.23714247637305,0.9927371912736529,0.8295118779393993,Round
0.9809109701173074,0.8340355743977065,0.9036005021797131,0.9761089700014447,120.22798035722352,1.0049195328220943,0.8212436798986572,Round
0.8687637753129939,0.8137893283587713,0.8836427525760319,0.8617857492142685,118.97252345417472,1.008097170445308,0.7968715708194734,Round
0.9146424100083128,0.8527493910505874,0.8498118511872519,0.8991507887246926,114.09680768861291,1.0172291694317397,0.7484221630691612,Round
0.884567830281307,0.829028545628851,0.9036804775956419,0.884567830281307,121.9888044646723,0.9988468357575561,0.8157214433683462,Round
0.8652976269199246,0.8460983330621148,0.8491845134939848,0.8450102185746332,118.57797119331254,1.024008476938317,0.7692209481045524,Round
0.8472239407341592,0.836227688668167,0.8846122022653762,0.834680331005393,121.36534867060668,1.015028040392011,0.8062673662568773,Round
0.9471951487818772,0.8277784869394967,0.8862868269999882,0.9431694225622617,115.37086508493296,1.0042682959427152,0.7983173752295819,Round
0.955451793425759,0.85537951217757,0.8906945929845314,0.9418736396222908,110.66592236288602,1.0144161097967594,0.8164875530932473,Round
0.8841492878386946,0.8178031740718188,0.8763065134636226,0.8770622202651889,116.46497531368946,1.0080804615792969,0.787842805337516,Round
0.9780628933633159,0.7886081090491196,0.8867839918690945,0.9780628933633159,125.03972149712237,0.9964498538355459,0.7981965755363701,Round
0.88938790389233,0.8356487607642212,0.8854065710721437,0.8818207611080943,117.69160646911685,1.0085812708409438,0.8005857572402777,Round
0.8852664530268506,0.854150758120595,0.8914935989746902,0.8704846612812541,117.24923949667749,1.0169811053578353,0.82064955239011,Round
1.4490028490173577,0.8188001966514917,0.9132916636746556,1.4413013513591448,93.14157169114986,1.0053434333152815,0.8349634508967348,Round
0.8066961155417939,0.863940361778639,0.9037309280700961,0.8066229795234351,122.48138384613287,1.000090669396007,0.8227198158217615,Round
0.8453865792924877,0.7999797875060519,0.903986882391098,0.8453865792924877,120.60211994418279,0.9995773677253208,0.8108841606825951,Round
1.03167141521201,0.8254701674510704,0.8486754330207015,1.0213146098562302,108.10649539460772,1.010140661120316,0.7582139847482253,Round
1.0021742852493631,0.8446111635234042,0.880079801834583,0.9904152594057191,108.83259309978814,1.0118728237796941,0.7979968694694993,Round
0.9863000399040549,0.8062157358983835,0.8791282589166813,0.9863000399040549,118.22530834876527,0.9993744487844046,0.7870160703094142,Round
0.9748676254701004,0.8486069860267157,0.880383669125616,0.9621022973764977,112.9019139797445,1.0132681609101357,0.8052133198583455,Round
1.3462982640997512,0.8491676778942688,0.8745280751881606,1.329366348730085,88.10694066678326,1.0127368316385028,0.7857048725997757,Round
0.9697656736887894,0.8398834466079147,0.8622274580977959,0.9531306534691295,112.72498370510513,1.017453032445356,0.7807396448734186,Round
0.8580685094957295,0.821897988043173,0.8793114855094526,0.8478174875981724,126.67622299741305,1.0120910715425295,0.7847913768211763,Round
0.9924401220037532,0.8520248334324522,0.9089849149103875,0.9900555917471867,119.82069873925988,1.0024084811766563,0.8314307020896162,Round
0.9028471118690786,0.8355827032574028,0.9082183770364316,0.9003080764791804,120.08839521531674,1.00282018506357,0.8230325078452465,Round
0.9071088722214765,0.8044680121885143,0.8942405494861134,0.9067509675149014,121.87547060264671,1.0003947111383362,0.8056865323891178,Round
0.8863196824424189,0.8228451701086406,0.8646367293924513,0.8776188240253529,121.94371292080464,1.0099141656706474,0.7650176594386859,Round
0.7782820986087604,0.8505131692406627,0.8778513714395919,0.7667686567296019,128.595833099867,1.0150155353614287,0.800678553403431,Round
0.8880389421197439,0.7968736280186491,0.9110437384915138,0.8874633591349526,119.16897318637994,1.0006485709847812,0.8293321410431731,Round
0.9633570240746332,0.8422327962667691,0.8954240767725223,0.955857695083934,110.02374656264746,1.0078456542530012,0.8093212792943297,Round
0.9415017907364064,0.8143934595112865,0.8926299654382834,0.9374587708875325,113.43903903283221,1.004312744170121,0.7957860520734218,Round
0.9082261742038087,0.8387064691125677,0.9103585067406194,0.9066729628071316,119.41751731111701,1.0017130889090022,0.8288845335096187,Round
0.9809179445733833,0.8495923169907954,0.8980228992815793,0.9677858393320024,109.95791821694989,1.0135692264834597,0.8216859886465945,Round
0.7171056929372323,0.8196522681785339,0.8631213953511502,0.7070862169921893,123.50455536180878,1.0141700908662366,0.776422581382529,Round
1.4874826422972312,0.7973755534313222,0.8828974408707978,1.4800911742477598,95.25941160725331,1.0049939275215447,0.7926372344494045,Round
0.8405274661069916,0.8198999748815182,0.8949488562062293,0.8377971380624707,122.72881136967312,1.0032589369436558,0.7987427647306151,Round
0.7646173299133238,0.8338920269714631,0.8908151344928267,0.7605533631479524,116.2123357346372,1.0053434340866636,0.7991538490930354,Round
0.8548245483115835,0.8389198999949915,0.8480402889497737,0.8406201312123539,119.85206419054028,1.016897545718711,0.7453055948258809,Round
1.0300487116307864,0.8415605844193106,0.8744534198414928,1.0200690422194116,120.23043781826276,1.0097833274007233,0.7915899191919454,Round
0.8582677090094614,0.8437140795830556,0.8525529012379025,0.8403553518910569,113.83091317042701,1.0213152175185132,0.7614019508529978,Round
1.0388227895059892,0.8378630440769201,0.8544228968840911,1.0303127183584595,108.39227165880607,1.0082596972704443,0.7613978183111905,Round
0.8192535515023517,0.8089621977954622,0.8837706220320781,0.8161421364912959,125.32961372288831,1.0038123445315938,0.7876904148936312,Round
0.735843983306545,0.819733946873031,0.8893217458684078,0.7310182160386056,128.7929665427936,1.0066014323064207,0.7968174887135404,Round
0.9142088339592287,0.8349140216449311,0.8722548983100075,0.9046590289556349,119.65492029154096,1.0105562479320174,0.7799208269576449,Round
0.7878912697613845,0.8431633234053468,0.8661856843041373,0.7805394267624952,117.39928532365192,1.0094189258694888,0.7770293057193163,Round
0.9739127180735029,0.8400865136550648,0.9101769337203691,0.9710905959323369,116.68278001704148,1.0029061368249133,0.8298419085508085,Round
0.9209897063008328,0.8403935526226614,0.8605773037233786,0.903630177222818,112.35571015568775,1.0192108779848044,0.774811118609102,Round
0.7293712255772814,0.821205080080493,0.8627843089481076,0.7191475744364074,125.11152624750551,1.014216346552912,0.7813026815009669,Round
0.901854022514545,0.8330118642106089,0.8880890630021125,0.8935508940698063,114.61162711183506,1.00929228374102,0.8062741860760443,Round
0.8152104500166527,0.8494127172820707,0.8428970099867721,0.7981753805285662,116.28995582741824,1.0213425143191033,0.750436687881084,Round
0.9670879677752998,0.8446921957894951,0.905205287675848,0.9626375947752799,110.56273470202235,1.0046231032573154,0.815298972779908,Round
0.8622663528550766,0.8327544163361774,0.8797013471099788,0.852273246344145,115.39951783256461,1.0117252378316428,0.7814900482728981,Round
1.1647265711604269,0.8614522882026874,0.8865177881572114,1.1419107860212132,99.15156005324287,1.0199803569757941,0.8136924075836192,Round
0.810746776105255,0.8394307570588464,0.8655592758757886,0.8042484309116977,124.5263298748162,1.0080800222217292,0.7783948185242954,Round
1.1306960878285615,0.8378383422344973,0.9075644580991423,1.1306960878285615,105.80054988333423,0.9997908119618338,0.8262498713329571,Round
0.9527308973550883,0.8435576120071302,0.8988182977519196,0.9428119551231319,111.8765266816565,1.0105205944600701,0.8148469429536503,Round
0.8519514169063701,0.8361925042909355,0.8934354684272119,0.8448445757201014,117.9362463755835,1.0084120101975103,0.8056722059205536,Round
0.8535117750331304,0.8630458831479461,0.889688637174909,0.8447539083214947,117.97202390208658,1.0103673586181299,0.8078572674366635,Round
0.9090403662911383,0.8369115558647023,0.9024160898320344,0.9055665491230799,118.04267695747997,1.0038360705476834,0.8166661613738525,Round
0.7102678496452655,0.8536602895564325,0.8925390023705382,0.7056735001552928,127.26017558746047,1.006510588096282,0.8026443034866582,Round
0.9033371568659974,0.8615557648527171,0.884822875812997,0.8967407304520814,114.0806756114865,1.0073560017850316,0.8015629909585329,Round
0.9748856575302793,0.8132404026518821,0.9320769451791092,0.9748856575302793,115.20002580449486,0.9894323519334688,0.8495420092252433,Round
0.9002928323972403,0.8561789095929847,0.9131551234490054,0.9002928323972403,116.524453359139,0.9975417939351026,0.8311002391659027,Round
1.2754776762354334,0.8674854010786324,0.8961211812672877,1.2576804758306879,98.37846422823274,1.0141508123460299,0.8173007622326259,Round
1.3921155271181382,0.8385842884173997,0.9090831835919739,1.3921155271181382,88.79531476231061,0.9994825383595678,0.8195545732962506,Round
0.917600009622069,0.8563852753982276,0.9148171396273302,0.917600009622069,116.78196523262486,0.995713267320888,0.8402357743110731,Round
0.857636948866532,0.828802036567341,0.9075123239249524,0.857636948866532,122.3444237491216,0.9951352472183627,0.82473703796242,Round
0.8894290354825358,0.8444855906157045,0.8336164503845169,0.8651136239613509,108.91812095898727,1.0281066103315362,0.743954248905254,Round
0.8813674891092801,0.8333968151784851,0.8792640623312551,0.8748680832478092,125.44641062027242,1.0074290124258996,0.7967613287881983,Round
0.811987779759317,0.8350602884181869,0.877527528410885,0.8054344449620898,122.47449406802504,1.0081363974910902,0.7886421584310357,Round
0.9959329561383414,0.8421227882537063,0.8973376260498985,0.9959329561383414,120.22571627331179,0.9994399335471874,0.8142711005947422,Round
0.9196771501353321,0.8468921939344016,0.9189643190836656,0.9196771501353321,114.40347397691644,0.9997118014591129,0.8408339411186735,Round
0.9488034054978907,0.8308651068859015,0.9064234252983386,0.9488034054978907,114.68805097483802,0.9995962471237372,0.8211066154969971,Round
0.9619880617430513,0.8302404251545682,0.8742521912789191,0.9553511035594062,109.90180832624162,1.0069471403329282,0.7842305027982929,Round
0.7937059134179463,0.807731665974143,0.913961355075793,0.7937059134179463,128.1361240277674,0.9935336636857369,0.8153831970512188,Round
0.719854195285482,0.8416320964605535,0.8716588264689791,0.70570379680864,122.34498712296535,1.0200514699521719,0.7890095890354777,Round
1.0195950790641666,0.8391885159145874,0.9019832077576792,1.0166250543117075,115.46342917861799,1.0029214553978014,0.8217091640706479,Round
0.9117057389417412,0.8176469103607549,0.8935819488516985,0.9092577600627633,119.23007453925653,1.0026922826359042,0.8010021297012647,Round
0.8200071096125618,0.8366018368103803,0.8820747328531626,0.8069603449141421,123.58677794965546,1.0161677891369096,0.8102059910775844,Round
0.8445351939431321,0.8018134347860665,0.8895301519662258,0.8377709962890867,126.9901825769553,1.008074041335887,0.8002595886140607,Round
1.1998246562680683,0.8355535303538824,0.8958860088791706,1.1893149118967459,110.35561397774859,1.0088368053458283,0.8099117830186815,Round
0.9424784408841377,0.7926772490282595,0.8797750375889044,0.9351519784770754,116.47950254234182,1.0078345152185784,0.7858593911604697,Round
1.1509995865860227,0.8105546600381177,0.8845728029686168,1.1428055458649422,104.10584554802904,1.0071701093425118,0.787746100121688,Round
0.9406670982594483,0.796817963666095,0.891436659999262,0.9385720263102396,126.34218384120642,1.0022321909139407,0.7976765789711749,Round
0.9148766128213117,0.8121233661306949,0.9261823799102532,0.9085970623717147,120.53029625688524,1.0069112599078909,0.8497154172687782,Round
0.895432456717963,0.8278639661451279,0.8736643939510713,0.8872623685771694,128.4871998985368,1.009208198645791,0.7821484800036562,Round
0.9692096404877265,0.8102288438636026,0.8796365698941411,0.9666050149690893,117.38628632340557,1.0026946120476319,0.7852977514783747,Round
0.9747155070156723,0.8008952050880249,0.8931739158060729,0.9729653990601983,118.55156800112914,1.0017987360672482,0.8109186358401576,Round
0.828432868900761,0.8473857149006903,0.8978357155516287,0.8212305261939068,132.8739020931593,1.0087701838608392,0.8173579439235792,Round
0.9370294282301033,0.8358504027326382,0.8616654597047416,0.9232088912934013,112.219285321364,1.014970108138083,0.765326624406463,Round
0.9040947154165179,0.8213347188125414,0.8861092254475312,0.8945031435947172,115.77494620017929,1.0107227927486708,0.7869773613556564,Round
0.7852555948843705,0.8333558205832733,0.8732200437049026,0.7749702236314597,124.59750258846631,1.0132719567013997,0.7940708015371953,Round
0.8318205293203246,0.8370927610914757,0.8968953966934408,0.8239045154774265,119.35330602544958,1.0096079262756692,0.8154522126230089,Round
0.9001242469391901,0.8608122966668998,0.8495550203805561,0.8765956416710947,117.36824129846205,1.0268408878046003,0.7617784487136847,Round
0.8304813827483765,0.8082362862774168,0.895735087737455,0.8304813827483765,131.7390936011775,0.9965286432885154,0.807108287884898,Round
0.8491544962537867,0.8361950307145667,0.8694205903568062,0.8404454343997738,121.93536135451566,1.0103624357960046,0.7829639325553661,Round
0.865299778351974,0.8363285444537266,0.8776073936713816,0.8560818804863546,123.74648744604383,1.0107675423060964,0.7951687451629933,Round
0.9645337529827164,0.8468107974972257,0.9021708812680009,0.9602977084110303,114.18890752547996,1.004411178465369,0.8225156422083895,Round
0.9162930184656678,0.8316525538311548,0.8851490861536458,0.9103860759596344,114.64020046082413,1.006488392850041,0.7964581726163943,Round
0.8908477650300171,0.8286127594527123,0.8868944519408891,0.8858379662045841,126.51066444705673,1.0056554347595843,0.7984512444652339,Round
0.8287750756801318,0.851069239644639,0.8913073882099155,0.8192540306032008,118.66719327753763,1.0116216029720608,0.8009286231426487,Round
0.7641345103124747,0.8399422244406872,0.8888359203580389,0.7583735350220182,124.40793847465312,1.0075964877786634,0.8088256147396832,Round
0.8262910675524232,0.8330305456393636,0.8929189658588954,0.8244963455671017,119.86536856995802,1.0021767494725364,0.7996294100739816,Round
0.7265271729152847,0.8408955670450684,0.8576402521061692,0.7139965182097819,123.92216178174914,1.0175500221442553,0.7716502116094169,Round
0.7431130874022209,0.8355431804168945,0.8893782757132649,0.7344169223856319,122.70411822349547,1.0118409104577015,0.8040910508081773,Round
0.8578137295894203,0.7857858696893973,0.9048476127973267,0.8578137295894203,122.49177325815049,0.9929360186194444,0.8088844626841193,Round
0.8098154066178571,0.8478099174751695,0.8743222492109034,0.7977861115261984,127.11751689464126,1.0150783460853263,0.7899868568795,Round
0.8469957301145394,0.8375061776107237,0.8634402007338369,0.8364327081401844,120.66560764443662,1.0126286572387178,0.7738386521176054,Round
0.9727598908122662,0.8596241190052074,0.8778952613272522,0.9576809188113194,115.87767752580606,1.015745298569447,0.7840713205353116,Round
0.788147841886777,0.8392936810544634,0.8743924914895603,0.783650920805675,118.93318980327028,1.0057384237824651,0.7872399654653441,Round
0.9351593974545475,0.8178079153685742,0.8899801686439747,0.9340291516384043,119.87149331066941,1.0012100755251168,0.8029073747030449,Round
0.9032518133819266,0.8505503833953634,0.8938260924913417,0.899861335912851,112.97946490862296,1.0037677776939224,0.8145073868758316,Round
1.0509077385342815,0.81210353557039,0.8892265017078674,1.0509077385342815,113.63120237297396,0.9997234834483838,0.8003585936000702,Round
1.0467918250948103,0.8294114105524132,0.892507819136655,1.0377518598128346,110.75792029247822,1.008711104872032,0.8092437009864283,Round
0.7796252931034889,0.8363619553757164,0.865523954306396,0.7722493128108288,122.13549874048944,1.009551294083789,0.7734551075100061,Round
0.8847973762333826,0.8333512823994619,0.8755892462914331,0.8743561282820222,118.35646014799705,1.0119416420993994,0.7952698103913953,Round
0.9597646137466964,0.7955823844083437,0.9160670595561111,0.9597646137466964,109.20262928199169,0.9941063213217087,0.8221147248522517,Round
1.148280421886382,0.859558028818839,0.9134083306855506,1.1343995781078213,100.67000781262497,1.0122362913795453,0.8392452427794083,Round
1.1474463175257423,0.8360109707854667,0.8919913569841801,1.1360249882006765,102.53907739069783,1.010053765932698,0.8027792913072415,Round
0.9233126819207081,0.8582297531435016,0.8617093560518119,0.9034983954020903,113.18986775107545,1.0219306272368085,0.7729625865174965,Round
0.900929207546968,0.8546181231202812,0.8778419190072838,0.8884411683844489,122.60633220678272,1.0140561239245898,0.7977335997666046,Round
0.8505662353580727,0.8537136495696647,0.8454374681922963,0.8298418120535833,113.96174968343834,1.0249739444355104,0.7615368670689463,Round
0.8937280269717978,0.8203893305516573,0.9054493790136713,0.8871128878904464,121.00056397801507,1.007456930421879,0.8241820298042108,Round
0.8182776995637415,0.8385227524082403,0.9135414598514026,0.8182776995637415,127.27807577987585,0.9973761994081104,0.8324852743485397,Square
0.8358309767849635,0.8416768856722338,0.8920303475694705,0.8290884911514078,131.85915831257466,1.008132407704987,0.8111067123681703,Square
1.2102203372725506,0.8821960259222638,0.8739332601976262,1.192867660220544,98.1487206673966,1.014547026154434,0.7984296525228054,Square
0.8127702513166706,0.8024699465373786,0.9173819046614464,0.8127702513166706,131.26481662890924,0.9905484518561914,0.8393667344967443,Square
0.9328423869580257,0.8489745594929091,0.9171651251456936,0.9280387490160708,119.4500533349173,1.0051761178582768,0.8387793602527109,Square
0.8052131326984211,0.8528385585422701,0.8736393796371298,0.7885726486139417,120.56618155191201,1.0211020305024883,0.7897915432044912,Square
0.8222184747749026,0.8513751421973486,0.8834475030953723,0.8152798318636744,126.32276572075628,1.0085107501008175,0.7970395797071811,Square
0.8235752924297162,0.8010875424039146,0.9163229069541122,0.8185412055391844,125.8459839179957,1.006150071439856,0.8341538501507695,Square
0.872341961804436,0.8442662832290072,0.8889593055563284,0.8610329280730407,122.62268321793253,1.0131342639319316,0.8044943010553408,Square
0.8628129406007041,0.8271628495777421,0.912246350397305,0.8628129406007041,126.15409492947715,0.9987173088194787,0.8244454958755572,Square
0.917318402659737,0.8419282425500282,0.8889732063157637,0.9104766136247089,117.9281081642949,1.007514513753176,0.803828858688396,Square
1.4215095148746666,0.8383793264456953,0.9247969529836906,1.4215095148746666,89.1691739572578,0.9943555936792854,0.8389206429970267,Square
0.7942960814761972,0.8345060132324845,0.9073867912584799,0.7895529905006196,131.94594325728053,1.0060073117734256,0.8383907030325433,Square
0.8694997377855607,0.8244840782114794,0.9157256616422664,0.863763136343751,123.97952987941756,1.0066414057285338,0.8346389679839723,Square
0.8802645169931516,0.8253514164916042,0.9006369011504232,0.8765406877068754,114.37878966784825,1.0042483245084928,0.8100862658716098,Square
0.9117318379860833,0.8212137168173188,0.9184023128922927,0.9117318379860833,115.5364784837312,0.9991255203477571,0.8335527507642652,Square
0.8367439713470619,0.8126736091142595,0.8971721717033443,0.8281735002663566,120.33565387789344,1.0103486420151682,0.8125556967073705,Square
0.872073573249827,0.8201177718404227,0.9016059276858884,0.8710645072737724,125.98965388687301,1.0011584285292634,0.8201533894529033,Square
0.8732049078346393,0.8467159672779606,0.9026052256907587,0.8665179272759459,120.6067809990094,1.007717071220575,0.831497627368728,Square
0.8155573642611127,0.8599515983967899,0.8836779896766067,0.8038850679044381,125.34827204930173,1.0145198571570708,0.8010965476841544,Square
0.8662882918556805,0.8478874427856014,0.8888494862607991,0.8549551751796458,117.22697175597823,1.0132558021812703,0.8129018948363159,Square
1.0975890394561005,0.8463876729948625,0.9287448188325866,1.0975890394561005,119.38727346824359,0.9928497903535913,0.8494327889200738,Square
0.9672454497894791,0.8197246968880968,0.9206859335699116,0.9672454497894791,120.63891010050638,0.9929723307727913,0.8360692044806743,Square
0.8965878541719784,0.8081768873577004,0.9180660633066997,0.8941476525998924,124.6987607895106,1.0027290812261158,0.8237490199981709,Square
0.870400247174195,0.8057882661700686,0.9022183571417186,0.870400247174195,125.47875574119116,0.9939731958763057,0.8040504172433472,Square
0.904823427483822,0.8533663134006844,0.9127890755537058,0.9047650433842738,121.89450355168651,1.0000645295703843,0.8351266648447397,Square
0.9030284082745146,0.8537108169280715,0.8976014886759118,0.8971585427056786,115.63373288538526,1.006542729394443,0.8149829157612332,Square
0.8674472146427031,0.8179781697758715,0.9275595739700336,0.8674472146427031,125.49921216878701,0.995341405355897,0.8418599405336001,Square
0.9602081027871922,0.8224335687576031,0.913152913508613,0.9560937304769416,114.78921273611536,1.0043033148101475,0.8371801276910962,Square
0.858655050849699,0.8573392207049103,0.8926693656317806,0.8500965975865115,122.16665696854658,1.0100676244176081,0.8001084817999773,Square
1.1165141794148294,0.8782730306901951,0.8841002956720981,1.0959228111040318,107.85237843776548,1.0187890680823168,0.7998688454296059,Square
0.7521979809022024,0.8394489263160575,0.8971840132337007,0.7521979809022024,129.01434149166207,0.992500334747503,0.8117265341826371,Square
0.7705403861191942,0.8405507145727091,0.8854348071805679,0.7628966145874894,125.95654854346883,1.0100194068049941,0.7953867052438752,Square
1.2130852566721493,0.848907548718318,0.8985451909873293,1.2002595066176414,92.61481027246354,1.010685814179178,0.8160300003313896,Square
0.8842833935697654,0.8146295634414393,0.9323705388970986,0.8842833935697654,123.41230423036123,0.9983447272263206,0.8480821354366184,Square
1.0583569343970327,0.8335137125343948,0.9167622984348636,1.0545718110227584,111.04668348534103,1.0035892514238582,0.8349006868712843,Square
0.9104431429688982,0.8370369419683573,0.9129169844927552,0.9091158198297152,118.27454447675368,1.0014600154460316,0.8320618576327942,Square
1.215352692084209,0.8669604437073158,0.8868300756706026,1.1978692043705883,103.08674776477861,1.0145954897661864,0.8093991236981125,Square
1.049093240848033,0.8452596660221408,0.902308844381734,1.0446447289122438,111.40227319928131,1.0042583969579986,0.8229557779304472,Square
0.7533837245931236,0.8531052950098083,0.8801862906156233,0.7415249424887971,125.06754308715482,1.0159924251024175,0.7932928784339185,Square
1.1394505071999403,0.8482879947105185,0.9049177386192881,1.1301197023333283,110.43006840529625,1.0082564748206293,0.8318215067746881,Square
0.8431834327711196,0.8676959997097061,0.8920518597391521,0.8313090415687393,118.54961047705818,1.0142839673438082,0.8221845859406796,Square
0.9282541212612049,0.8600979734748327,0.9017689044200398,0.9158874558469274,114.89817018255881,1.0135023854026277,0.8274834490835803,Square
0.875583385420494,0.7970747956062904,0.9132658801386551,0.875583385420494,120.24522206190804,0.9933145454614444,0.812570809580288,Square
0.7787816905237007,0.8742900712019988,0.8606428109146187,0.7664730440941206,124.3240042112601,1.0160588118844118,0.7774414716557885,Square
0.8837826527963526,0.83675039409836,0.9161554732422391,0.8837826527963526,124.73097229550254,0.9941150872379112,0.8381779149776277,Square
0.8721105961321577,0.8160162454942633,0.9041919531104492,0.8667694069573114,121.56995844685646,1.0061621800815466,0.824712589106955,Square
0.9449076818461538,0.8192777189846837,0.914868019380738,0.9374008690316048,116.36189444157955,1.008008113777731,0.8380709046486904,Square
1.0000069936434641,0.821686459112949,0.899007175044587,0.9885803952086002,109.32505327967337,1.0115585929988555,0.8153976734166589,Square
0.9474854476347649,0.8216762322755284,0.9279322012992773,0.9474854476347649,118.10394563862201,0.9922408097308586,0.8473735194411816,Square
0.8937747325636467,0.8199741257148648,0.9145220071610114,0.8937747325636467,115.8358256438433,0.9986322208981534,0.830740249850119,Square
1.3991035132505956,0.8188025872559836,0.9275732868983175,1.3978824678781836,92.31733553958526,1.00087349644943,0.8485305774754762,Square
0.7956816115527611,0.8475574648040276,0.9211679656578249,0.7935152906359244,120.81382081232482,1.002730030463686,0.841452084339834,Square
1.109908636666732,0.8315989664164399,0.8899909921340539,1.1038173943672254,102.17496873848002,1.0055183423731044,0.8051317575148839,Square
0.8349086120424869,0.8129291247503909,0.9089981282760692,0.8349086120424869,126.32531705945811,0.9995465971696973,0.8177508996193534,Square
0.8331598820580316,0.8280822656105423,0.9137348138426472,0.8259328256033588,125.04180713396705,1.0087501746275713,0.8308644601766514,Square
1.1086661585023958,0.8425778326077737,0.903176529171998,1.0935411426833082,103.6947564900072,1.0138312270373058,0.8220264815599966,Square
1.1204543388995223,0.8340633455144274,0.8927490343193522,1.1047385138040995,110.28444834226485,1.0142258325377889,0.8159265371711276,Square
0.8534949569554184,0.8221128322049702,0.9250344296154938,0.8534949569554184,121.09738293361546,0.9947785420956042,0.8401475911657863,Square
1.070718507103346,0.8359750779989398,0.917356646384745,1.070718507103346,111.79765205885825,0.9940201962640366,0.8299348838470363,Square
0.7840810002413389,0.817184687217817,0.9064502741922866,0.7840810002413389,142.85674036395486,0.996874259232784,0.8307758877021252,Square
0.8201837095845026,0.8238244076317198,0.8948772829442364,0.8168174732897957,128.46687335998212,1.0041211609751064,0.805126289546498,Square
0.821601922231458,0.8403563504218896,0.9052975783317305,0.8184801413023194,128.66241850350426,1.003814119331193,0.8178684127403962,Square
0.8101497183072083,0.8420008595182977,0.8955963514288335,0.8030229919765692,130.1411277139679,1.0088748720794374,0.8108214042948659,Square
0.8438474479300784,0.83016086189602,0.9307399266568062,0.8438474479300784,131.43533697317065,0.9949150903558658,0.855558333426608,Square
0.8285926679950572,0.8502386726078202,0.8979445267734281,0.8202543578956558,122.11371523386448,1.010165517585049,0.8196988198586047,Square
0.8580338209367717,0.8499713416851502,0.9011531876703185,0.8552616313047194,138.43284783067878,1.003241335201514,0.8201538665376052,Square
0.8705367093376057,0.8515982122633565,0.8968063839309626,0.860444120390173,124.03241846089725,1.0117295112003977,0.8097002401521123,Square
1.0081865298837878,0.8659213168726293,0.920551300461431,1.0046333404659915,114.48042121872093,1.0035368022090012,0.840128372134705,Square
0.8589099317816996,0.8357377133473756,0.9035007064450857,0.8527423880955285,123.21379222942934,1.0072325989328914,0.804637722041948,Square
0.8330318731306295,0.8568203726850977,0.8770214169686084,0.8179410910841143,122.7736437011928,1.0184497174808929,0.7904291556814814,Square
0.822727617786058,0.8598134218751092,0.8900905267303258,0.8125625900458228,123.9844627541133,1.0125098396908256,0.8181004362824416,Square
1.1398464452145336,0.8356366985945567,0.8916634903492697,1.1351640231651678,107.56227098101542,1.0041248858788792,0.8094071210483805,Square
0.7649496150783611,0.8164196719756965,0.8971774554901589,0.7649496150783611,136.20331124753864,0.9997860453124449,0.8119164946848831,Square
0.9270697758923812,0.8559752942387857,0.896725846379042,0.9227541185715996,115.82359525676172,1.004676930976436,0.8232679501777449,Square
1.5127157590484528,0.8346250345091832,0.9016284097388246,1.5126163528829772,91.92677929854591,1.0000657180290864,0.8144351068064547,Square
1.2054366544893016,0.8412491861493496,0.9083968823297609,1.2026687283775201,102.36243937832211,1.002301486724042,0.8232507192440353,Square
1.1195827426044986,0.8103561747550365,0.930508111331342,1.1195827426044986,116.608277132075,0.9926966447718547,0.8432429944384487,Square
1.1282001961165486,0.8399151175333375,0.9203872723149231,1.1282001961165486,114.11480120800948,0.990807983376595,0.8396973940172932,Square
0.9244539814055605,0.8060557962175791,0.9064233902031995,0.9227592957536817,120.9304828892157,1.0018365414032426,0.8227317379404022,Square
0.938480185496054,0.8273117881761606,0.9125392024511011,0.9309396038432423,121.20257281806654,1.008099968700098,0.8331492596114727,Square
0.7910624156909499,0.8131619865712232,0.9079628374903261,0.7874077091679281,123.58025231955106,1.0046414411244258,0.8106741560048086,Square
1.0033196283946213,0.8235328289086374,0.8797672120930485,0.9970530080008408,116.1508488510184,1.00628514265891,0.7887032953038422,Square
0.834409700671812,0.8071648868008056,0.9260420751362931,0.834409700671812,120.40240674150074,0.9935905962526339,0.8423426332047473,Square
0.8263131501356993,0.8501041750560617,0.8842226380633776,0.8154243045474974,132.13609079873686,1.0133535945979,0.8115694733173199,Square
0.8227982625263943,0.8720215018993274,0.8709865196009685,0.8028253338521449,114.82650795485222,1.024878298967491,0.7794958088322219,Square
1.1477278337563608,0.8260526560468499,0.9200004024182448,1.1477278337563608,110.27579129410537,0.9920218772798939,0.8373389673418722,Square
1.1175335976187666,0.8461083109690745,0.8703075786490173,1.1044923352631488,105.58099087361194,1.011807472029682,0.7797535537891442,Square
0.8646662185114801,0.8089501345187533,0.8983201260665723,0.8646662185114801,130.28594935040317,0.9962621220752788,0.8195011272535644,Square
0.8674554506153136,0.8344302220890244,0.9227921651383548,0.8648564029768752,125.98536770907997,1.0030051782347826,0.842054898150729,Square
0.8722110875621922,0.8151528667151337,0.9041534261707393,0.8722110875621922,118.81733143631726,0.9992717904848194,0.8202787043973867,Square
1.0715477253720158,0.824883421472834,0.9275415501762798,1.0715477253720158,112.30158789907591,0.997982976616538,0.8353241336598656,Square
1.0325942710659441,0.880027531586762,0.8835233134256688,1.0140080764964678,107.75147068395047,1.0183294344495695,0.8030333626259535,Square
1.1242909611038305,0.8435288118705894,0.9012910208048351,1.117387113029701,107.65902322072527,1.006178564253717,0.8213076223336572,Square
0.8937205410760725,0.8420087862737548,0.9040575900100886,0.8922805264661342,121.00944762104415,1.0016138586097372,0.8306444389459685,Square
0.9356811680601961,0.8574496175402356,0.8790885560198612,0.9246700521072159,119.58695277638309,1.011908156782938,0.7950517375306456,Square
1.8450544698619906,0.8139447107236203,0.9259046905941009,1.8427156024854248,79.55734826138037,1.0012692503245815,0.8437991697740962,Square
0.9169710709113011,0.8057723316177362,0.9197833141470186,0.9169710709113011,119.8597099713783,0.9989637828557104,0.829593238787827,Square
1.197774753798962,0.8349572069317107,0.902739880151262,1.179129660710759,102.89336611347537,1.0158125893270837,0.8246826189989627,Square
1.1351674384231103,0.8475540036459347,0.9012056794755559,1.125261868109404,104.90705817306397,1.0088029023238378,0.8190829093719422,Square
0.903450780509671,0.8074577730033382,0.8817471275147912,0.8974755090885798,113.16961079966491,1.0066578657139729,0.7982048947633781,Square
1.1690701638061491,0.8424759239307511,0.8996726663885569,1.1671560979090099,105.60986998994761,1.0016399399365419,0.812538738800898,Square
0.925428590404874,0.8288087128369164,0.9184975610340806,0.9155232983277385,123.43285124961994,1.0108192681663353,0.8441494298355005,Square
1.1316033297539048,0.8460899371781854,0.9157728727228861,1.130495159274963,111.6154527812108,1.0009802522990479,0.8325681693044018,Square
0.9446945019924012,0.8148623394134391,0.906767490891454,0.936614511092183,116.61006326574125,1.0086268051632001,0.8179563813439065,Square
0.90663044405614,0.8310703052354362,0.9240782121795583,0.9007038602864657,136.71967709292645,1.0065799471180121,0.8503870642818115,Square
0.9928628880393481,0.83175365501801,0.8846322092331701,0.9853570946497504,109.86955625770022,1.0076173332798357,0.8053232915869841,Square
0.9366331264749008,0.8231508760067289,0.8945871363154111,0.9322307074509106,118.80514736456831,1.0047224565644572,0.8080968673671556,Square
0.9461540522834018,0.8371777856276018,0.9106152091206363,0.9461540522834018,121.26401134116547,0.9904946914826253,0.8386294464479506,Square
1.1326226218450575,0.8377446069119852,0.9046115299067332,1.1262040692262003,110.23146309284229,1.0056992802585656,0.822953576798665,Square
0.8684450076077576,0.8315283079078364,0.8791546840748196,0.8585997432461132,132.2478842288755,1.0114666518818447,0.8058497788799331,Square
0.9751323615507236,0.8539521478067025,0.8840598503995223,0.9614345988413027,126.08628765742688,1.014247212161835,0.8094786415817962,Square
0.882503963494937,0.8333246530655998,0.9298636023030645,0.882503963494937,125.68059809152415,0.9992599954211526,0.8439311127679818,Square
0.9062826127516876,0.8405558381337656,0.9017118429992653,0.9062826127516876,132.4820911497459,0.9987522236035538,0.8268882385564428,Square
0.7964042927802462,0.8498016642240014,0.9084048329307632,0.7916063013906429,131.58014138913111,1.0060610828655285,0.8248394983873235,Square
1.209538414717475,0.8519138488420457,0.9135829794041941,1.203471816654615,101.44741103514178,1.005040914111079,0.8186940773103881,Square
0.8693752027449195,0.845848700254191,0.8908551315371716,0.8641084591576144,125.26812222332252,1.0060950029264144,0.8137698797897424,Square
0.952535233983112,0.8237889884884465,0.9082212144466928,0.952535233983112,116.66616746872829,0.9964622367740443,0.8229979474885719,Square
0.9886766786581641,0.8300512026306698,0.8941765584323588,0.9843004290048879,117.4062565552188,1.0044460507425568,0.8076101305984295,Square
0.8165064113516749,0.810407001920514,0.915469269506645,0.8138181632956963,122.74497946347492,1.003303253942001,0.8326617525754662,Square
0.7831541507645542,0.8215511636584132,0.8865435727262938,0.7761512905579733,126.5026482282102,1.0090225453359056,0.8018798972023023,Square
0.9822365374828369,0.8344144732640703,0.9318448370866754,0.9822365374828369,128.11219611924963,0.9901589090635049,0.8577238384742013,Square
1.4951153637234722,0.8034515057284282,0.9038054498481148,1.4873094810435559,92.38212030285051,1.0052483244270314,0.8151196843443902,Square
1.0092697828116401,0.8458885310446705,0.900531369191537,1.0020522186655905,113.5080641355197,1.0072027824614382,0.8234595260365629,Square
0.9312673896562293,0.8363499997909811,0.9204313691435599,0.9312673896562293,119.02929293260102,0.9957185300975254,0.8435386597225831,Square
0.8955066579626398,0.8275935483309059,0.8878128420039404,0.8817910230001959,118.0471706959412,1.0155542918953497,0.8022671468300913,Square
1.1666063658050192,0.8006886112856771,0.9036286420218748,1.164326011220871,106.5428783622291,1.0019585189733562,0.8115608338123688,Square
0.942359497147438,0.8432319011296523,0.9158137451631329,0.9370058775737341,113.69974875440371,1.0057135389455256,0.8376800175284853,Square
0.7932843284979599,0.8518163409382693,0.8868719656987522,0.7838120572193209,123.52517275880136,1.0120848756935983,0.8000543386106931,Square
0.8633651083005282,0.8476903018619489,0.9080315980080248,0.8614999213093011,119.16334839558053,1.0021650460378364,0.8281064762216003,Square
0.7135656779249403,0.8389009573459297,0.9034381961627643,0.706998883242656,133.49426364132017,1.0092882674045616,0.8245393018057716,Square
0.9324498381817073,0.7841144023633292,0.9573712237582507,0.9324498381817073,121.66992744251661,0.9821686906968118,0.8681555359385562,Square
1.1782021215967435,0.781151347659144,0.901803626428417,1.1782021215967435,103.11123875810702,0.9931536002093929,0.8029447111558532,Square
0.8101254832680641,0.8146103091219592,0.90853189089424,0.8101254832680641,126.56463753452859,0.9985620645509949,0.8240488495218016,Square
1.0865547998890084,0.8475802908226453,0.8896249191200043,1.0703723727900296,105.62130872393904,1.0151185022244154,0.8148739835960295,Square
1.0384851756916134,0.8257147847282058,0.8970186848271383,1.0253013881677928,111.49754355639004,1.0128584508671934,0.8098408203353461,Square
0.9273608073498204,0.8337443284256429,0.9301353534735707,0.9272557949063959,117.51444093397677,1.000113250781501,0.8573155846572849,Square
0.8270483289164505,0.8215312354098433,0.9070542409567303,0.8270483289164505,123.16300891629328,0.9986479950208019,0.8214932237530306,Square
0.8688992465346397,0.8413956175782558,0.9175212050309852,0.8688992465346397,118.29736423502828,0.9993837372522426,0.8369982730070566,Square
1.5365984927049992,0.8331589542675581,0.9256819974632053,1.5365984927049992,85.75435283095128,0.9990135724205171,0.8487725727467893,Square
0.9502651247885056,0.8392762408447837,0.9282201806421324,0.9502651247885056,114.56668114653449,0.9971643413852576,0.8424327392865358,Square
0.9277916914678888,0.8514729180429185,0.9003074611119777,0.9226662019208498,120.30232810698907,1.0055550853996478,0.8250334519494201,Square
0.9578132748913238,0.8412244777014786,0.9026094857509459,0.9536333162819244,112.108700413808,1.0043831927199194,0.8216648331699834,Square
0.8564852541654213,0.8585690929775154,0.8887024360629712,0.845929952439213,134.10200776309665,1.0124777491277763,0.811532466441126,Square
0.9810742901738954,0.8319880216276097,0.9226808209044657,0.9784178615163676,119.67988172401272,1.0027150246965144,0.832216430804345,Square
0.8811587828074032,0.8514946265875155,0.8992272034447705,0.8728192690265796,110.76083890436075,1.0095546856912592,0.8219617837495342,Square
0.8022438414151511,0.8728168142448984,0.8966003463898586,0.7991656224560229,120.39511710122143,1.0038517910088127,0.8121782435891525,Square
1.0334477557730488,0.8315986811773449,0.8586289801915953,1.023168343922766,108.02035729366008,1.0100466476619794,0.766273432390219,Square
0.966644266756603,0.8358777339436589,0.8963014206053389,0.9619307046750563,117.28980130943559,1.004900105650686,0.8218762127131681,Square
1.1784935531657685,0.8241790366553886,0.9096682765593447,1.173999540790385,108.78496686572541,1.0038279507097234,0.8242106079891849,Square
1.58663556657779,0.8533770016846831,0.887073551256874,1.5698420935928672,86.96185568670124,1.0106975555397983,0.8026524445109833,Square
0.971990024476506,0.8268165549627656,0.8891249753930207,0.95875860560845,119.66050117909475,1.0138005737738947,0.8074902598520697,Square
0.860632537365374,0.8279364303517504,0.8854735226406159,0.8471337502705162,118.32163264315956,1.0159346585949944,0.8007472077887122,Square
0.9778023922838887,0.8348955823548062,0.8996205120914361,0.9674291162405497,110.46341004091792,1.0107225179283932,0.8138360334440612,Square
1.060748181387779,0.8273481762171847,0.8867027033703334,1.0586949730918924,117.13081064726582,1.0019393766363982,0.8028128377112603,Square
0.8916224678403912,0.7775316121836621,0.9122882231473503,0.8916224678403912,114.84674989588132,0.9951337162159679,0.8247295059664447,Square
0.8370670347627822,0.8334791766244197,0.9109707165018777,0.8276971195154145,119.1833532480529,1.011320463761978,0.8201178282371888,Square
0.864224049926401,0.842985096828211,0.8886625471427381,0.85545555823049,125.49272925829038,1.010250084427587,0.8162487974446893,Square
0.849679022117206,0.815723602394799,0.8794448091987566,0.8415833391492133,112.90004805579211,1.009619585597045,0.7888531365544628,Square
0.9072087276700465,0.8310771610666278,0.890907904240133,0.900628054904581,118.74914215375807,1.0073067596880076,0.8040340754180352,Square
0.9919378538312187,0.8478346571157205,0.8984327250241799,0.9774360286299049,111.82687248544991,1.014836597768594,0.8069197820584164,Square
0.9810433013549615,0.8083238500044561,0.9114909184852191,0.9775099297026956,109.42386695157217,1.0036146657388336,0.8288066561139965,Square
0.9616376890654482,0.8544680518256971,0.8915120668033746,0.9571854504210663,112.66284251546467,1.004651385624827,0.8036449109092338,Square
0.9597348718574455,0.8258548764406131,0.9176087535933193,0.9586091222441313,115.87219884473164,1.0011743572924476,0.8458314865164522,Square
0.9249353254701842,0.8140573575890754,0.9077980204039044,0.9249353254701842,114.21109835603794,0.9988796026714661,0.8202243905789105,Square
1.2081974724641276,0.863390305703698,0.8869603024553535,1.1890967645717088,99.4912363227452,1.016063207353271,0.8128614011438087,Square
0.906788766251181,0.8316942356339906,0.9249578995462432,0.9047870415497542,129.01839250613466,1.0022123710989472,0.8344738700500453,Square
1.1768719073534923,0.8071406332802705,0.912772725562328,1.1768719073534923,123.21516623356338,0.9971089762139895,0.8296633061540704,Square
0.9799395259787688,0.8583179630888467,0.8972590585007638,0.97731589974146,114.94897885197865,1.0026845222082263,0.8240691288051432,Square
1.009411110680473,0.8562586244526568,0.9022554757000845,1.0075829479529126,108.24632087328231,1.0018144041949844,0.8224225045513168,Square
1.0227347041683734,0.8804772900337645,0.8973600058707101,1.0088763315722467,115.19095437538094,1.0137364433701501,0.8260404696036936,Square
1.0804895507514916,0.856895326421756,0.8859268216187137,1.0702499474013807,105.65941122142442,1.009567487833074,0.8098451729732161,Square
0.9950306317201755,0.8458731262962869,0.9023665745885812,0.9880730150439125,109.70923447176388,1.007041601754455,0.8260771842488338,Square
0.9883485822744604,0.8627139312350242,0.8857596867888718,0.9746010663684816,109.17648827726819,1.014105787876063,0.8043115439156406,Square
1.1390558319228943,0.8741686386616127,0.9048370502064598,1.1378674543152638,105.7350008246384,1.0010443901907236,0.8294158761354501,Square
1.0024803518980907,0.8674115618251061,0.8697433558635915,0.9897440829376604,108.89861801651038,1.0128682446098871,0.7846754049153082,Square
0.8860964104640782,0.8548443939526698,0.9057173055249691,0.8803327934804016,112.59748788012446,1.006547088812732,0.8236264200595302,Square
0.9360537460924853,0.8611900469468506,0.9045889113142077,0.9351317125282481,116.10293011103954,1.0009859932583662,0.8317534416932412,Square
0.9791893615014992,0.8550574158181232,0.8929232269486387,0.9651279036494675,113.68638917424566,1.014569527830312,0.8145281908610409,Square
1.23689333170369,0.8457062165492427,0.8972285364053857,1.2275380787918169,94.52702655551646,1.0076211508820003,0.8157180708507369,Square
0.8351431917252411,0.8166975435224998,0.9275091039253051,0.8351431917252411,128.6661675224683,0.9984185388018428,0.8386188518926747,Square
0.876821799333657,0.8470961484800763,0.8766581485536695,0.8667427386986575,122.83227186905478,1.011628664637136,0.7904138047354525,Square
0.8381101646945955,0.8265235029414372,0.9153556856416585,0.8367475111549905,139.89535772590582,1.0016285122111976,0.8401541498819748,Square
0.7483824109671908,0.837119006365014,0.8925007200091294,0.7393421240968986,135.08458459732293,1.0122274743662616,0.81673903212473,Square
0.8319537311382412,0.8578689252614227,0.8817677233552913,0.8258634530122967,136.88236132003766,1.0073744371466378,0.802780242026741,Square
0.9014236862719837,0.8661856906421361,0.8822194716991533,0.8922326321297281,120.44968168924741,1.010301185824505,0.797394070857679,Square
0.8177875955242204,0.8622859621630774,0.878822412125653,0.8019168409139145,127.94546122371504,1.019791022959711,0.7998170476793589,Square
1.1723234812486738,0.8486582313842292,0.8971465262936946,1.165919083708269,109.69726507959061,1.0054930034424305,0.8181316191186906,Square
1.0375707788864363,0.8300307283946292,0.942836889316484,1.0375707788864363,118.07835791881627,0.9890661409385796,0.8699497751707431,Square
0.8868717009887717,0.862450281322359,0.8953529337094217,0.8821725897704561,116.30859498361768,1.0053267481588135,0.8150971791006182,Square
0.9459749363502138,0.8338366167254776,0.930708472280969,0.9459749363502138,119.30433778452077,0.9963377050321948,0.8506155487689081,Square
0.7862336645244771,0.8333573775775129,0.9080169544257053,0.7823625536162778,128.7375342174556,1.0049479757055166,0.8247318353011827,Square
0.8027242340973929,0.8405130908426603,0.8858919253149593,0.7868172590844655,121.40999118738797,1.020216860813954,0.8060404009904875,Square
0.9027725426689956,0.8212435962696506,0.9230989928717199,0.9027725426689956,130.87208357254022,0.9938186801620609,0.8520068652688192,Square
0.9383215133171788,0.8337709678354005,0.8929414884414488,0.9276809192479006,117.79337239456372,1.011470101247641,0.812934358922177,Square
0.8974401289830155,0.8402261189346131,0.9022947509936365,0.88974518189973,119.69059155287603,1.0086484841276193,0.8215209979512785,Square
0.9074280654041135,0.8322596581216338,0.9250573543188959,0.9074280654041135,122.52146249042707,0.9957624668272537,0.853921967116217,Square
0.9015766081325153,0.8543250251557939,0.9081679085906106,0.9001833105193429,118.39966747959747,1.0015477932071064,0.8188427037310607,Square
1.1353088193417926,0.8475327651514883,0.9171351566713084,1.1353088193417926,113.88544509295585,0.9978781973799922,0.8329489545429059,Square
0.8350150100915794,0.8593387846085545,0.8853482021967646,0.8231112803686106,118.06033852839565,1.014461871689619,0.8176066373355683,Square
